account_id,label,transaction_count,total_sent,total_received,average_sent,average_received,active_days,transactions_per_active_day,first_transaction_time,last_transaction_time,activity_span_hours,in_degree,out_degree,total_degree,reciprocity,community_size,internal_degree,shared_device_count,shared_ip_count,shared_address_count,shared_payment_count,multi_signal_link_count
ACC_00001,1,51,89576.59,44747.75,2714.44,2485.99,23,2.22,2026-01-02T19:34:00,2026-01-30T21:57:00,674.38,14,18,32,0.5,800,32,5,4,5,2,6
ACC_00002,1,33,32419.6,38426.39,2161.31,2134.8,19,1.74,2026-01-01T02:21:00,2026-01-30T19:34:00,713.22,11,13,24,0.25,800,24,5,4,5,0,5
ACC_00003,1,41,35923.42,47344.12,2113.14,1972.67,22,1.86,2026-01-02T22:47:00,2026-01-30T07:03:00,656.27,17,9,26,0.4615,800,26,5,4,0,2,4
ACC_00004,1,31,23332.01,75299.67,3333.14,3137.49,18,1.72,2026-01-02T19:34:00,2026-01-30T21:52:00,674.3,14,4,18,0.3333,800,18,5,0,5,0,4
ACC_00005,1,39,41840.68,74034.69,2092.03,3896.56,24,1.62,2026-01-01T00:37:00,2026-01-30T17:44:00,713.12,9,11,20,0.5,800,20,0,4,0,2,2
ACC_00006,1,45,70483.72,52423.37,3064.51,2382.88,21,2.14,2026-01-02T03:11:00,2026-01-30T06:29:00,675.3,16,14,30,0.4667,800,30,0,0,5,0,0
ACC_00007,1,42,67383.36,64270.29,3062.88,3213.51,25,1.68,2026-01-01T00:37:00,2026-01-29T10:59:00,682.37,13,12,25,0.48,800,25,5,4,5,0,5
ACC_00008,1,43,40491.93,60911.53,2530.75,2255.98,22,1.95,2026-01-03T03:27:00,2026-01-30T02:38:00,647.18,17,11,28,0.2143,800,28,5,0,5,0,4
ACC_00009,1,41,37871.45,53939.81,1993.23,2451.81,21,1.95,2026-01-01T17:05:00,2026-01-30T21:48:00,700.72,11,17,28,0.4286,800,28,3,4,4,0,3
ACC_00010,1,50,82554.89,51327.44,2846.72,2444.16,24,2.08,2026-01-01T12:31:00,2026-01-30T21:48:00,705.28,14,12,26,0.6154,800,26,3,4,4,0,3
ACC_00011,1,47,59816.83,58334.94,2718.95,2333.4,23,2.04,2026-01-01T18:48:00,2026-01-30T23:40:00,700.87,14,16,30,0.4667,800,30,3,4,0,4,4
ACC_00012,1,43,53507.78,36000.56,2057.99,2117.68,22,1.95,2026-01-05T00:44:00,2026-01-30T07:34:00,606.83,12,19,31,0.3871,800,31,3,0,4,0,2
ACC_00013,1,50,58204.84,52756.16,2328.19,2110.25,27,1.85,2026-01-02T01:06:00,2026-01-30T21:29:00,692.38,17,14,31,0.4516,800,31,0,4,0,4,2
ACC_00014,1,50,34883.08,75017.92,1453.46,2885.3,23,2.17,2026-01-02T00:25:00,2026-01-30T20:41:00,692.27,16,12,28,0.4286,800,28,0,0,4,4,1
ACC_00015,1,35,50760.94,32039.22,2538.05,2135.95,22,1.59,2026-01-01T15:59:00,2026-01-30T16:46:00,696.78,9,14,23,0.5217,800,23,0,4,0,4,2
ACC_00016,1,38,51986.77,35706.62,2363.04,2231.66,23,1.65,2026-01-01T12:31:00,2026-01-30T13:42:00,697.18,12,17,29,0.4138,800,29,0,0,4,4,1
ACC_00017,1,42,35847.41,39833.16,1629.43,1991.66,23,1.83,2026-01-01T12:45:00,2026-01-30T18:46:00,702.02,9,16,25,0.4,800,25,6,4,3,3,6
ACC_00018,1,53,57068.96,65562.4,2194.96,2428.24,26,2.04,2026-01-02T06:19:00,2026-01-30T10:54:00,676.58,17,17,34,0.3529,800,34,6,4,3,0,5
ACC_00019,1,61,96416.05,61268.59,2678.22,2450.74,25,2.44,2026-01-02T05:00:00,2026-01-30T10:00:00,677.0,17,14,31,0.4516,800,31,6,4,0,3,4
ACC_00020,1,38,51642.16,48044.92,3037.77,2287.85,20,1.9,2026-01-01T10:08:00,2026-01-30T04:39:00,690.52,14,12,26,0.3077,800,26,6,0,3,0,3
ACC_00021,1,43,65713.23,40985.52,2628.53,2276.97,23,1.87,2026-01-01T10:13:00,2026-01-30T17:44:00,703.52,12,15,27,0.3704,800,27,0,4,0,3,3
ACC_00022,1,45,34104.23,71085.82,1794.96,2734.07,23,1.96,2026-01-01T11:24:00,2026-01-30T18:46:00,703.37,15,14,29,0.3448,800,29,6,4,0,3,4
ACC_00023,1,33,41087.77,56023.62,2739.18,3112.42,20,1.65,2026-01-01T12:47:00,2026-01-30T17:44:00,700.95,15,14,29,0.069,800,29,6,0,0,0,0
ACC_00024,1,45,57457.84,34815.79,2736.09,1450.66,23,1.96,2026-01-01T10:08:00,2026-01-30T06:52:00,692.73,14,14,28,0.2857,800,28,6,0,3,0,3
ACC_00025,1,44,44424.83,47931.48,1931.51,2282.45,25,1.76,2026-01-01T09:24:00,2026-01-30T15:44:00,702.33,16,14,30,0.4,800,30,4,6,4,2,7
ACC_00026,1,44,69480.4,56190.65,2895.02,2809.53,25,1.76,2026-01-01T08:07:00,2026-01-30T17:27:00,705.33,12,11,23,0.6087,800,23,4,6,4,0,6
ACC_00027,1,47,55564.21,55064.2,2315.18,2394.1,24,1.96,2026-01-01T14:09:00,2026-01-29T20:31:00,678.37,16,14,30,0.3333,800,30,4,6,0,0,3
ACC_00028,1,44,46856.1,77013.81,2466.11,3080.55,24,1.83,2026-01-01T06:25:00,2026-01-30T17:27:00,707.03,17,13,30,0.2667,800,30,4,0,4,0,2
ACC_00029,1,37,50274.42,56361.1,2957.32,2818.05,25,1.48,2026-01-01T04:02:00,2026-01-30T19:53:00,711.85,15,12,27,0.4444,800,27,1,6,0,2,2
ACC_00030,1,48,36387.11,69123.29,2021.51,2304.11,25,1.92,2026-01-01T07:35:00,2026-01-29T18:22:00,682.78,15,12,27,0.3704,800,27,1,6,4,2,4
ACC_00031,1,47,66953.04,46244.58,2678.12,2102.03,23,2.04,2026-01-02T21:21:00,2026-01-30T19:27:00,670.1,14,14,28,0.4286,800,28,0,6,4,1,4
ACC_00032,1,50,61362.39,59806.67,2789.2,2135.95,23,2.17,2026-01-01T09:28:00,2026-01-30T15:44:00,702.27,20,17,37,0.4865,800,37,4,6,0,1,4
ACC_00033,1,37,31536.71,30151.16,1752.04,1586.9,20,1.85,2026-01-01T01:32:00,2026-01-29T21:57:00,692.42,14,9,23,0.6087,800,23,5,4,3,3,6
ACC_00034,1,48,71284.95,78261.09,3751.84,2698.66,23,2.09,2026-01-02T07:34:00,2026-01-29T15:15:00,655.68,17,15,32,0.5,800,32,5,4,3,0,4
ACC_00035,1,39,54621.05,18391.59,2184.84,1313.68,23,1.7,2026-01-01T14:53:00,2026-01-30T05:16:00,686.38,11,16,27,0.3704,800,27,5,4,0,3,4
ACC_00036,1,50,65619.46,50300.42,2523.83,2095.85,26,1.92,2026-01-02T01:06:00,2026-01-30T13:20:00,684.23,18,15,33,0.4848,800,33,5,0,3,0,2
ACC_00037,1,35,46329.91,39803.63,3088.66,1990.18,24,1.46,2026-01-01T23:17:00,2026-01-30T18:33:00,691.27,14,14,28,0.5,800,28,0,4,0,3,2
ACC_00038,1,40,50001.72,54735.17,2631.67,2606.44,26,1.54,2026-01-01T01:32:00,2026-01-30T20:44:00,715.2,16,14,30,0.5333,800,30,5,0,0,0,0
ACC_00039,1,52,62012.41,70736.05,2296.76,2829.44,26,2.0,2026-01-02T01:17:00,2026-01-30T13:20:00,684.05,16,16,32,0.5,800,32,0,4,3,0,2
ACC_00040,1,45,46912.38,59778.99,2039.67,2717.23,21,2.14,2026-01-02T11:29:00,2026-01-30T20:44:00,681.25,13,18,31,0.5161,800,31,5,0,0,3,2
ACC_00041,1,55,46554.77,78317.89,1862.19,2610.6,25,2.2,2026-01-02T08:28:00,2026-01-29T20:25:00,659.95,15,19,34,0.4706,800,34,4,6,4,4,7
ACC_00042,1,44,50411.45,42799.33,2191.8,2038.06,22,2.0,2026-01-05T18:15:00,2026-01-30T13:12:00,594.95,14,15,29,0.3448,800,29,0,6,4,0,3
ACC_00043,1,46,61139.52,46812.36,2547.48,2127.83,23,2.0,2026-01-01T12:45:00,2026-01-30T21:57:00,705.2,16,14,30,0.4,800,30,4,6,0,4,5
ACC_00044,1,45,50934.35,53395.61,2037.37,2669.78,25,1.8,2026-01-01T09:46:00,2026-01-29T02:25:00,664.65,13,15,28,0.4286,800,28,4,0,4,0,2
ACC_00045,1,43,76378.33,34694.53,2937.63,2040.85,24,1.79,2026-01-02T08:28:00,2026-01-30T04:40:00,668.2,12,15,27,0.3704,800,27,0,6,0,4,4
ACC_00046,1,46,54660.44,59575.76,3215.32,2054.34,22,2.09,2026-01-01T18:42:00,2026-01-30T07:06:00,684.4,14,11,25,0.4,800,25,4,6,4,0,6
ACC_00047,1,56,62227.44,99249.49,2393.36,3308.32,25,2.24,2026-01-01T12:57:00,2026-01-30T19:27:00,702.5,19,17,36,0.3333,800,36,0,6,4,4,6
ACC_00048,1,35,39147.31,31282.85,2060.38,1955.18,22,1.59,2026-01-01T12:03:00,2026-01-29T12:50:00,672.78,10,11,21,0.4762,800,21,4,6,0,4,5
ACC_00049,1,50,84065.24,35354.53,3233.28,1473.11,23,2.17,2026-01-02T16:57:00,2026-01-30T16:08:00,671.18,13,13,26,0.4615,800,26,5,5,2,4,7
ACC_00050,1,50,73149.54,35623.86,2438.32,1781.19,26,1.92,2026-01-01T09:46:00,2026-01-30T04:10:00,690.4,15,24,39,0.2564,800,39,5,5,2,0,4
ACC_00051,1,44,64681.0,49573.09,2395.59,2916.06,25,1.76,2026-01-01T03:10:00,2026-01-30T17:44:00,710.57,14,18,32,0.375,800,32,5,5,0,4,6
ACC_00052,1,54,49525.95,66438.29,2153.3,2143.17,25,2.16,2026-01-01T11:13:00,2026-01-30T22:48:00,707.58,20,15,35,0.3429,800,35,5,0,2,0,2
ACC_00053,1,46,53063.29,73597.72,2653.16,2830.68,23,2.0,2026-01-01T21:44:00,2026-01-30T19:05:00,693.35,14,16,30,0.4,800,30,0,5,0,4,3
ACC_00054,1,40,31274.09,65846.44,1954.63,2743.6,23,1.74,2026-01-01T14:09:00,2026-01-30T11:51:00,693.7,15,12,27,0.4444,800,27,0,5,0,4,3
ACC_00055,1,44,51147.32,51524.88,2223.8,2453.57,27,1.63,2026-01-01T02:59:00,2026-01-30T22:48:00,715.82,13,12,25,0.4,800,25,5,0,0,4,2
ACC_00056,1,52,41692.2,71408.95,1667.69,2644.78,24,2.17,2026-01-01T01:50:00,2026-01-30T16:08:00,710.3,19,15,34,0.5294,800,34,5,5,0,0,3
ACC_00057,1,37,38600.6,57914.49,2412.54,2757.83,23,1.61,2026-01-01T16:40:00,2026-01-28T22:11:00,653.52,12,13,25,0.32,800,25,4,3,5,3,6
ACC_00058,1,42,41834.36,44896.1,1818.89,2362.95,20,2.1,2026-01-02T03:52:00,2026-01-30T15:58:00,684.1,12,14,26,0.3077,800,26,4,3,5,0,4
ACC_00059,1,42,60802.28,83013.14,3040.11,3773.32,20,2.1,2026-01-01T23:35:00,2026-01-28T23:41:00,648.1,10,17,27,0.4444,800,27,4,3,0,3,3
ACC_00060,1,49,71726.0,68650.79,2473.31,3432.54,24,2.04,2026-01-01T23:35:00,2026-01-30T21:52:00,694.28,13,17,30,0.4,800,30,4,0,5,0,3
ACC_00061,1,59,71263.88,65399.03,2159.51,2515.35,23,2.57,2026-01-01T16:40:00,2026-01-30T23:40:00,703.0,16,23,39,0.3077,800,39,2,3,0,3,3
ACC_00062,1,43,41350.19,58827.1,2432.36,2262.58,24,1.79,2026-01-01T09:50:00,2026-01-29T18:50:00,681.0,20,11,31,0.3871,800,31,2,0,5,0,1
ACC_00063,1,41,65203.82,31191.39,2963.81,1641.65,22,1.86,2026-01-01T04:52:00,2026-01-28T23:41:00,666.82,14,18,32,0.3125,800,32,2,0,5,3,3
ACC_00064,1,46,56046.81,51091.06,2241.87,2432.91,26,1.77,2026-01-01T04:02:00,2026-01-30T21:58:00,713.93,17,12,29,0.3448,800,29,4,0,5,0,3
ACC_00065,1,40,29089.13,63494.76,1454.46,3174.74,20,2.0,2026-01-02T15:50:00,2026-01-30T18:23:00,674.55,11,10,21,0.381,800,21,6,4,3,3,7
ACC_00066,1,30,28168.99,24673.7,2166.85,1451.39,19,1.58,2026-01-01T08:39:00,2026-01-27T23:54:00,639.25,11,12,23,0.2609,800,23,6,4,0,0,3
ACC_00067,1,38,45059.22,64033.48,2503.29,3201.67,23,1.65,2026-01-01T12:03:00,2026-01-30T22:58:00,706.92,14,12,26,0.3846,800,26,6,4,0,3,5
ACC_00068,1,35,25859.24,39095.63,1989.17,1777.07,20,1.75,2026-01-04T09:11:00,2026-01-29T17:41:00,608.5,10,11,21,0.381,800,21,6,0,3,0,3
ACC_00069,1,42,73757.32,23208.2,2458.58,1934.02,22,1.91,2026-01-01T18:25:00,2026-01-30T09:11:00,686.77,9,16,25,0.48,800,25,0,4,0,3,2
ACC_00070,1,62,77203.09,56549.62,2270.68,2019.63,28,2.21,2026-01-01T00:55:00,2026-01-30T18:23:00,713.47,15,15,30,0.3333,800,30,6,0,3,1,3
ACC_00071,1,44,55171.62,62740.52,2758.58,2614.19,22,2.0,2026-01-03T01:15:00,2026-01-29T11:10:00,633.92,16,15,31,0.3871,800,31,6,4,3,1,5
ACC_00072,1,43,44399.51,49614.54,2018.16,2362.6,23,1.87,2026-01-03T21:54:00,2026-01-30T22:58:00,649.07,15,16,31,0.3871,800,31,6,0,0,3,2
ACC_00073,1,44,72855.97,50847.9,2802.15,2824.88,25,1.76,2026-01-01T02:01:00,2026-01-30T11:18:00,705.28,12,20,32,0.375,800,32,4,6,4,3,7
ACC_00074,1,48,68547.75,66218.12,2636.45,3009.91,25,1.92,2026-01-01T17:41:00,2026-01-30T15:58:00,694.28,17,18,35,0.3429,800,35,4,6,4,0,6
ACC_00075,1,38,42873.48,33141.21,2679.59,1506.42,22,1.73,2026-01-01T00:55:00,2026-01-30T21:58:00,717.05,13,11,24,0.25,800,24,4,6,0,3,5
ACC_00076,1,43,88113.83,53144.15,3388.99,3126.13,24,1.79,2026-01-01T23:57:00,2026-01-30T12:32:00,684.58,12,13,25,0.48,800,25,4,0,4,0,2
ACC_00077,1,40,60444.2,75988.11,4029.61,3039.52,23,1.74,2026-01-01T02:01:00,2026-01-29T23:20:00,693.32,18,13,31,0.4516,800,31,0,6,0,3,3
ACC_00078,1,47,83429.76,64272.04,3089.99,3213.6,26,1.81,2026-01-01T08:18:00,2026-01-30T19:34:00,707.27,14,17,31,0.3871,800,31,4,6,0,0,3
ACC_00079,1,36,42387.83,56169.93,2649.24,2808.5,19,1.89,2026-01-02T21:42:00,2026-01-30T16:41:00,666.98,13,11,24,0.5833,800,24,0,6,4,0,3
ACC_00080,1,45,39015.01,70092.04,2295.0,2503.29,25,1.8,2026-01-01T12:14:00,2026-01-30T16:41:00,700.45,19,14,33,0.4242,800,33,0,6,4,3,5
ACC_00081,1,56,80972.3,49670.58,2612.01,1986.82,28,2.0,2026-01-01T00:21:00,2026-01-30T11:18:00,706.95,14,20,34,0.4118,800,34,5,4,4,4,7
ACC_00082,1,43,30535.21,59235.25,1796.19,2278.28,21,2.05,2026-01-01T08:42:00,2026-01-29T18:31:00,681.82,16,12,28,0.5714,800,28,0,4,4,0,2
ACC_00083,1,46,43057.25,58978.1,1957.15,2457.42,23,2.0,2026-01-02T15:55:00,2026-01-29T16:17:00,648.37,16,11,27,0.4444,800,27,5,4,0,4,5
ACC_00084,1,46,67602.09,73743.11,3072.82,3072.63,22,2.09,2026-01-01T07:41:00,2026-01-30T09:48:00,698.12,13,14,27,0.5185,800,27,5,0,4,0,3
ACC_00085,1,48,65635.5,59807.5,2263.29,3147.76,25,1.92,2026-01-01T08:39:00,2026-01-30T10:15:00,697.6,13,21,34,0.4118,800,34,0,4,0,4,2
ACC_00086,1,35,24099.78,50766.77,1721.41,2417.47,20,1.75,2026-01-02T02:26:00,2026-01-30T00:20:00,669.9,14,11,25,0.48,800,25,5,4,4,0,5
ACC_00087,1,53,78823.03,41037.15,2463.22,1954.15,26,2.04,2026-01-01T00:21:00,2026-01-30T19:53:00,715.53,14,16,30,0.6,800,30,5,0,4,4,5
ACC_00088,1,32,50165.71,29848.3,2640.3,2296.02,18,1.78,2026-01-01T01:07:00,2026-01-29T20:15:00,691.13,10,13,23,0.1739,800,23,5,0,0,4,3
ACC_00089,1,49,61503.46,69217.68,2365.52,3009.46,25,1.96,2026-01-01T13:52:00,2026-01-30T20:41:00,702.82,17,14,31,0.3226,800,31,0,4,4,5,5
ACC_00090,1,36,36386.55,49093.97,1915.08,2887.88,22,1.64,2026-01-01T13:27:00,2026-01-29T09:32:00,668.08,13,14,27,0.5926,800,27,3,4,4,0,4
ACC_00091,1,32,57345.24,29030.98,3185.85,2073.64,23,1.39,2026-01-01T01:50:00,2026-01-30T17:44:00,711.9,11,12,23,0.3478,800,23,3,4,1,5,5
ACC_00092,1,36,79603.55,35476.59,4189.66,2086.86,23,1.57,2026-01-01T14:14:00,2026-01-30T10:17:00,692.05,8,12,20,0.6,800,20,3,0,4,0,1
ACC_00093,1,52,63612.63,48597.07,2120.42,2208.96,23,2.26,2026-01-01T21:44:00,2026-01-30T10:17:00,684.55,13,14,27,0.4444,800,27,0,4,1,5,3
ACC_00094,1,50,27374.13,109757.95,1824.94,3135.94,23,2.17,2026-01-01T03:06:00,2026-01-30T11:05:00,703.98,20,11,31,0.3871,800,31,0,0,4,5,2
ACC_00095,1,42,53362.01,88626.45,3335.13,3408.71,22,1.91,2026-01-01T13:27:00,2026-01-29T13:04:00,671.62,18,10,28,0.5,800,28,0,4,4,5,5
ACC_00096,1,49,71255.06,49430.68,2968.96,1977.23,23,2.13,2026-01-01T13:52:00,2026-01-29T19:36:00,677.73,14,16,30,0.6,800,30,3,0,0,5,1
ACC_00097,1,44,47501.32,32833.48,2065.27,1563.5,25,1.76,2026-01-01T07:21:00,2026-01-30T02:03:00,690.7,12,16,28,0.2857,800,28,3,5,3,5,6
ACC_00098,1,44,38728.64,42409.43,2278.16,1570.72,24,1.83,2026-01-01T17:30:00,2026-01-30T00:06:00,678.6,19,15,34,0.3529,800,34,3,5,3,0,3
ACC_00099,1,44,48633.36,63330.71,2559.65,2533.23,21,2.1,2026-01-01T11:24:00,2026-01-29T03:37:00,664.22,16,12,28,0.3571,800,28,3,5,0,5,5
ACC_00100,1,44,45614.25,89522.72,2280.71,3730.11,20,2.2,2026-01-01T20:43:00,2026-01-30T07:13:00,682.5,12,12,24,0.5833,800,24,3,0,0,0,0
ACC_00101,1,46,69202.97,43019.25,2661.65,2150.96,22,2.09,2026-01-01T13:42:00,2026-01-30T01:44:00,684.03,15,17,32,0.3125,800,32,0,5,0,5,4
ACC_00102,1,33,39479.59,57857.34,2077.87,4132.67,18,1.83,2026-01-05T19:08:00,2026-01-30T20:15:00,601.12,11,11,22,0.4545,800,22,0,0,3,5,2
ACC_00103,1,43,87087.6,22965.17,3349.52,1350.89,20,2.15,2026-01-01T15:08:00,2026-01-29T17:54:00,674.77,12,16,28,0.4286,800,28,0,5,3,5,6
ACC_00104,1,40,57663.89,44243.76,2621.09,2457.99,23,1.74,2026-01-01T07:21:00,2026-01-30T07:13:00,695.87,11,15,26,0.3846,800,26,0,5,0,5,4
ACC_00105,1,47,51238.32,79181.85,2846.57,2730.41,28,1.68,2026-01-01T12:46:00,2026-01-30T00:45:00,683.98,18,14,32,0.375,800,32,5,5,4,3,7
ACC_00106,1,47,54490.46,47690.64,2018.17,2384.53,24,1.96,2026-01-01T09:04:00,2026-01-30T14:17:00,701.22,16,15,31,0.4516,800,31,0,5,4,0,2
ACC_00107,1,48,59928.45,75986.53,3154.13,2620.23,23,2.09,2026-01-01T00:16:00,2026-01-30T15:01:00,710.75,16,14,30,0.6,800,30,5,5,0,3,5
ACC_00108,1,48,59472.04,45999.72,2124.0,2299.99,22,2.18,2026-01-01T08:00:00,2026-01-30T21:11:00,709.18,13,18,31,0.5161,800,31,5,0,4,0,3
ACC_00109,1,37,64826.04,27916.39,2946.64,1861.09,19,1.95,2026-01-01T00:38:00,2026-01-30T22:14:00,717.6,11,11,22,0.4545,800,22,0,5,0,3,2
ACC_00110,1,37,61181.44,33909.95,2780.97,2260.66,23,1.61,2026-01-01T19:05:00,2026-01-29T20:19:00,673.23,11,15,26,0.3846,800,26,5,5,0,0,3
ACC_00111,1,37,53071.23,51186.5,3121.84,2559.32,18,2.06,2026-01-01T12:23:00,2026-01-30T22:14:00,705.85,14,14,28,0.3571,800,28,5,0,4,3,4
ACC_00112,1,56,50712.89,104592.43,2204.91,3169.47,25,2.24,2026-01-01T00:16:00,2026-01-30T13:45:00,709.48,24,16,40,0.35,800,40,5,5,4,0,6
ACC_00113,1,44,70699.03,45670.79,2827.96,2403.73,23,1.91,2026-01-01T01:11:00,2026-01-30T12:40:00,707.48,13,11,24,0.4167,800,24,4,3,5,5,7
ACC_00114,1,53,66904.68,71643.33,2676.19,2558.69,27,1.96,2026-01-01T02:40:00,2026-01-29T00:28:00,669.8,20,17,37,0.3784,800,37,4,3,5,0,4
ACC_00115,1,39,42607.17,64862.97,2840.48,2702.62,22,1.77,2026-01-01T18:58:00,2026-01-30T20:44:00,697.77,16,13,29,0.4138,800,29,4,3,0,5,4
ACC_00116,1,38,41059.39,63691.72,2052.97,3538.43,18,2.11,2026-01-01T06:37:00,2026-01-30T11:28:00,700.85,12,16,28,0.2857,800,28,4,0,5,0,3
ACC_00117,1,48,87767.08,30645.18,2507.63,2357.32,25,1.92,2026-01-01T15:09:00,2026-01-30T19:09:00,700.0,10,17,27,0.3704,800,27,0,3,0,5,2
ACC_00118,1,56,63914.55,58796.3,2282.66,2099.87,24,2.33,2026-01-01T02:40:00,2026-01-30T19:09:00,712.48,13,16,29,0.4138,800,29,0,0,5,5,3
ACC_00119,1,43,35646.69,76698.24,2546.19,2644.77,22,1.95,2026-01-02T14:02:00,2026-01-29T00:28:00,634.43,15,11,26,0.3846,800,26,4,0,5,5,6
ACC_00120,1,42,82860.83,79503.05,4143.04,3613.78,23,1.83,2026-01-01T12:26:00,2026-01-30T11:10:00,694.73,12,14,26,0.4615,800,26,0,0,5,5,3
ACC_00121,1,48,54088.45,68429.13,2846.76,2359.63,25,1.92,2026-01-01T00:30:00,2026-01-30T13:45:00,709.25,15,17,32,0.4375,800,32,3,3,5,4,7
ACC_00122,1,52,40867.97,68568.08,1946.09,2211.87,25,2.08,2026-01-01T10:37:00,2026-01-30T22:55:00,708.3,19,14,33,0.4242,800,33,3,0,5,0,2
ACC_00123,1,35,25641.94,42625.07,1831.57,2029.77,21,1.67,2026-01-01T00:29:00,2026-01-28T12:53:00,660.4,13,10,23,0.5217,800,23,3,0,0,4,1
ACC_00124,1,51,83774.27,51268.34,3102.75,2136.18,25,2.04,2026-01-01T20:11:00,2026-01-30T05:29:00,681.3,18,18,36,0.4444,800,36,3,0,5,0,2
ACC_00125,1,52,61706.84,70179.96,2285.44,2807.2,25,2.08,2026-01-01T17:33:00,2026-01-29T13:58:00,668.42,16,15,31,0.4516,800,31,0,3,0,4,2
ACC_00126,1,39,48309.65,65759.84,2542.61,3287.99,20,1.95,2026-01-01T01:20:00,2026-01-28T18:36:00,665.27,14,13,27,0.3704,800,27,0,0,5,4,2
ACC_00127,1,47,64839.33,39884.74,2235.84,2215.82,24,1.96,2026-01-02T00:17:00,2026-01-30T20:15:00,691.97,13,15,28,0.2857,800,28,0,3,5,0,2
ACC_00128,1,42,49423.65,60495.95,2601.24,2630.26,20,2.1,2026-01-03T03:10:00,2026-01-28T12:06:00,608.93,17,11,28,0.3571,800,28,0,3,5,4,4
ACC_00129,1,50,56412.55,38362.44,1945.26,1826.78,21,2.38,2026-01-02T02:57:00,2026-01-30T07:18:00,676.35,15,22,37,0.4324,800,37,4,4,4,3,6
ACC_00130,1,51,42674.08,83774.95,2246.0,2617.97,23,2.22,2026-01-02T02:57:00,2026-01-30T21:38:00,690.68,19,13,32,0.4375,800,32,4,4,4,0,5
ACC_00131,1,39,60228.1,27553.96,2316.47,2119.54,25,1.56,2026-01-01T12:32:00,2026-01-30T08:41:00,692.15,9,15,24,0.5,800,24,4,4,0,3,3
ACC_00132,1,51,73936.09,52458.7,2640.57,2280.81,24,2.12,2026-01-03T04:17:00,2026-01-30T01:02:00,644.75,13,13,26,0.6923,800,26,4,0,4,0,2
ACC_00133,1,37,43980.41,70359.05,3141.46,3059.09,24,1.54,2026-01-01T12:46:00,2026-01-30T19:24:00,702.63,19,12,31,0.3226,800,31,0,0,0,3,0
ACC_00134,1,42,52961.71,50508.84,2648.09,2295.86,25,1.68,2026-01-01T23:25:00,2026-01-30T19:24:00,691.98,14,11,25,0.24,800,25,0,4,4,0,3
ACC_00135,1,36,25189.45,66299.03,1679.3,3157.1,20,1.8,2026-01-03T00:02:00,2026-01-28T23:20:00,623.3,11,10,21,0.4762,800,21,4,0,0,3,2
ACC_00136,1,44,64675.01,43397.06,2587.0,2284.06,23,1.91,2026-01-01T20:04:00,2026-01-30T19:46:00,695.7,14,18,32,0.375,800,32,0,4,4,0,3
ACC_00137,1,40,35950.68,38550.05,1634.12,2141.67,24,1.67,2026-01-03T04:18:00,2026-01-30T10:42:00,654.4,14,16,30,0.2,800,30,6,4,3,3,6
ACC_00138,1,44,63394.29,34078.77,2535.77,1793.62,25,1.76,2026-01-01T22:39:00,2026-01-30T14:12:00,687.55,13,17,30,0.5333,800,30,6,4,3,0,6
ACC_00139,1,43,72673.41,35042.93,3159.71,1752.15,24,1.79,2026-01-01T15:20:00,2026-01-30T01:54:00,682.57,14,13,27,0.4444,800,27,6,4,0,3,4
ACC_00140,1,37,25917.15,47527.18,1993.63,1980.3,19,1.95,2026-01-04T00:50:00,2026-01-30T16:13:00,639.38,16,10,26,0.2308,800,26,6,1,3,0,3
ACC_00141,1,65,74649.4,64862.06,1866.23,2594.48,25,2.6,2026-01-02T22:11:00,2026-01-30T05:36:00,655.42,14,20,34,0.4118,800,34,0,0,0,3,0
ACC_00142,1,48,41676.2,60257.68,2083.81,2152.06,23,2.09,2026-01-01T18:39:00,2026-01-30T13:22:00,690.72,18,15,33,0.2424,800,33,6,1,3,0,3
ACC_00143,1,44,55769.84,40135.17,2230.79,2112.38,25,1.76,2026-01-01T15:20:00,2026-01-30T20:24:00,701.07,12,14,26,0.3846,800,26,6,4,0,3,4
ACC_00144,1,43,53989.33,68529.67,2841.54,2855.4,24,1.79,2026-01-01T21:31:00,2026-01-30T05:29:00,679.97,11,16,27,0.2222,800,27,6,4,0,1,4
ACC_00145,1,40,34956.51,51839.95,2496.89,1993.84,23,1.74,2026-01-01T03:09:00,2026-01-29T16:59:00,685.83,13,13,26,0.4615,800,26,4,4,5,5,6
ACC_00146,1,45,52845.7,48325.99,2402.08,2101.13,24,1.88,2026-01-01T04:07:00,2026-01-30T22:34:00,714.45,16,15,31,0.3226,800,31,4,4,5,1,5
ACC_00147,1,38,35759.57,70130.03,2234.97,3187.73,24,1.58,2026-01-01T22:27:00,2026-01-30T07:36:00,681.15,14,13,27,0.3704,800,27,4,4,0,5,6
ACC_00148,1,43,31650.41,82359.93,1665.81,3431.66,23,1.87,2026-01-01T07:05:00,2026-01-28T07:31:00,648.43,18,15,33,0.2424,800,33,0,0,5,0,0
ACC_00149,1,48,65505.49,65857.26,2729.4,2744.05,26,1.85,2026-01-01T04:07:00,2026-01-30T19:46:00,711.65,14,10,24,0.5,800,24,0,4,0,5,3
ACC_00150,1,47,66592.65,62382.53,2895.33,2599.27,25,1.88,2026-01-01T00:36:00,2026-01-30T17:21:00,712.75,14,13,27,0.5185,800,27,4,0,5,5,5
ACC_00151,1,40,55206.0,21782.86,2123.31,1555.92,22,1.82,2026-01-01T03:09:00,2026-01-30T13:53:00,706.73,8,18,26,0.3077,800,26,0,4,5,5,6
ACC_00152,1,51,86053.96,38556.55,2689.19,2029.29,25,2.04,2026-01-01T00:06:00,2026-01-29T11:10:00,683.07,14,17,31,0.5161,800,31,4,0,5,5,5
ACC_00153,1,44,54654.63,67154.31,2484.3,3052.47,23,1.91,2026-01-02T10:15:00,2026-01-30T13:21:00,675.1,18,11,29,0.3448,800,29,6,6,5,2,7
ACC_00154,1,54,92495.65,50664.74,3557.52,1809.45,27,2.0,2026-01-01T00:40:00,2026-01-29T22:32:00,693.87,13,14,27,0.4444,800,27,6,6,5,0,6
ACC_00155,1,56,64747.11,51342.32,2312.4,1833.65,25,2.24,2026-01-01T00:40:00,2026-01-30T00:41:00,696.02,21,19,40,0.5,800,40,6,6,0,2,6
ACC_00156,1,39,41883.6,47793.93,2094.18,2515.47,22,1.77,2026-01-01T06:54:00,2026-01-30T08:24:00,697.5,14,12,26,0.4615,800,26,6,0,5,0,5
ACC_00157,1,45,43371.33,50061.78,2282.7,1925.45,22,2.05,2026-01-05T07:45:00,2026-01-30T13:21:00,605.6,17,17,34,0.4118,800,34,0,6,0,2,2
ACC_00158,1,46,49703.55,72183.81,2161.02,3138.43,23,2.0,2026-01-01T21:06:00,2026-01-30T14:17:00,689.18,16,16,32,0.5,800,32,6,6,5,0,6
ACC_00159,1,48,45350.45,46447.77,1744.25,2111.26,26,1.85,2026-01-02T08:20:00,2026-01-30T05:45:00,669.42,17,16,33,0.3636,800,33,6,6,5,0,6
ACC_00160,1,39,43167.19,47836.69,2158.36,2517.72,22,1.77,2026-01-01T21:06:00,2026-01-30T14:18:00,689.2,12,17,29,0.3448,800,29,6,6,5,0,6
ACC_00161,0,23,41812.83,19199.38,2613.3,2742.77,16,1.44,2026-01-03T10:47:00,2026-01-29T22:44:00,635.95,7,14,21,0.0,800,21,0,0,1,0,0
ACC_00162,0,20,28716.34,23853.5,2610.58,2650.39,15,1.33,2026-01-01T12:23:00,2026-01-30T15:01:00,698.63,9,10,19,0.1053,800,19,0,0,1,0,0
ACC_00163,0,22,21635.13,15556.67,1664.24,1728.52,15,1.47,2026-01-02T05:18:00,2026-01-30T05:08:00,671.83,9,12,21,0.0952,800,21,0,0,0,0,0
ACC_00164,0,18,24084.71,16523.98,2189.52,2360.57,12,1.5,2026-01-02T14:19:00,2026-01-30T17:39:00,675.33,6,10,16,0.0,800,16,0,0,0,0,0
ACC_00165,0,22,36101.51,24897.99,3281.96,2263.45,17,1.29,2026-01-03T22:38:00,2026-01-30T03:27:00,628.82,11,10,21,0.0,800,21,0,0,0,0,0
ACC_00166,0,18,23334.13,24279.01,2333.41,3034.88,14,1.29,2026-01-01T23:25:00,2026-01-29T13:58:00,662.55,8,10,18,0.1111,800,18,0,0,0,0,0
ACC_00167,0,15,26750.94,11627.93,2675.09,2325.59,12,1.25,2026-01-05T00:36:00,2026-01-29T06:42:00,582.1,5,10,15,0.0,800,15,0,0,0,0,0
ACC_00168,0,23,29270.24,30222.69,2439.19,2747.52,19,1.21,2026-01-01T05:25:00,2026-01-30T02:16:00,692.85,11,11,22,0.0909,800,22,2,0,2,0,2
ACC_00169,0,22,23949.33,35462.97,2661.04,2727.92,15,1.47,2026-01-04T23:26:00,2026-01-30T21:45:00,622.32,11,9,20,0.0,800,20,2,0,2,0,2
ACC_00170,0,24,42518.95,21239.32,2834.6,2359.92,15,1.6,2026-01-01T02:23:00,2026-01-30T12:40:00,706.28,8,15,23,0.0,800,23,2,0,2,0,2
ACC_00171,0,16,27098.71,11887.91,3010.97,1698.27,14,1.14,2026-01-01T21:44:00,2026-01-30T21:38:00,695.9,7,8,15,0.4,800,15,1,0,0,1,1
ACC_00172,0,15,21703.55,14538.78,2411.51,2423.13,12,1.25,2026-01-01T05:25:00,2026-01-30T13:22:00,703.95,6,9,15,0.1333,800,15,1,0,0,1,1
ACC_00173,0,23,24304.4,26061.67,2025.37,2369.24,18,1.28,2026-01-02T14:37:00,2026-01-30T01:46:00,659.15,9,9,18,0.0,800,18,0,0,0,0,0
ACC_00174,0,31,46896.93,47580.87,3126.46,2973.8,19,1.63,2026-01-03T10:33:00,2026-01-30T15:01:00,652.47,15,14,29,0.1379,800,29,0,0,0,0,0
ACC_00175,0,17,20887.52,27381.59,2610.94,3042.4,13,1.31,2026-01-03T12:43:00,2026-01-30T17:21:00,652.63,9,8,17,0.0,800,17,1,0,0,0,0
ACC_00176,0,17,20083.97,24113.86,2510.5,2679.32,14,1.21,2026-01-03T03:44:00,2026-01-27T00:31:00,572.78,8,8,16,0.125,800,16,1,0,0,0,0
ACC_00177,0,36,40789.1,60790.79,2719.27,2894.8,20,1.8,2026-01-01T00:06:00,2026-01-30T21:11:00,717.08,19,15,34,0.0588,800,34,3,0,0,0,0
ACC_00178,0,18,21845.09,22335.97,2730.64,2233.6,15,1.2,2026-01-01T00:30:00,2026-01-30T00:21:00,695.85,10,8,18,0.0,800,18,3,0,0,0,0
ACC_00179,0,19,17620.02,29008.18,2517.15,2417.35,15,1.27,2026-01-02T14:37:00,2026-01-29T04:53:00,638.27,11,7,18,0.2222,800,18,3,0,0,0,0
ACC_00180,0,14,19791.99,25346.71,2827.43,3620.96,11,1.27,2026-01-05T07:26:00,2026-01-30T00:21:00,592.92,7,7,14,0.0,800,14,3,0,0,0,0
ACC_00181,0,22,33757.4,18767.58,2813.12,1876.76,13,1.69,2026-01-03T10:33:00,2026-01-30T01:54:00,639.35,9,10,19,0.1053,800,19,0,0,0,0,0
ACC_00182,0,12,5410.81,19370.17,1352.7,2421.27,9,1.33,2026-01-03T18:18:00,2026-01-30T07:18:00,637.0,8,4,12,0.1667,800,12,0,0,0,0,0
ACC_00183,0,20,11209.47,34713.7,1868.24,2479.55,16,1.25,2026-01-01T16:49:00,2026-01-29T22:44:00,677.92,14,6,20,0.1,800,20,0,2,0,0,0
ACC_00184,0,28,30022.09,43850.41,2729.28,2579.44,18,1.56,2026-01-01T13:21:00,2026-01-29T13:25:00,672.07,16,10,26,0.1538,800,26,0,2,0,0,0
ACC_00185,0,18,21732.78,19961.19,2173.28,2495.15,14,1.29,2026-01-02T13:38:00,2026-01-30T14:12:00,672.57,8,10,18,0.1111,800,18,0,2,0,0,0
ACC_00186,0,35,55431.05,37819.12,2410.05,3151.59,18,1.94,2026-01-03T12:29:00,2026-01-30T21:45:00,657.27,12,20,32,0.1875,800,32,0,0,0,0,0
ACC_00187,0,19,14480.18,23298.77,1810.02,2118.07,11,1.73,2026-01-01T10:37:00,2026-01-29T21:47:00,683.17,11,8,19,0.0,800,19,0,0,0,0,0
ACC_00188,0,16,16114.14,23141.46,2302.02,2571.27,13,1.23,2026-01-01T20:51:00,2026-01-29T19:32:00,670.68,9,7,16,0.125,800,16,0,0,1,0,0
ACC_00189,0,17,28053.23,16526.2,2337.77,3305.24,14,1.21,2026-01-08T02:43:00,2026-01-27T17:17:00,470.57,5,12,17,0.1176,800,17,0,0,1,0,0
ACC_00190,0,15,27594.01,18300.33,3449.25,2614.33,14,1.07,2026-01-02T05:18:00,2026-01-30T12:47:00,679.48,6,8,14,0.0,800,14,0,0,0,0,0
ACC_00191,0,19,25350.95,18470.41,2816.77,1847.04,15,1.27,2026-01-01T01:11:00,2026-01-30T02:04:00,696.88,10,9,19,0.2105,800,19,0,0,0,0,0
ACC_00192,0,23,37466.5,24980.97,2676.18,2775.66,18,1.28,2026-01-02T09:15:00,2026-01-30T05:04:00,667.82,9,13,22,0.1818,800,22,0,0,0,0,0
ACC_00193,0,18,15889.83,32084.86,2648.3,2673.74,14,1.29,2026-01-02T17:11:00,2026-01-30T05:55:00,660.73,11,6,17,0.1176,800,17,0,0,0,0,0
ACC_00194,0,24,29693.1,43784.73,2969.31,3127.48,18,1.33,2026-01-05T08:14:00,2026-01-30T20:24:00,612.17,14,10,24,0.1667,800,24,0,0,0,0,0
ACC_00195,0,23,28114.48,30211.55,3123.83,2157.97,17,1.35,2026-01-01T00:29:00,2026-01-30T16:13:00,711.73,14,9,23,0.087,800,23,0,0,0,0,0
ACC_00196,0,16,28842.68,12818.23,2622.06,2563.65,13,1.23,2026-01-02T11:18:00,2026-01-30T21:38:00,682.33,5,10,15,0.0,800,15,0,0,0,0,0
ACC_00197,0,22,38116.14,27124.27,3176.34,2712.43,18,1.22,2026-01-04T19:08:00,2026-01-30T15:01:00,619.88,9,11,20,0.0,800,20,0,0,0,0,0
ACC_00198,0,14,16345.56,12977.55,2335.08,1853.94,13,1.08,2026-01-05T13:46:00,2026-01-30T07:56:00,594.17,6,7,13,0.0,800,13,1,0,0,0,0
ACC_00199,0,27,40607.67,38586.46,3123.67,2756.18,18,1.5,2026-01-03T12:29:00,2026-01-30T22:55:00,658.43,12,11,23,0.087,800,23,1,0,0,0,0
ACC_00200,0,21,12961.96,41077.19,1620.24,3159.78,14,1.5,2026-01-03T20:08:00,2026-01-30T14:18:00,642.17,12,8,20,0.4,800,20,0,0,0,0,0
ACC_00201,0,23,19956.98,31553.76,2851.0,1972.11,18,1.28,2026-01-02T05:20:00,2026-01-29T13:35:00,656.25,15,7,22,0.0909,100,22,0,3,0,0,0
ACC_00202,0,27,26939.72,30953.46,2072.29,2210.96,14,1.93,2026-01-02T09:33:00,2026-01-30T16:55:00,679.37,14,12,26,0.3077,100,26,0,3,0,0,0
ACC_00203,0,21,40686.31,19743.0,2712.42,3290.5,15,1.4,2026-01-04T20:46:00,2026-01-30T01:17:00,604.52,6,14,20,0.0,100,20,0,3,0,0,0
ACC_00204,0,19,26329.31,25201.24,3291.16,2291.02,17,1.12,2026-01-03T09:43:00,2026-01-30T06:08:00,644.42,9,8,17,0.1176,100,17,0,3,0,0,0
ACC_00205,0,18,19389.78,32936.6,2423.72,3293.66,15,1.2,2026-01-03T21:32:00,2026-01-28T11:02:00,589.5,10,8,18,0.0,100,18,0,3,0,0,0
ACC_00206,0,27,34563.88,40780.88,3142.17,2548.8,18,1.5,2026-01-01T23:14:00,2026-01-26T18:24:00,595.17,15,11,26,0.1538,100,26,0,3,0,0,0
ACC_00207,0,16,21320.01,14878.68,2368.89,2125.53,14,1.14,2026-01-05T10:35:00,2026-01-29T19:43:00,585.13,7,9,16,0.0,100,16,0,3,0,0,0
ACC_00208,0,27,34714.34,38911.46,2479.6,2993.19,18,1.5,2026-01-02T11:04:00,2026-01-29T17:53:00,654.82,12,13,25,0.08,100,25,0,3,0,0,0
ACC_00209,0,20,16900.36,29638.84,1877.82,2694.44,14,1.43,2026-01-03T20:34:00,2026-01-26T11:13:00,542.65,10,9,19,0.2105,100,19,0,1,0,1,1
ACC_00210,0,30,20610.88,63844.78,2061.09,3192.24,18,1.67,2026-01-01T15:18:00,2026-01-30T14:01:00,694.72,17,10,27,0.0,100,27,0,1,0,1,1
ACC_00211,0,15,12426.78,21582.3,1553.35,3083.19,10,1.5,2026-01-04T03:38:00,2026-01-30T05:30:00,625.87,7,8,15,0.0,100,15,3,0,0,0,0
ACC_00212,0,16,25519.53,13448.3,2835.5,1921.19,14,1.14,2026-01-03T11:59:00,2026-01-30T11:47:00,647.8,7,9,16,0.0,100,16,3,0,0,0,0
ACC_00213,0,23,39428.02,25605.21,2816.29,2845.02,14,1.64,2026-01-01T11:42:00,2026-01-30T21:28:00,705.77,9,13,22,0.1818,100,22,3,0,0,0,0
ACC_00214,0,25,28640.27,31398.37,2386.69,2415.26,17,1.47,2026-01-01T16:08:00,2026-01-30T22:11:00,702.05,11,12,23,0.0,100,23,3,0,0,0,0
ACC_00215,0,23,19589.44,38687.49,2176.6,2763.39,15,1.53,2026-01-01T12:06:00,2026-01-29T00:58:00,660.87,12,9,21,0.0952,100,21,0,0,0,0,0
ACC_00216,0,27,35253.42,23895.6,2350.23,1991.3,19,1.42,2026-01-03T00:54:00,2026-01-30T21:28:00,668.57,12,13,25,0.16,100,25,0,0,0,0,0
ACC_00217,0,19,32334.96,18770.45,2694.58,2681.49,16,1.19,2026-01-02T16:43:00,2026-01-30T16:11:00,671.47,6,12,18,0.1111,100,18,0,0,0,0,0
ACC_00218,0,24,22867.38,44988.63,2540.82,2999.24,16,1.5,2026-01-02T01:27:00,2026-01-30T05:30:00,676.05,12,9,21,0.2857,100,21,0,0,0,0,0
ACC_00219,0,26,36264.99,28312.19,2789.61,2177.86,18,1.44,2026-01-01T02:55:00,2026-01-30T20:30:00,713.58,12,12,24,0.0833,100,24,0,0,0,0,0
ACC_00220,0,17,17096.97,26315.78,2849.5,2392.34,14,1.21,2026-01-02T14:23:00,2026-01-30T19:59:00,677.6,10,6,16,0.25,100,16,0,3,0,0,0
ACC_00221,0,20,21846.33,21810.03,1986.03,2423.34,16,1.25,2026-01-01T11:52:00,2026-01-30T23:45:00,707.88,9,10,19,0.1053,100,19,0,3,0,0,0
ACC_00222,0,21,21852.27,18381.27,1821.02,2042.36,15,1.4,2026-01-02T01:59:00,2026-01-30T02:58:00,672.98,8,10,18,0.2222,100,18,0,3,0,0,0
ACC_00223,0,13,21165.46,15873.09,2351.72,3968.27,12,1.08,2026-01-03T08:02:00,2026-01-29T21:58:00,637.93,4,9,13,0.0,100,13,0,3,0,0,0
ACC_00224,0,24,43106.36,15296.77,2694.15,1912.1,16,1.5,2026-01-01T09:25:00,2026-01-30T21:57:00,708.53,8,14,22,0.1818,100,22,0,0,0,0,0
ACC_00225,0,17,15649.12,26775.15,3129.82,2231.26,13,1.31,2026-01-02T11:12:00,2026-01-28T06:40:00,619.47,12,5,17,0.1176,100,17,0,0,0,3,0
ACC_00226,0,26,42988.68,37624.66,2686.79,3762.47,18,1.44,2026-01-04T15:18:00,2026-01-30T05:56:00,614.63,9,14,23,0.2609,100,23,0,0,0,3,0
ACC_00227,0,22,20916.31,22336.0,2091.63,1861.33,14,1.57,2026-01-01T20:10:00,2026-01-29T16:28:00,668.3,11,10,21,0.0952,100,21,0,0,0,3,0
ACC_00228,0,27,35146.5,22903.94,2196.66,2082.18,20,1.35,2026-01-01T09:02:00,2026-01-30T23:15:00,710.22,11,16,27,0.2222,100,27,0,0,0,3,0
ACC_00229,0,17,18703.48,18443.67,1870.35,2634.81,14,1.21,2026-01-01T03:47:00,2026-01-29T15:13:00,683.43,7,10,17,0.1176,100,17,0,0,0,0,0
ACC_00230,0,19,19944.08,39746.26,2849.15,3312.19,13,1.46,2026-01-05T20:01:00,2026-01-28T09:38:00,541.62,11,7,18,0.1111,100,18,0,0,0,0,0
ACC_00231,0,23,26929.1,40392.51,2692.91,3107.12,20,1.15,2026-01-02T04:42:00,2026-01-28T17:09:00,636.45,13,9,22,0.1818,100,22,2,0,0,2,2
ACC_00232,0,22,30310.56,30467.15,3031.06,2538.93,13,1.69,2026-01-02T05:20:00,2026-01-30T21:28:00,688.13,11,10,21,0.2857,100,21,2,0,0,2,2
ACC_00233,0,16,16233.56,20532.29,2319.08,2281.37,12,1.33,2026-01-05T00:51:00,2026-01-28T09:42:00,560.85,9,7,16,0.0,100,16,2,0,0,2,2
ACC_00234,0,19,32396.84,21589.71,2945.17,2698.71,13,1.46,2026-01-02T03:56:00,2026-01-30T10:35:00,678.65,8,9,17,0.1176,100,17,0,0,0,0,0
ACC_00235,0,19,21304.41,20725.4,2367.16,2072.54,13,1.46,2026-01-05T23:37:00,2026-01-30T23:45:00,600.13,9,9,18,0.0,100,18,0,0,0,0,0
ACC_00236,0,24,29671.68,27182.47,2967.17,1941.6,17,1.41,2026-01-02T01:51:00,2026-01-30T23:11:00,693.33,12,9,21,0.0,100,21,0,2,0,0,0
ACC_00237,0,27,31262.2,30328.26,2404.78,2166.3,18,1.5,2026-01-01T22:59:00,2026-01-28T12:38:00,637.65,12,11,23,0.0,100,23,0,2,0,0,0
ACC_00238,0,16,25380.6,20528.47,3172.57,2566.06,11,1.45,2026-01-01T01:42:00,2026-01-30T23:15:00,717.55,8,8,16,0.125,100,16,0,2,0,0,0
ACC_00239,0,17,19545.29,26026.31,2443.16,2891.81,14,1.21,2026-01-04T04:08:00,2026-01-25T14:18:00,514.17,9,8,17,0.1176,100,17,0,0,0,0,0
ACC_00240,0,15,14060.03,16129.41,2008.58,2016.18,13,1.15,2026-01-05T16:16:00,2026-01-30T20:35:00,604.32,8,7,15,0.1333,100,15,0,0,3,3,3
ACC_00241,0,15,13304.47,22985.25,1900.64,2873.16,12,1.25,2026-01-03T15:21:00,2026-01-30T04:33:00,637.2,8,7,15,0.0,100,15,0,0,3,3,3
ACC_00242,0,20,14175.23,27844.27,1417.52,2784.43,14,1.43,2026-01-01T08:47:00,2026-01-22T11:58:00,507.18,10,10,20,0.0,100,20,0,0,3,3,3
ACC_00243,0,15,18240.05,15265.6,2280.01,2180.8,12,1.25,2026-01-01T08:47:00,2026-01-29T21:58:00,685.18,7,8,15,0.0,100,15,0,0,3,3,3
ACC_00244,0,18,19014.04,20166.91,2112.67,2240.77,13,1.38,2026-01-04T11:02:00,2026-01-28T07:07:00,572.08,8,8,16,0.0,100,16,0,0,0,0,0
ACC_00245,0,26,39477.73,20512.03,2467.36,2051.2,21,1.24,2026-01-01T09:25:00,2026-01-30T20:35:00,707.17,9,14,23,0.087,100,23,0,0,0,0,0
ACC_00246,0,27,29825.84,21616.66,2130.42,1662.82,18,1.5,2026-01-01T09:40:00,2026-01-30T17:16:00,703.6,11,14,25,0.16,100,25,0,0,0,0,0
ACC_00247,0,20,18429.55,37751.79,2632.79,2903.98,14,1.43,2026-01-02T01:27:00,2026-01-30T14:33:00,685.1,12,6,18,0.1111,100,18,0,0,0,0,0
ACC_00248,0,18,29785.65,13417.06,2482.14,2236.18,13,1.38,2026-01-03T04:30:00,2026-01-28T05:04:00,600.57,6,12,18,0.0,100,18,0,0,0,0,0
ACC_00249,0,21,20171.8,28373.73,2881.69,2026.69,15,1.4,2026-01-01T08:19:00,2026-01-30T13:06:00,700.78,14,7,21,0.0,100,21,0,0,0,0,0
ACC_00250,0,24,23199.06,24130.1,1784.54,2193.65,18,1.33,2026-01-05T13:30:00,2026-01-30T22:11:00,608.68,11,12,23,0.0,100,23,1,0,0,0,0
ACC_00251,0,19,23706.86,14018.67,1975.57,2002.67,13,1.46,2026-01-02T12:47:00,2026-01-29T19:43:00,654.93,7,11,18,0.0,100,18,1,0,0,0,0
ACC_00252,0,20,29336.82,25238.81,2666.98,2804.31,15,1.33,2026-01-01T09:40:00,2026-01-29T03:01:00,665.35,9,9,18,0.0,100,18,0,0,0,0,0
ACC_00253,0,18,23335.67,23728.66,2916.96,2372.87,14,1.29,2026-01-01T05:01:00,2026-01-28T08:16:00,651.25,10,8,18,0.0,100,18,0,0,0,0,0
ACC_00254,0,20,22659.93,25419.03,3237.13,1955.31,14,1.43,2026-01-02T09:33:00,2026-01-30T05:56:00,668.38,11,7,18,0.1111,100,18,0,2,2,0,2
ACC_00255,0,23,20384.26,32327.4,2038.43,2486.72,17,1.35,2026-01-01T01:42:00,2026-01-30T06:08:00,700.43,13,9,22,0.0,100,22,0,2,2,0,2
ACC_00256,0,11,11541.44,14085.24,2885.36,2012.18,10,1.1,2026-01-03T12:31:00,2026-01-21T23:09:00,442.63,7,3,10,0.0,100,10,0,2,2,0,2
ACC_00257,0,25,35475.33,24850.87,2533.95,2259.17,15,1.67,2026-01-02T19:00:00,2026-01-30T21:44:00,674.73,11,12,23,0.087,100,23,0,0,0,0,0
ACC_00258,0,18,25827.52,29012.76,2869.72,3223.64,16,1.12,2026-01-04T11:01:00,2026-01-30T16:55:00,629.9,9,9,18,0.2222,100,18,0,0,0,0,0
ACC_00259,0,19,27553.6,13295.46,1968.11,2659.09,14,1.36,2026-01-03T06:47:00,2026-01-30T21:44:00,662.95,5,14,19,0.0,100,19,0,0,0,0,0
ACC_00260,0,16,25939.97,18871.18,2882.22,2695.88,15,1.07,2026-01-01T11:42:00,2026-01-29T17:35:00,677.88,7,9,16,0.0,100,16,0,0,0,0,0
ACC_00261,0,17,23955.32,12737.51,1842.72,3184.38,11,1.55,2026-01-01T08:19:00,2026-01-30T15:37:00,703.3,4,12,16,0.125,100,16,0,0,0,0,0
ACC_00262,0,20,36329.06,20898.67,3027.42,2612.33,17,1.18,2026-01-01T15:35:00,2026-01-30T21:28:00,701.88,8,11,19,0.0,100,19,0,0,0,0,0
ACC_00263,0,28,51135.01,20668.17,2556.75,2583.52,20,1.4,2026-01-01T09:02:00,2026-01-30T22:37:00,709.58,8,19,27,0.2222,100,27,0,0,3,0,0
ACC_00264,0,18,24439.56,32105.28,3491.37,2918.66,11,1.64,2026-01-02T04:42:00,2026-01-30T07:45:00,675.05,10,7,17,0.1176,100,17,0,0,3,0,0
ACC_00265,0,28,38810.9,28620.58,2425.68,2385.05,17,1.65,2026-01-01T11:52:00,2026-01-30T14:01:00,698.15,11,14,25,0.08,100,25,0,0,3,0,0
ACC_00266,0,19,28502.19,22792.04,2850.22,2532.45,13,1.46,2026-01-02T09:03:00,2026-01-29T19:39:00,658.6,9,10,19,0.0,100,19,0,0,3,0,0
ACC_00267,0,22,33385.63,24748.54,2782.14,2474.85,14,1.57,2026-01-02T09:03:00,2026-01-30T15:37:00,678.57,10,11,21,0.2857,100,21,0,0,2,0,0
ACC_00268,0,24,22212.24,34521.06,2776.53,2157.57,14,1.71,2026-01-01T23:14:00,2026-01-29T15:38:00,664.4,16,8,24,0.1667,100,24,0,0,2,0,0
ACC_00269,0,15,27917.51,9455.52,2537.96,2363.88,12,1.25,2026-01-06T12:41:00,2026-01-29T13:35:00,552.9,4,11,15,0.1333,100,15,0,0,2,0,0
ACC_00270,0,8,10927.96,10367.17,2731.99,2591.79,8,1.0,2026-01-01T01:18:00,2026-01-29T23:38:00,694.33,4,4,8,0.0,100,8,0,0,2,2,2
ACC_00271,0,19,24333.31,21584.92,2212.12,2698.12,13,1.46,2026-01-02T23:12:00,2026-01-30T11:47:00,660.58,8,10,18,0.0,100,18,0,0,2,2,2
ACC_00272,0,18,17186.23,34845.98,2455.18,3167.82,12,1.5,2026-01-02T03:56:00,2026-01-29T23:23:00,667.45,11,7,18,0.1111,100,18,0,0,2,2,2
ACC_00273,0,18,11076.82,36461.98,2215.36,2804.77,16,1.12,2026-01-01T18:58:00,2026-01-29T15:57:00,668.98,13,5,18,0.0,100,18,0,1,1,0,1
ACC_00274,0,23,43632.28,23814.58,3116.59,2646.06,16,1.44,2026-01-01T12:06:00,2026-01-29T19:00:00,678.9,8,11,19,0.1053,100,19,0,1,1,0,1
ACC_00275,0,17,7857.71,25500.48,1964.43,1961.58,13,1.31,2026-01-02T13:22:00,2026-01-30T02:53:00,661.52,13,4,17,0.1176,100,17,0,2,0,2,2
ACC_00276,0,19,30913.91,26075.92,3091.39,2897.32,15,1.27,2026-01-02T06:50:00,2026-01-29T06:46:00,647.93,8,10,18,0.0,100,18,0,2,0,2,2
ACC_00277,0,16,16238.44,12668.49,1804.27,1809.78,12,1.33,2026-01-03T13:33:00,2026-01-30T23:08:00,657.58,7,7,14,0.0,100,14,0,2,0,2,2
ACC_00278,0,27,35693.86,26060.42,1982.99,2895.6,20,1.35,2026-01-01T01:18:00,2026-01-30T23:08:00,717.83,8,18,26,0.0769,100,26,2,0,0,0,0
ACC_00279,0,17,21003.23,15440.39,2625.4,1715.6,14,1.21,2026-01-03T21:49:00,2026-01-29T05:40:00,607.85,8,8,16,0.125,100,16,2,0,0,0,0
ACC_00280,0,18,26419.66,16911.42,2201.64,2818.57,12,1.5,2026-01-04T00:26:00,2026-01-30T20:30:00,644.07,6,10,16,0.125,100,16,2,0,0,0,0
ACC_00281,0,22,42862.12,13792.16,3297.09,1532.46,16,1.38,2026-01-01T14:14:00,2026-01-30T05:16:00,687.03,9,13,22,0.0909,100,22,0,0,0,0,0
ACC_00282,0,21,25471.45,31396.24,3183.93,2415.1,17,1.24,2026-01-01T00:56:00,2026-01-30T21:57:00,717.02,12,8,20,0.2,100,20,1,1,0,0,1
ACC_00283,0,12,26228.71,7544.28,2622.87,3772.14,10,1.2,2026-01-01T22:59:00,2026-01-29T17:35:00,666.6,2,9,11,0.0,100,11,1,1,0,0,1
ACC_00284,0,17,27838.1,15492.92,3093.12,1936.62,14,1.21,2026-01-01T00:56:00,2026-01-26T15:06:00,614.17,8,9,17,0.1176,100,17,0,0,0,0,0
ACC_00285,0,23,27430.9,26558.03,2285.91,2414.37,15,1.53,2026-01-01T07:20:00,2026-01-29T23:23:00,688.05,11,12,23,0.3478,100,23,0,0,0,0,0
ACC_00286,0,20,25428.78,22922.6,2825.42,2083.87,15,1.33,2026-01-01T18:35:00,2026-01-28T08:41:00,638.1,10,8,18,0.1111,100,18,0,0,0,0,0
ACC_00287,0,19,9060.98,43454.39,2265.24,2896.96,13,1.46,2026-01-01T15:35:00,2026-01-27T15:39:00,624.07,13,4,17,0.0,100,17,0,0,0,0,0
ACC_00288,0,15,21691.68,15077.31,2711.46,2153.9,14,1.07,2026-01-02T01:51:00,2026-01-30T05:16:00,675.42,7,7,14,0.0,100,14,0,1,0,0,0
ACC_00289,0,24,32235.84,30809.6,2686.32,2567.47,16,1.5,2026-01-02T19:25:00,2026-01-30T15:45:00,668.33,12,12,24,0.0833,100,24,0,1,0,0,0
ACC_00290,0,21,14435.02,28424.72,2062.15,2030.34,13,1.62,2026-01-01T07:20:00,2026-01-29T08:06:00,672.77,12,6,18,0.0,100,18,0,0,0,0,0
ACC_00291,0,21,23605.32,23429.89,2145.94,2342.99,15,1.4,2026-01-03T20:08:00,2026-01-30T17:16:00,645.13,10,11,21,0.0,100,21,0,0,0,3,0
ACC_00292,0,18,20201.5,23224.17,2525.19,2322.42,14,1.29,2026-01-02T13:37:00,2026-01-29T09:37:00,644.0,10,8,18,0.2222,100,18,0,0,0,3,0
ACC_00293,0,17,14177.01,26760.73,2025.29,2676.07,14,1.21,2026-01-01T02:55:00,2026-01-30T22:37:00,715.7,9,7,16,0.125,100,16,0,0,0,3,0
ACC_00294,0,21,23307.27,27140.43,2913.41,2087.73,16,1.31,2026-01-01T03:47:00,2026-01-28T17:03:00,661.27,12,8,20,0.0,100,20,0,0,0,3,0
ACC_00295,0,18,15018.94,33225.38,2145.56,3020.49,15,1.2,2026-01-01T14:14:00,2026-01-27T18:27:00,628.22,11,7,18,0.0,100,18,0,0,0,0,0
ACC_00296,0,23,29498.34,29068.13,2269.1,2906.81,17,1.35,2026-01-03T07:09:00,2026-01-29T19:13:00,636.07,9,13,22,0.0,100,22,0,0,0,0,0
ACC_00297,0,18,18740.66,19597.95,1874.07,2449.74,14,1.29,2026-01-02T07:23:00,2026-01-30T15:45:00,680.37,8,10,18,0.2222,100,18,0,0,0,0,0
ACC_00298,0,26,32796.78,40764.59,2981.53,2717.64,16,1.62,2026-01-02T10:10:00,2026-01-30T23:11:00,685.02,15,11,26,0.1538,100,26,0,0,0,0,0
ACC_00299,0,20,29172.78,30091.0,3241.42,2735.55,17,1.18,2026-01-01T15:02:00,2026-01-30T04:42:00,685.67,11,8,19,0.0,100,19,0,0,0,0,0
ACC_00300,0,23,27305.57,36604.63,2482.32,3050.39,17,1.35,2026-01-01T19:37:00,2026-01-27T17:01:00,621.4,12,11,23,0.0,100,23,0,1,0,0,0
ACC_00301,0,25,31371.04,33513.39,2091.4,3351.34,18,1.39,2026-01-01T03:44:00,2026-01-29T17:19:00,685.58,10,15,25,0.16,800,25,0,1,0,0,0
ACC_00302,0,15,21531.13,17853.34,3075.88,2231.67,13,1.15,2026-01-01T21:52:00,2026-01-27T10:41:00,612.82,8,7,15,0.1333,800,15,0,0,2,0,0
ACC_00303,0,18,18977.44,21149.98,2711.06,1922.73,13,1.38,2026-01-02T04:47:00,2026-01-30T21:51:00,689.07,8,7,15,0.1333,800,15,0,0,2,0,0
ACC_00304,0,17,23549.52,18295.0,2616.61,2286.88,12,1.42,2026-01-02T09:58:00,2026-01-27T07:34:00,597.6,8,8,16,0.0,800,16,0,0,2,0,0
ACC_00305,0,18,21135.48,28529.91,3522.58,2377.49,14,1.29,2026-01-01T21:52:00,2026-01-26T00:56:00,579.07,11,6,17,0.1176,800,17,0,0,0,0,0
ACC_00306,0,15,22276.46,17633.38,2475.16,2938.9,12,1.25,2026-01-02T13:57:00,2026-01-28T13:55:00,623.97,6,8,14,0.0,800,14,0,0,0,0,0
ACC_00307,0,22,27777.54,24492.85,2314.8,2449.29,14,1.57,2026-01-02T05:54:00,2026-01-25T20:07:00,566.22,10,11,21,0.1905,800,21,0,0,0,3,0
ACC_00308,0,17,42123.19,9568.64,3008.8,3189.55,15,1.13,2026-01-02T04:47:00,2026-01-27T22:31:00,617.73,3,14,17,0.1176,800,17,0,0,0,3,0
ACC_00309,0,20,7335.19,39878.39,1467.04,2658.56,14,1.43,2026-01-01T05:36:00,2026-01-28T02:04:00,644.47,15,5,20,0.0,800,20,0,0,0,3,0
ACC_00310,0,19,18799.43,34952.62,2349.93,3177.51,15,1.27,2026-01-03T06:30:00,2026-01-30T15:39:00,657.15,10,8,18,0.1111,800,18,0,0,0,3,0
ACC_00311,0,20,18264.36,30909.28,2029.37,2809.93,15,1.33,2026-01-01T03:55:00,2026-01-30T08:16:00,700.35,11,7,18,0.3333,800,18,0,0,0,0,0
ACC_00312,0,17,17497.88,20199.2,2499.7,2019.92,12,1.42,2026-01-01T16:05:00,2026-01-29T17:04:00,672.98,9,7,16,0.125,800,16,0,0,0,0,0
ACC_00313,0,11,13925.5,10223.36,1989.36,2555.84,7,1.57,2026-01-08T00:56:00,2026-01-28T03:24:00,482.47,4,7,11,0.0,800,11,0,0,0,0,0
ACC_00314,0,24,33924.1,30902.23,2609.55,2809.29,18,1.33,2026-01-01T10:42:00,2026-01-27T01:59:00,615.28,11,13,24,0.25,800,24,0,0,0,0,0
ACC_00315,0,13,16532.94,9443.54,2066.62,1888.71,11,1.18,2026-01-01T01:31:00,2026-01-29T19:18:00,689.78,5,7,12,0.0,800,12,0,0,0,0,0
ACC_00316,0,11,5889.37,25135.24,1963.12,3141.9,10,1.1,2026-01-02T09:10:00,2026-01-26T22:14:00,589.07,8,3,11,0.0,800,11,0,0,0,0,0
ACC_00317,0,19,32289.72,17431.44,2483.82,2905.24,15,1.27,2026-01-03T16:08:00,2026-01-30T23:09:00,655.02,5,13,18,0.0,800,18,0,0,0,0,0
ACC_00318,0,22,30118.22,25287.26,2738.02,2298.84,17,1.29,2026-01-01T01:03:00,2026-01-30T21:54:00,716.85,11,11,22,0.0,800,22,0,0,0,0,0
ACC_00319,0,19,22211.86,19646.93,1850.99,2806.7,15,1.27,2026-01-01T06:03:00,2026-01-29T06:59:00,672.93,6,12,18,0.2222,800,18,0,0,0,0,0
ACC_00320,0,21,15253.03,33639.84,1906.63,2587.68,15,1.4,2026-01-01T04:33:00,2026-01-25T03:37:00,575.07,12,7,19,0.1053,800,19,0,0,2,0,0
ACC_00321,0,18,25793.57,24976.93,2579.36,3122.12,13,1.38,2026-01-04T08:30:00,2026-01-29T22:52:00,614.37,8,9,17,0.1176,800,17,0,0,2,0,0
ACC_00322,0,14,11585.04,13191.15,1655.01,1884.45,9,1.56,2026-01-01T04:20:00,2026-01-28T03:24:00,647.07,6,7,13,0.0,800,13,0,0,2,0,0
ACC_00323,0,21,28510.53,26780.72,2591.87,2678.07,14,1.5,2026-01-01T23:28:00,2026-01-28T11:11:00,635.72,8,11,19,0.0,800,19,0,0,3,0,0
ACC_00324,0,14,3497.86,24416.04,1165.95,2219.64,11,1.27,2026-01-01T07:47:00,2026-01-26T10:53:00,603.1,10,3,13,0.0,800,13,0,0,3,0,0
ACC_00325,0,18,24788.49,18268.26,2478.85,2283.53,14,1.29,2026-01-01T01:38:00,2026-01-29T03:58:00,674.33,8,9,17,0.0,800,17,0,0,3,0,0
ACC_00326,0,25,26574.94,23779.65,1771.66,2377.97,17,1.47,2026-01-01T17:31:00,2026-01-28T14:55:00,645.4,10,14,24,0.1667,800,24,0,0,3,0,0
ACC_00327,0,16,25422.9,18012.0,2824.77,2573.14,12,1.33,2026-01-04T00:14:00,2026-01-26T12:58:00,540.73,6,8,14,0.0,800,14,0,0,0,0,0
ACC_00328,0,22,39268.21,19955.96,3020.63,2217.33,16,1.38,2026-01-01T02:09:00,2026-01-30T11:15:00,705.1,9,11,20,0.1,800,20,0,0,0,0,0
ACC_00329,0,20,32446.58,20567.49,2949.69,2285.28,15,1.33,2026-01-06T05:48:00,2026-01-29T22:57:00,569.15,9,10,19,0.1053,800,19,0,0,0,0,0
ACC_00330,0,15,18388.95,11177.07,2043.22,1862.85,11,1.36,2026-01-05T20:17:00,2026-01-25T10:47:00,470.5,6,8,14,0.0,800,14,0,0,0,0,0
ACC_00331,0,19,30850.08,15556.04,3427.79,1555.6,13,1.46,2026-01-01T03:14:00,2026-01-29T19:18:00,688.07,10,9,19,0.1053,800,19,0,0,0,0,0
ACC_00332,0,16,19228.37,19926.73,2403.55,2490.84,13,1.23,2026-01-01T21:25:00,2026-01-28T01:03:00,627.63,8,8,16,0.125,800,16,0,0,0,0,0
ACC_00333,0,25,21166.66,41249.91,1924.24,2946.42,18,1.39,2026-01-01T19:54:00,2026-01-29T14:15:00,666.35,14,10,24,0.0,800,24,0,0,0,0,0
ACC_00334,0,19,18245.17,28362.87,2280.65,2578.44,14,1.36,2026-01-01T03:55:00,2026-01-29T12:26:00,680.52,9,7,16,0.0,800,16,0,0,0,0,0
ACC_00335,0,24,40386.61,48102.15,3671.51,3700.17,17,1.41,2026-01-03T11:32:00,2026-01-27T03:14:00,567.7,12,10,22,0.0,800,22,0,3,0,3,3
ACC_00336,0,24,52397.24,10961.48,2757.75,2192.3,18,1.33,2026-01-02T11:01:00,2026-01-28T11:11:00,624.17,5,16,21,0.0,800,21,0,3,0,3,3
ACC_00337,0,11,4091.28,21270.09,1363.76,2658.76,8,1.38,2026-01-02T03:29:00,2026-01-25T10:41:00,559.2,7,3,10,0.0,800,10,0,3,0,3,3
ACC_00338,0,17,26938.73,10978.13,2993.19,1372.27,14,1.21,2026-01-02T03:36:00,2026-01-26T07:16:00,579.67,8,8,16,0.25,800,16,0,3,0,3,3
ACC_00339,0,20,27042.45,22583.64,2458.4,2509.29,15,1.33,2026-01-01T05:28:00,2026-01-28T06:07:00,648.65,9,11,20,0.1,800,20,0,0,0,0,0
ACC_00340,0,18,13787.35,27177.56,1969.62,2470.69,17,1.06,2026-01-01T03:14:00,2026-01-29T11:00:00,679.77,11,7,18,0.0,800,18,0,0,0,0,0
ACC_00341,0,23,32138.26,34468.65,2921.66,2872.39,19,1.21,2026-01-01T05:36:00,2026-01-29T22:52:00,689.27,12,11,23,0.1739,800,23,0,0,0,0,0
ACC_00342,0,25,39611.06,30224.95,3047.0,2518.75,16,1.56,2026-01-01T07:47:00,2026-01-29T05:56:00,670.15,11,11,22,0.0,800,22,0,0,0,0,0
ACC_00343,0,18,10214.29,25839.6,1702.38,2153.3,13,1.38,2026-01-01T16:44:00,2026-01-30T04:16:00,683.53,11,6,17,0.1176,800,17,0,0,0,0,0
ACC_00344,0,20,44574.68,18772.46,3714.56,2346.56,15,1.33,2026-01-01T23:31:00,2026-01-28T01:51:00,626.33,8,10,18,0.0,800,18,0,0,2,2,2
ACC_00345,0,21,40512.08,22054.67,3116.31,2756.83,15,1.4,2026-01-01T19:00:00,2026-01-30T15:39:00,692.65,7,12,19,0.0,800,19,0,0,2,2,2
ACC_00346,0,14,8816.13,13301.69,1259.45,1900.24,13,1.08,2026-01-03T05:08:00,2026-01-30T14:27:00,657.32,7,7,14,0.1429,800,14,0,0,2,2,2
ACC_00347,0,22,46341.85,17228.45,2896.37,2871.41,17,1.29,2026-01-02T11:07:00,2026-01-29T08:04:00,644.95,5,16,21,0.0,800,21,0,0,0,0,0
ACC_00348,0,21,27768.59,34526.61,3085.4,2877.22,13,1.62,2026-01-03T16:08:00,2026-01-30T22:50:00,654.7,12,9,21,0.0952,800,21,0,0,0,0,0
ACC_00349,0,23,28743.77,23505.88,2613.07,1958.82,15,1.53,2026-01-01T03:44:00,2026-01-26T10:17:00,606.55,12,9,21,0.2857,800,21,0,0,0,0,0
ACC_00350,0,18,16759.5,28815.69,2094.94,2881.57,12,1.5,2026-01-02T09:53:00,2026-01-29T09:52:00,647.98,10,8,18,0.2222,800,18,0,0,2,2,2
ACC_00351,0,21,14542.8,20828.65,1615.87,1735.72,14,1.5,2026-01-10T20:51:00,2026-01-30T23:09:00,482.3,10,9,19,0.1053,800,19,0,0,2,2,2
ACC_00352,0,15,16378.09,21721.55,2339.73,2715.19,14,1.07,2026-01-01T11:34:00,2026-01-29T11:00:00,671.43,8,7,15,0.1333,800,15,0,0,2,2,2
ACC_00353,0,23,35659.17,24323.55,2971.6,2211.23,15,1.53,2026-01-01T17:33:00,2026-01-28T22:52:00,653.32,8,12,20,0.1,800,20,0,0,0,0,0
ACC_00354,0,17,15622.84,12403.68,2231.83,1240.37,14,1.21,2026-01-03T00:10:00,2026-01-30T21:51:00,669.68,9,6,15,0.1333,800,15,0,0,0,3,0
ACC_00355,0,15,16740.68,26707.0,2092.59,3815.29,13,1.15,2026-01-02T02:11:00,2026-01-24T02:04:00,527.88,6,7,13,0.0,800,13,0,0,0,3,0
ACC_00356,0,17,15364.48,22865.95,1920.56,2540.66,12,1.42,2026-01-02T03:45:00,2026-01-24T19:12:00,543.45,9,8,17,0.0,800,17,0,0,0,3,0
ACC_00357,0,15,18489.76,21299.26,2641.39,2662.41,13,1.15,2026-01-04T12:37:00,2026-01-30T08:16:00,619.65,7,7,14,0.1429,800,14,0,0,0,3,0
ACC_00358,0,23,36798.3,23915.38,3066.53,2174.13,17,1.35,2026-01-02T05:07:00,2026-01-29T03:49:00,646.7,11,11,22,0.2727,800,22,0,0,0,0,0
ACC_00359,0,23,14710.72,32805.15,2101.53,2050.32,17,1.35,2026-01-01T16:56:00,2026-01-30T14:27:00,693.52,16,6,22,0.0909,800,22,0,0,0,2,0
ACC_00360,0,17,16784.11,17626.91,1678.41,2518.13,11,1.55,2026-01-03T09:49:00,2026-01-27T15:10:00,581.35,7,9,16,0.0,800,16,0,0,0,2,0
ACC_00361,0,16,12671.2,25433.0,2534.24,2312.09,11,1.45,2026-01-02T02:55:00,2026-01-30T09:29:00,678.57,10,5,15,0.1333,800,15,0,0,0,2,0
ACC_00362,0,22,24988.74,36119.52,2498.87,3009.96,17,1.29,2026-01-02T22:04:00,2026-01-30T08:39:00,658.58,12,9,21,0.2857,800,21,0,0,0,0,0
ACC_00363,0,21,27260.16,15371.65,1947.15,2195.95,14,1.5,2026-01-05T19:02:00,2026-01-29T17:14:00,574.2,7,13,20,0.1,800,20,0,0,0,0,0
ACC_00364,0,12,15611.51,8526.11,1951.44,2131.53,9,1.33,2026-01-08T06:37:00,2026-01-26T03:49:00,429.2,4,7,11,0.0,800,11,0,0,0,0,0
ACC_00365,0,17,17434.94,19913.38,2179.37,2212.6,14,1.21,2026-01-01T04:20:00,2026-01-30T08:39:00,700.32,9,8,17,0.2353,800,17,0,0,0,0,0
ACC_00366,0,16,27238.86,21039.35,3026.54,3005.62,12,1.33,2026-01-01T01:03:00,2026-01-29T09:51:00,680.8,6,9,15,0.1333,800,15,0,0,0,0,0
ACC_00367,0,17,30859.75,18229.25,2805.43,3038.21,13,1.31,2026-01-02T00:47:00,2026-01-30T21:54:00,693.12,6,11,17,0.0,800,17,0,0,0,0,0
ACC_00368,0,11,11347.93,13332.79,2269.59,2222.13,8,1.38,2026-01-03T22:05:00,2026-01-26T07:21:00,537.27,6,5,11,0.1818,800,11,0,0,0,0,0
ACC_00369,0,18,33187.15,6264.11,2370.51,1566.03,14,1.29,2026-01-01T01:31:00,2026-01-30T22:50:00,717.32,4,13,17,0.2353,800,17,0,0,0,0,0
ACC_00370,0,14,16261.27,15564.31,2032.66,2594.05,11,1.27,2026-01-01T19:54:00,2026-01-29T22:59:00,675.08,6,8,14,0.0,800,14,0,0,0,0,0
ACC_00371,0,17,13917.77,22510.66,1988.25,2251.07,12,1.42,2026-01-01T05:28:00,2026-01-30T06:50:00,697.37,10,6,16,0.125,800,16,0,0,0,0,0
ACC_00372,0,15,18842.67,23071.16,2691.81,2883.89,11,1.36,2026-01-01T09:57:00,2026-01-29T22:59:00,685.03,8,7,15,0.0,800,15,0,0,0,0,0
ACC_00373,0,15,27642.64,13985.9,2764.26,2797.18,13,1.15,2026-01-02T05:54:00,2026-01-29T21:29:00,663.58,5,10,15,0.0,800,15,0,0,0,0,0
ACC_00374,0,23,30592.92,26249.23,2353.3,2624.92,16,1.44,2026-01-01T15:41:00,2026-01-29T17:14:00,673.55,8,12,20,0.1,800,20,0,0,0,0,0
ACC_00375,0,19,14135.46,27852.82,2019.35,2321.07,14,1.36,2026-01-01T11:23:00,2026-01-28T11:31:00,648.13,12,7,19,0.1053,800,19,1,0,1,0,1
ACC_00376,0,20,38964.99,6247.11,2783.21,1041.19,14,1.43,2026-01-01T09:40:00,2026-01-29T17:04:00,679.4,6,12,18,0.2222,800,18,1,0,1,0,1
ACC_00377,0,18,23811.04,21992.08,2164.64,3141.73,16,1.12,2026-01-03T03:02:00,2026-01-30T12:47:00,657.75,6,10,16,0.125,800,16,0,0,0,0,0
ACC_00378,0,26,24122.08,46455.16,2412.21,2903.45,19,1.37,2026-01-01T22:19:00,2026-01-29T03:49:00,653.5,14,10,24,0.1667,800,24,0,0,0,1,0
ACC_00379,0,23,29097.44,40236.8,2645.22,3353.07,14,1.64,2026-01-01T18:12:00,2026-01-30T06:34:00,684.37,11,11,22,0.0909,800,22,0,0,0,1,0
ACC_00380,0,22,22429.98,19796.3,2492.22,1522.79,15,1.47,2026-01-08T02:23:00,2026-01-30T01:42:00,527.32,13,9,22,0.0909,800,22,0,0,0,0,0
ACC_00381,0,14,9807.87,22611.49,1634.65,2826.44,13,1.08,2026-01-01T12:58:00,2026-01-26T17:33:00,604.58,7,6,13,0.0,800,13,0,0,0,0,0
ACC_00382,0,28,26524.66,46778.76,2652.47,2598.82,19,1.47,2026-01-02T09:10:00,2026-01-30T18:55:00,681.75,17,10,27,0.1481,800,27,0,0,0,0,0
ACC_00383,0,26,20320.28,43063.03,2540.04,2392.39,17,1.53,2026-01-03T22:05:00,2026-01-30T06:50:00,632.75,15,8,23,0.2609,800,23,0,0,0,0,0
ACC_00384,0,18,14945.87,35304.96,2490.98,2942.08,14,1.29,2026-01-01T06:03:00,2026-01-30T17:16:00,707.22,11,6,17,0.0,800,17,0,0,0,0,0
ACC_00385,0,24,20380.34,29919.35,1698.36,2493.28,17,1.41,2026-01-02T03:53:00,2026-01-30T00:24:00,668.52,12,11,23,0.1739,800,23,0,0,0,0,0
ACC_00386,0,26,35703.9,28608.76,2550.28,2384.06,18,1.44,2026-01-02T11:52:00,2026-01-29T14:34:00,650.7,12,14,26,0.1538,800,26,0,0,0,0,0
ACC_00387,0,16,27226.84,18075.44,3403.36,2259.43,12,1.33,2026-01-01T15:41:00,2026-01-29T12:57:00,669.27,8,6,14,0.0,800,14,0,0,0,0,0
ACC_00388,0,21,35309.49,13481.2,2522.11,1925.89,16,1.31,2026-01-01T22:19:00,2026-01-30T01:42:00,675.38,7,14,21,0.0952,800,21,3,0,0,0,0
ACC_00389,0,18,42131.81,14616.87,3009.41,3654.22,13,1.38,2026-01-02T02:11:00,2026-01-30T09:29:00,679.3,4,13,17,0.1176,800,17,3,0,0,0,0
ACC_00390,0,24,24202.58,34994.24,2689.18,2332.95,17,1.41,2026-01-01T09:40:00,2026-01-26T05:14:00,595.57,14,9,23,0.087,800,23,3,0,0,0,0
ACC_00391,0,16,20597.87,18516.52,2942.55,2057.39,11,1.45,2026-01-01T07:46:00,2026-01-29T14:15:00,678.48,9,7,16,0.0,800,16,3,0,0,0,0
ACC_00392,0,23,26183.51,20287.79,2014.12,2028.78,14,1.64,2026-01-03T06:41:00,2026-01-26T19:55:00,565.23,10,13,23,0.087,800,23,0,0,0,0,0
ACC_00393,0,23,24020.16,35708.52,2668.91,2550.61,15,1.53,2026-01-03T21:11:00,2026-01-28T08:01:00,586.83,13,9,22,0.0909,800,22,3,0,0,3,3
ACC_00394,0,17,31533.7,17000.6,3153.37,2428.66,15,1.13,2026-01-01T18:27:00,2026-01-29T12:26:00,665.98,7,9,16,0.125,800,16,3,0,0,3,3
ACC_00395,0,13,16264.95,18752.91,3252.99,2344.11,10,1.3,2026-01-01T01:38:00,2026-01-29T21:39:00,692.02,8,5,13,0.1538,800,13,3,0,0,3,3
ACC_00396,0,21,28981.92,21359.33,2229.38,2669.92,14,1.5,2026-01-02T12:23:00,2026-01-27T14:25:00,602.03,7,13,20,0.1,800,20,3,0,0,3,3
ACC_00397,0,16,13614.43,26042.11,2269.07,2604.21,13,1.23,2026-01-04T00:14:00,2026-01-27T15:30:00,567.27,10,6,16,0.125,800,16,0,0,0,0,0
ACC_00398,0,15,15506.21,27046.52,2584.37,3005.17,13,1.15,2026-01-01T02:09:00,2026-01-29T12:57:00,682.8,9,6,15,0.0,800,15,0,0,0,0,0
ACC_00399,0,21,15566.04,31963.01,1945.75,2458.69,17,1.24,2026-01-01T12:01:00,2026-01-29T08:55:00,668.9,13,8,21,0.0952,800,21,0,0,1,0,0
ACC_00400,0,24,14098.45,34785.17,1762.31,2174.07,19,1.26,2026-01-03T16:33:00,2026-01-30T07:31:00,638.97,15,8,23,0.0,800,23,0,0,1,0,0
ACC_00401,0,19,21504.63,20078.18,2150.46,2230.91,16,1.19,2026-01-02T13:33:00,2026-01-29T22:12:00,656.65,9,8,17,0.0,800,17,0,0,0,0,0
ACC_00402,0,23,49428.05,17874.33,2907.53,2979.06,14,1.64,2026-01-02T14:35:00,2026-01-29T19:50:00,653.25,5,14,19,0.1053,800,19,0,0,0,0,0
ACC_00403,0,24,22314.95,35384.85,2479.44,2358.99,18,1.33,2026-01-02T04:33:00,2026-01-30T11:47:00,679.23,15,9,24,0.0833,800,24,0,0,0,0,0
ACC_00404,0,17,19441.49,32306.82,3240.25,2936.98,12,1.42,2026-01-02T11:15:00,2026-01-25T16:49:00,557.57,11,6,17,0.1176,800,17,0,0,0,0,0
ACC_00405,0,21,27586.76,28718.18,2758.68,2610.74,17,1.24,2026-01-03T16:03:00,2026-01-28T19:28:00,603.42,11,9,20,0.1,800,20,0,0,0,0,0
ACC_00406,0,28,30639.16,35101.46,2042.61,2700.11,18,1.56,2026-01-02T08:10:00,2026-01-29T14:14:00,654.07,11,15,26,0.2308,800,26,0,0,0,0,0
ACC_00407,0,23,31299.85,30471.27,2608.32,2770.12,16,1.44,2026-01-01T09:30:00,2026-01-28T19:28:00,657.97,10,10,20,0.1,800,20,0,0,0,0,0
ACC_00408,0,21,17141.41,37916.95,2856.9,2527.8,15,1.4,2026-01-04T05:14:00,2026-01-28T11:54:00,582.67,10,6,16,0.125,800,16,0,0,0,0,0
ACC_00409,0,22,35199.89,18788.1,2707.68,2087.57,18,1.22,2026-01-02T08:24:00,2026-01-29T08:44:00,648.33,8,12,20,0.0,800,20,0,0,0,0,0
ACC_00410,0,20,16300.28,31970.05,2037.54,2664.17,16,1.25,2026-01-03T18:14:00,2026-01-29T23:38:00,629.4,12,8,20,0.2,800,20,0,0,0,0,0
ACC_00411,0,22,22922.88,36165.39,2292.29,3013.78,18,1.22,2026-01-01T06:23:00,2026-01-30T12:47:00,702.4,11,10,21,0.0,800,21,0,0,0,0,0
ACC_00412,0,26,32033.0,26047.25,2464.08,2003.63,18,1.44,2026-01-01T01:25:00,2026-01-26T18:36:00,617.18,12,13,25,0.32,800,25,0,0,0,3,0
ACC_00413,0,16,14316.83,21177.14,2386.14,2117.71,11,1.45,2026-01-01T09:12:00,2026-01-26T13:43:00,604.52,9,5,14,0.0,800,14,0,0,0,3,0
ACC_00414,0,21,29910.02,22006.39,2136.43,3143.77,15,1.4,2026-01-01T05:37:00,2026-01-27T13:29:00,631.87,7,14,21,0.0952,800,21,0,0,0,3,0
ACC_00415,0,12,10904.19,17542.48,2726.05,2192.81,10,1.2,2026-01-01T05:33:00,2026-01-28T01:30:00,643.95,8,4,12,0.0,800,12,0,0,0,3,0
ACC_00416,0,22,15912.67,30408.46,1989.08,2172.03,17,1.29,2026-01-02T08:03:00,2026-01-28T14:02:00,629.98,12,8,20,0.3,800,20,0,0,0,0,0
ACC_00417,0,18,34736.09,16658.21,3473.61,2082.28,15,1.2,2026-01-01T01:57:00,2026-01-30T20:56:00,714.98,7,9,16,0.0,800,16,0,0,0,0,0
ACC_00418,0,19,30778.37,24558.78,2798.03,3069.85,14,1.36,2026-01-05T12:17:00,2026-01-25T14:02:00,481.75,8,10,18,0.2222,800,18,0,0,2,0,0
ACC_00419,0,11,12236.04,6427.89,1748.01,1606.97,8,1.38,2026-01-01T07:03:00,2026-01-26T16:17:00,609.23,4,7,11,0.0,800,11,0,0,2,0,0
ACC_00420,0,22,17290.26,18294.13,1729.03,1524.51,15,1.47,2026-01-01T03:11:00,2026-01-29T18:36:00,687.42,11,9,20,0.2,800,20,0,0,2,0,0
ACC_00421,0,22,19641.44,25173.31,2182.38,1936.41,15,1.47,2026-01-01T03:11:00,2026-01-30T00:32:00,693.35,12,9,21,0.2857,800,21,0,0,0,0,0
ACC_00422,0,19,28756.89,25763.39,2614.26,3220.42,12,1.58,2026-01-02T14:35:00,2026-01-30T21:56:00,679.35,8,11,19,0.0,800,19,0,0,0,0,0
ACC_00423,0,27,26014.23,36142.3,2001.09,2581.59,20,1.35,2026-01-01T01:57:00,2026-01-30T16:55:00,710.97,14,13,27,0.1481,800,27,0,0,0,1,0
ACC_00424,0,15,26743.41,13728.02,2674.34,2745.6,13,1.15,2026-01-01T03:55:00,2026-01-30T14:51:00,706.93,5,10,15,0.0,800,15,0,0,0,1,0
ACC_00425,0,19,26864.67,12555.14,2442.24,1569.39,16,1.19,2026-01-02T13:10:00,2026-01-29T21:58:00,656.8,6,11,17,0.2353,800,17,0,0,0,0,0
ACC_00426,0,24,23641.43,26536.53,1970.12,2211.38,16,1.5,2026-01-03T08:53:00,2026-01-29T14:52:00,629.98,11,11,22,0.0909,800,22,0,0,0,0,0
ACC_00427,0,24,38670.05,23734.24,2416.88,2966.78,20,1.2,2026-01-01T03:55:00,2026-01-30T20:33:00,712.63,8,15,23,0.0,800,23,0,0,0,2,0
ACC_00428,0,20,20874.84,30518.26,2087.48,3051.83,13,1.54,2026-01-03T08:36:00,2026-01-28T11:27:00,602.85,9,10,19,0.1053,800,19,0,0,0,2,0
ACC_00429,0,20,21457.84,26507.37,2384.2,2409.76,14,1.43,2026-01-01T05:33:00,2026-01-29T22:12:00,688.65,10,8,18,0.0,800,18,0,0,0,2,0
ACC_00430,0,26,34849.53,30077.99,2323.3,2734.36,18,1.44,2026-01-01T02:31:00,2026-01-29T21:08:00,690.62,9,15,24,0.0833,800,24,0,0,0,0,0
ACC_00431,0,16,7076.37,28749.8,1769.09,2395.82,12,1.33,2026-01-02T11:34:00,2026-01-30T23:26:00,683.87,12,4,16,0.125,800,16,2,0,0,0,0
ACC_00432,0,21,15768.12,27603.97,1971.02,2123.38,16,1.31,2026-01-01T14:30:00,2026-01-29T23:38:00,681.13,12,8,20,0.2,800,20,2,0,0,0,0
ACC_00433,0,20,12190.99,22485.29,1108.27,2498.37,13,1.54,2026-01-01T10:15:00,2026-01-30T23:26:00,709.18,9,10,19,0.0,800,19,2,0,0,0,0
ACC_00434,0,21,24653.94,29615.53,2241.27,2961.55,17,1.24,2026-01-02T01:48:00,2026-01-30T15:34:00,685.77,10,11,21,0.2857,800,21,0,0,0,0,0
ACC_00435,0,18,30929.87,20944.37,2811.81,2992.05,16,1.12,2026-01-01T03:42:00,2026-01-28T05:47:00,650.08,7,11,18,0.0,800,18,0,0,0,0,0
ACC_00436,0,17,8119.77,29245.47,1623.95,2437.12,12,1.42,2026-01-02T23:12:00,2026-01-28T03:09:00,603.95,12,5,17,0.0,800,17,0,0,0,0,0
ACC_00437,0,25,29549.71,37307.42,2686.34,2664.82,17,1.47,2026-01-01T18:43:00,2026-01-30T23:23:00,700.67,13,11,24,0.0833,800,24,0,0,0,2,0
ACC_00438,0,14,19533.94,14736.55,2790.56,2105.22,13,1.08,2026-01-01T10:47:00,2026-01-30T12:11:00,697.4,7,7,14,0.1429,800,14,0,0,0,2,0
ACC_00439,0,26,35063.0,34244.99,2337.53,3113.18,19,1.37,2026-01-01T16:10:00,2026-01-30T00:32:00,680.37,10,14,24,0.1667,800,24,0,0,0,2,0
ACC_00440,0,17,16311.75,30058.62,2330.25,3005.86,13,1.31,2026-01-01T07:02:00,2026-01-22T23:59:00,520.95,9,7,16,0.0,800,16,0,0,0,0,0
ACC_00441,0,27,41633.78,26815.25,2775.59,2234.6,18,1.5,2026-01-01T10:47:00,2026-01-29T19:50:00,681.05,12,14,26,0.0769,800,26,0,0,0,0,0
ACC_00442,0,24,35389.85,31796.81,2722.3,2890.62,18,1.33,2026-01-01T11:45:00,2026-01-30T20:56:00,705.18,11,12,23,0.087,800,23,0,0,0,0,0
ACC_00443,0,28,35347.09,29915.18,2356.47,2301.17,16,1.75,2026-01-02T12:28:00,2026-01-29T11:35:00,647.12,11,14,25,0.16,800,25,0,0,0,0,0
ACC_00444,0,21,14274.37,35717.34,2039.2,2551.24,16,1.31,2026-01-02T08:24:00,2026-01-29T22:20:00,661.93,12,7,19,0.0,800,19,0,0,0,0,0
ACC_00445,0,20,20702.51,25922.71,2300.28,2356.61,16,1.25,2026-01-02T03:55:00,2026-01-28T06:44:00,626.82,11,8,19,0.0,800,19,0,0,0,0,0
ACC_00446,0,17,19850.93,25515.16,2205.66,3189.39,13,1.31,2026-01-01T01:25:00,2026-01-30T12:20:00,706.92,8,8,16,0.0,800,16,0,0,0,1,0
ACC_00447,0,18,18782.03,31746.82,2683.15,2886.07,13,1.38,2026-01-03T08:53:00,2026-01-30T08:05:00,647.2,10,7,17,0.1176,800,17,0,0,0,1,0
ACC_00448,0,17,25016.02,12775.95,2501.6,1825.14,12,1.42,2026-01-02T22:45:00,2026-01-30T17:08:00,666.38,7,9,16,0.0,800,16,0,0,0,0,0
ACC_00449,0,17,21828.05,19792.52,2425.34,2474.07,12,1.42,2026-01-02T23:30:00,2026-01-30T13:34:00,662.07,8,9,17,0.0,800,17,0,0,0,0,0
ACC_00450,0,22,23282.89,31722.01,2586.99,2440.15,18,1.22,2026-01-05T20:37:00,2026-01-30T15:17:00,594.67,11,8,19,0.2105,800,19,0,0,0,0,0
ACC_00451,0,19,17984.2,19235.22,2248.03,1748.66,15,1.27,2026-01-03T07:37:00,2026-01-28T22:02:00,614.42,10,8,18,0.1111,800,18,0,0,0,0,0
ACC_00452,0,22,11887.03,37773.74,1981.17,2360.86,15,1.47,2026-01-05T03:56:00,2026-01-30T01:31:00,597.58,14,6,20,0.3,800,20,0,0,0,0,0
ACC_00453,0,24,31699.14,43350.81,2641.6,3612.57,16,1.5,2026-01-01T14:21:00,2026-01-30T20:33:00,702.2,12,11,23,0.1739,800,23,0,0,0,0,0
ACC_00454,0,22,19109.67,33638.76,2388.71,2402.77,15,1.47,2026-01-01T19:08:00,2026-01-26T16:17:00,597.15,12,7,19,0.1053,800,19,0,0,0,0,0
ACC_00455,0,14,7681.44,19030.42,1920.36,1903.04,12,1.17,2026-01-02T03:59:00,2026-01-28T13:02:00,633.05,10,3,13,0.0,800,13,0,0,0,0,0
ACC_00456,0,21,30250.73,26304.83,3361.19,2192.07,18,1.17,2026-01-01T09:30:00,2026-01-28T07:03:00,645.55,11,9,20,0.0,800,20,0,0,0,0,0
ACC_00457,0,23,27971.42,25660.02,2151.65,2566.0,16,1.44,2026-01-04T13:31:00,2026-01-30T17:08:00,627.62,9,12,21,0.0,800,21,0,0,0,0,0
ACC_00458,0,23,14973.07,31454.4,1663.67,2246.74,13,1.77,2026-01-01T20:29:00,2026-01-29T19:05:00,670.6,13,8,21,0.0952,800,21,0,0,0,0,0
ACC_00459,0,26,42008.91,33964.29,2800.59,3087.66,16,1.62,2026-01-01T10:15:00,2026-01-29T16:02:00,677.78,10,14,24,0.0,800,24,0,0,0,0,0
ACC_00460,0,16,24434.55,13713.76,2443.45,2285.63,12,1.33,2026-01-02T06:22:00,2026-01-29T21:25:00,663.05,6,10,16,0.0,800,16,0,0,0,2,0
ACC_00461,0,19,29401.06,19054.8,2940.11,2117.2,12,1.58,2026-01-05T09:11:00,2026-01-25T05:39:00,476.47,9,10,19,0.1053,800,19,0,0,0,2,0
ACC_00462,0,9,15320.96,13383.75,3064.19,3345.94,8,1.12,2026-01-02T06:53:00,2026-01-29T14:14:00,655.35,4,5,9,0.0,800,9,0,0,0,2,0
ACC_00463,0,20,30906.56,19225.35,2377.43,2746.48,12,1.67,2026-01-01T14:21:00,2026-01-24T11:48:00,549.45,7,12,19,0.0,800,19,0,0,2,0,0
ACC_00464,0,21,48219.82,16114.21,3444.27,2302.03,15,1.4,2026-01-04T23:42:00,2026-01-30T16:55:00,617.22,7,13,20,0.1,800,20,0,0,2,0,0
ACC_00465,0,19,16980.72,23141.15,1415.06,3305.88,17,1.12,2026-01-05T02:44:00,2026-01-30T12:11:00,609.45,7,11,18,0.1111,800,18,0,0,2,0,0
ACC_00466,0,23,22804.94,32454.76,1900.41,2950.43,16,1.44,2026-01-05T08:00:00,2026-01-27T13:58:00,533.97,10,12,22,0.1818,800,22,0,0,0,2,0
ACC_00467,0,23,25663.64,28028.57,2851.52,2002.04,16,1.44,2026-01-03T08:26:00,2026-01-30T02:24:00,641.97,13,8,21,0.0,800,21,0,0,0,2,0
ACC_00468,0,18,21870.1,18853.57,3124.3,1713.96,13,1.38,2026-01-01T07:03:00,2026-01-23T21:34:00,542.52,10,6,16,0.125,800,16,0,0,0,2,0
ACC_00469,0,17,14071.66,20479.51,1758.96,2275.5,15,1.13,2026-01-01T18:43:00,2026-01-30T02:24:00,679.68,9,8,17,0.0,800,17,0,0,0,0,0
ACC_00470,0,23,35577.95,23298.52,3234.36,1941.54,16,1.44,2026-01-02T18:30:00,2026-01-30T22:49:00,676.32,11,10,21,0.0,800,21,0,0,0,0,0
ACC_00471,0,19,20432.17,26044.57,2270.24,2604.46,17,1.12,2026-01-01T06:23:00,2026-01-30T11:39:00,701.27,10,8,18,0.1111,800,18,0,0,0,0,0
ACC_00472,0,21,40294.32,24835.41,3357.86,2759.49,15,1.4,2026-01-02T20:21:00,2026-01-29T22:13:00,649.87,9,12,21,0.0952,800,21,0,0,0,0,0
ACC_00473,0,20,26652.25,12864.97,2665.22,1286.5,15,1.33,2026-01-03T07:37:00,2026-01-30T23:23:00,663.77,10,10,20,0.1,800,20,0,0,0,0,0
ACC_00474,0,26,42156.33,26263.66,2479.78,2918.18,17,1.53,2026-01-01T17:13:00,2026-01-29T07:21:00,662.13,9,14,23,0.0,800,23,0,0,0,0,0
ACC_00475,0,17,17323.3,21810.7,2474.76,2181.07,12,1.42,2026-01-01T13:56:00,2026-01-30T22:53:00,704.95,10,7,17,0.1176,800,17,2,0,0,0,0
ACC_00476,0,24,31001.66,24630.61,2214.4,2463.06,18,1.33,2026-01-02T03:53:00,2026-01-29T14:52:00,658.98,10,12,22,0.2727,800,22,2,0,0,0,0
ACC_00477,0,16,26870.72,15984.73,2687.07,2664.12,15,1.07,2026-01-01T06:20:00,2026-01-30T08:05:00,697.75,6,10,16,0.0,800,16,2,0,0,0,0
ACC_00478,0,16,22392.58,10178.51,2488.06,1454.07,14,1.14,2026-01-01T13:56:00,2026-01-25T13:38:00,575.7,7,9,16,0.0,800,16,0,0,0,0,0
ACC_00479,0,31,54814.95,24159.74,2740.75,2196.34,22,1.41,2026-01-02T03:59:00,2026-01-29T17:14:00,661.25,10,18,28,0.0714,800,28,0,0,0,0,0
ACC_00480,0,22,26245.79,28867.37,2385.98,2624.31,14,1.57,2026-01-01T14:30:00,2026-01-27T15:22:00,624.87,9,11,20,0.1,800,20,0,0,0,0,0
ACC_00481,0,16,26224.77,18950.24,2913.86,2707.18,12,1.33,2026-01-01T07:02:00,2026-01-28T02:02:00,643.0,7,9,16,0.0,800,16,0,0,0,0,0
ACC_00482,0,15,14470.13,23693.36,2411.69,2632.6,12,1.25,2026-01-03T12:23:00,2026-01-28T09:10:00,596.78,9,6,15,0.0,800,15,1,1,0,0,1
ACC_00483,0,21,12394.65,44385.99,2478.93,2774.12,14,1.5,2026-01-04T05:48:00,2026-01-28T12:27:00,582.65,15,4,19,0.3158,800,19,1,1,0,0,1
ACC_00484,0,21,24984.59,26865.93,2498.46,2442.36,14,1.5,2026-01-02T06:22:00,2026-01-30T15:34:00,681.2,10,10,20,0.1,800,20,0,3,0,0,0
ACC_00485,0,23,30110.85,30547.23,2509.24,2777.02,20,1.15,2026-01-01T06:20:00,2026-01-30T17:17:00,706.95,11,12,23,0.0,800,23,0,3,0,0,0
ACC_00486,0,15,16729.24,22879.26,2091.16,3268.47,12,1.25,2026-01-04T02:43:00,2026-01-30T11:39:00,632.93,6,8,14,0.1429,800,14,0,3,0,0,0
ACC_00487,0,20,25160.33,19230.88,2516.03,1923.09,16,1.25,2026-01-02T19:44:00,2026-01-30T11:47:00,664.05,7,8,15,0.1333,800,15,0,3,0,0,0
ACC_00488,0,22,23876.85,22049.07,2170.62,2004.46,15,1.47,2026-01-03T12:12:00,2026-01-30T11:49:00,647.62,11,10,21,0.0,800,21,0,0,0,0,0
ACC_00489,0,15,21903.41,13757.07,2190.34,2751.41,10,1.5,2026-01-01T22:21:00,2026-01-29T09:20:00,658.98,5,10,15,0.0,800,15,0,0,0,0,0
ACC_00490,0,14,26995.97,11851.65,2999.55,2370.33,13,1.08,2026-01-04T05:44:00,2026-01-30T11:49:00,630.08,5,9,14,0.0,800,14,0,0,0,0,0
ACC_00491,0,19,16364.9,13332.91,1818.32,1333.29,15,1.27,2026-01-01T02:31:00,2026-01-30T06:02:00,699.52,9,9,18,0.0,800,18,0,0,0,0,0
ACC_00492,0,24,26516.81,40447.03,2946.31,2696.47,16,1.5,2026-01-02T12:28:00,2026-01-30T06:02:00,665.57,15,7,22,0.0909,800,22,0,0,0,0,0
ACC_00493,0,25,29371.17,30210.0,2447.6,2323.85,17,1.47,2026-01-01T13:19:00,2026-01-28T08:22:00,643.05,13,12,25,0.16,800,25,0,0,0,0,0
ACC_00494,0,25,26985.53,30800.03,2453.23,2200.0,15,1.67,2026-01-02T06:53:00,2026-01-28T21:41:00,638.8,14,9,23,0.087,800,23,0,0,0,0,0
ACC_00495,0,16,23470.84,19300.71,2347.08,3216.78,12,1.33,2026-01-02T05:49:00,2026-01-30T14:51:00,681.03,6,8,14,0.1429,800,14,2,0,0,0,0
ACC_00496,0,25,26796.17,29400.01,2233.01,2261.54,16,1.56,2026-01-03T03:49:00,2026-01-29T19:23:00,639.57,13,11,24,0.0833,800,24,2,0,0,0,0
ACC_00497,0,16,11526.62,23125.78,2305.32,2102.34,11,1.45,2026-01-02T03:55:00,2026-01-27T12:11:00,608.27,10,5,15,0.0,800,15,2,0,0,0,0
ACC_00498,0,31,42047.74,38531.87,2803.18,2408.24,18,1.72,2026-01-01T03:42:00,2026-01-27T11:36:00,631.9,15,12,27,0.1481,800,27,0,0,0,0,0
ACC_00499,0,26,45893.11,11869.35,2415.43,1695.62,20,1.3,2026-01-01T13:19:00,2026-01-30T22:53:00,705.57,7,18,25,0.08,800,25,0,0,0,0,0
ACC_00500,0,18,25194.56,11769.05,2099.55,1961.51,14,1.29,2026-01-01T20:29:00,2026-01-24T17:23:00,548.9,6,11,17,0.0,800,17,0,0,0,0,0
ACC_00501,0,20,19960.62,24594.89,1996.06,2459.49,15,1.33,2026-01-01T08:24:00,2026-01-30T19:55:00,707.52,10,9,19,0.0,100,19,0,0,0,0,0
ACC_00502,0,22,24873.47,30028.86,2487.35,2502.41,14,1.57,2026-01-01T04:04:00,2026-01-27T16:32:00,636.47,11,9,20,0.4,100,20,0,0,0,0,0
ACC_00503,0,18,17007.2,31117.61,2429.6,2828.87,13,1.38,2026-01-04T20:23:00,2026-01-30T08:56:00,612.55,11,7,18,0.1111,100,18,3,3,0,0,3
ACC_00504,0,19,43496.92,11942.67,3106.92,2388.53,17,1.12,2026-01-02T13:22:00,2026-01-30T19:09:00,677.78,5,13,18,0.0,100,18,3,3,0,0,3
ACC_00505,0,17,28387.91,11912.59,2365.66,2382.52,12,1.42,2026-01-02T11:25:00,2026-01-28T12:03:00,624.63,5,9,14,0.0,100,14,3,3,0,0,3
ACC_00506,0,21,26688.06,29269.65,3336.01,2251.51,14,1.5,2026-01-01T04:45:00,2026-01-24T04:26:00,551.68,13,8,21,0.0952,100,21,3,3,0,0,3
ACC_00507,0,22,38699.08,19385.25,2579.94,2769.32,17,1.29,2026-01-01T14:09:00,2026-01-27T17:45:00,627.6,7,14,21,0.1905,100,21,0,0,0,0,0
ACC_00508,0,15,14126.89,23173.34,2018.13,2896.67,14,1.07,2026-01-04T11:17:00,2026-01-27T14:04:00,554.78,7,6,13,0.3077,100,13,0,0,0,0,0
ACC_00509,0,14,20703.19,9325.23,2300.35,1865.05,10,1.4,2026-01-01T06:05:00,2026-01-30T11:17:00,701.2,5,8,13,0.1538,100,13,0,0,0,0,0
ACC_00510,0,18,16577.37,14413.07,1841.93,1601.45,16,1.12,2026-01-01T10:10:00,2026-01-30T21:14:00,707.07,9,9,18,0.4444,100,18,0,0,0,0,0
ACC_00511,0,22,28143.21,24409.48,2814.32,2034.12,14,1.57,2026-01-05T13:50:00,2026-01-29T19:10:00,581.33,10,10,20,0.0,100,20,0,0,0,0,0
ACC_00512,0,16,10398.24,23715.23,1733.04,2371.52,14,1.14,2026-01-02T02:18:00,2026-01-30T21:36:00,691.3,9,6,15,0.0,100,15,0,0,0,0,0
ACC_00513,0,25,41807.05,29173.94,2986.22,2652.18,19,1.32,2026-01-01T01:53:00,2026-01-28T06:48:00,652.92,10,12,22,0.2727,100,22,0,0,3,0,0
ACC_00514,0,14,28350.76,18465.22,3150.08,3693.04,10,1.4,2026-01-01T11:11:00,2026-01-21T22:42:00,491.52,5,9,14,0.0,100,14,0,0,3,0,0
ACC_00515,0,23,30651.91,36831.22,2786.54,3069.27,17,1.35,2026-01-01T08:24:00,2026-01-30T14:31:00,702.12,12,11,23,0.087,100,23,0,0,3,0,0
ACC_00516,0,14,11935.26,24674.24,2387.05,2741.58,11,1.27,2026-01-01T13:01:00,2026-01-26T04:49:00,591.8,9,5,14,0.0,100,14,0,0,3,0,0
ACC_00517,0,18,25149.59,21505.91,2794.4,2389.55,15,1.2,2026-01-05T16:11:00,2026-01-30T19:57:00,603.77,9,9,18,0.1111,100,18,3,0,0,0,0
ACC_00518,0,22,30575.93,19600.83,2351.99,2177.87,15,1.47,2026-01-03T18:43:00,2026-01-26T01:16:00,534.55,8,12,20,0.1,100,20,3,0,0,0,0
ACC_00519,0,19,24705.22,33128.54,2470.52,3680.95,14,1.36,2026-01-01T13:54:00,2026-01-30T16:45:00,698.85,9,10,19,0.2105,100,19,3,0,0,0,0
ACC_00520,0,17,23173.86,32309.07,2896.73,3589.9,15,1.13,2026-01-04T06:21:00,2026-01-29T07:21:00,601.0,8,8,16,0.125,100,16,3,0,0,0,0
ACC_00521,0,21,35059.93,25473.02,2696.92,3184.13,17,1.24,2026-01-03T23:06:00,2026-01-30T12:51:00,637.75,8,11,19,0.1053,100,19,0,0,0,0,0
ACC_00522,0,14,12087.63,25546.75,2014.6,3193.34,11,1.27,2026-01-01T01:53:00,2026-01-28T15:16:00,661.38,8,6,14,0.1429,100,14,0,0,0,0,0
ACC_00523,0,17,13827.37,23289.52,1975.34,2328.95,14,1.21,2026-01-02T23:44:00,2026-01-30T11:58:00,660.23,10,7,17,0.2353,100,17,0,0,2,2,2
ACC_00524,0,23,35213.17,24396.08,2934.43,2217.83,15,1.53,2026-01-03T00:44:00,2026-01-30T16:43:00,663.98,9,10,19,0.1053,100,19,0,0,2,2,2
ACC_00525,0,10,10462.24,17649.56,2092.45,3529.91,10,1.0,2026-01-03T20:24:00,2026-01-28T22:02:00,601.63,2,5,7,0.0,100,7,0,0,2,2,2
ACC_00526,0,19,34440.28,16694.29,2870.02,2384.9,15,1.27,2026-01-02T15:44:00,2026-01-30T21:05:00,677.35,7,12,19,0.2105,100,19,0,0,1,1,1
ACC_00527,0,23,29694.28,30709.7,2699.48,2559.14,17,1.35,2026-01-01T06:05:00,2026-01-30T12:51:00,702.77,11,9,20,0.1,100,20,0,0,1,1,1
ACC_00528,0,20,21974.68,37294.3,2197.47,3729.43,17,1.18,2026-01-01T15:34:00,2026-01-30T09:31:00,689.95,9,9,18,0.3333,100,18,0,0,0,0,0
ACC_00529,0,25,30466.74,33099.31,2343.6,2758.28,17,1.47,2026-01-02T19:51:00,2026-01-30T21:14:00,673.38,11,11,22,0.2727,100,22,0,0,0,0,0
ACC_00530,0,10,14528.66,10002.79,2905.73,2000.56,7,1.43,2026-01-01T12:54:00,2026-01-28T06:25:00,641.52,5,4,9,0.0,100,9,0,0,0,0,0
ACC_00531,0,22,23797.79,27406.58,2163.44,2491.51,15,1.47,2026-01-06T04:02:00,2026-01-30T21:43:00,593.68,11,11,22,0.0909,100,22,0,0,0,0,0
ACC_00532,0,17,24095.37,26343.3,3011.92,2927.03,13,1.31,2026-01-02T21:02:00,2026-01-28T05:34:00,608.53,9,8,17,0.1176,100,17,0,0,0,0,0
ACC_00533,0,14,26136.12,15591.82,2904.01,3118.36,11,1.27,2026-01-04T00:04:00,2026-01-27T02:15:00,554.18,5,9,14,0.1429,100,14,0,0,0,0,0
ACC_00534,0,19,27555.48,26582.61,3061.72,2658.26,15,1.27,2026-01-03T10:25:00,2026-01-30T23:25:00,661.0,10,9,19,0.2105,100,19,0,0,0,0,0
ACC_00535,0,13,19263.88,11986.15,2407.99,2397.23,11,1.18,2026-01-02T16:00:00,2026-01-27T00:16:00,584.27,5,7,12,0.0,100,12,0,0,0,0,0
ACC_00536,0,17,19752.01,25340.9,2469.0,2815.66,13,1.31,2026-01-02T11:32:00,2026-01-30T01:39:00,662.12,9,8,17,0.0,100,17,0,0,0,2,0
ACC_00537,0,20,20741.34,30485.96,2304.59,2771.45,14,1.43,2026-01-01T04:38:00,2026-01-28T03:19:00,646.68,11,8,19,0.3158,100,19,0,0,0,2,0
ACC_00538,0,18,26637.58,16388.34,2663.76,2048.54,14,1.29,2026-01-01T03:16:00,2026-01-30T04:00:00,696.73,8,9,17,0.1176,100,17,0,0,0,2,0
ACC_00539,0,23,34229.56,39028.06,3422.96,3002.16,14,1.64,2026-01-01T11:11:00,2026-01-29T07:21:00,668.17,13,10,23,0.087,100,23,0,0,0,0,0
ACC_00540,0,19,20909.15,34550.19,2987.02,2879.18,14,1.36,2026-01-01T12:54:00,2026-01-30T21:05:00,704.18,10,7,17,0.0,100,17,0,0,0,0,0
ACC_00541,0,20,42859.5,13361.03,3061.39,2226.84,15,1.33,2026-01-02T10:02:00,2026-01-30T23:25:00,685.38,6,13,19,0.2105,100,19,0,0,0,0,0
ACC_00542,0,21,35950.98,22062.19,2995.92,2451.35,16,1.31,2026-01-01T23:55:00,2026-01-28T12:05:00,636.17,8,11,19,0.0,100,19,0,0,0,0,0
ACC_00543,0,11,22910.14,4662.05,2545.57,2331.03,10,1.1,2026-01-01T03:22:00,2026-01-30T16:08:00,708.77,2,9,11,0.0,100,11,0,0,0,0,0
ACC_00544,0,17,21007.18,17870.61,2100.72,2552.94,13,1.31,2026-01-02T21:35:00,2026-01-30T06:06:00,656.52,6,10,16,0.125,100,16,0,0,0,0,0
ACC_00545,0,13,31510.68,10373.42,3501.19,2593.36,10,1.3,2026-01-01T19:16:00,2026-01-30T05:02:00,681.77,4,9,13,0.1538,100,13,0,0,0,0,0
ACC_00546,0,23,26446.93,31170.01,2404.27,2597.5,19,1.21,2026-01-02T10:34:00,2026-01-30T12:45:00,674.18,9,11,20,0.3,100,20,0,0,0,0,0
ACC_00547,0,15,18306.18,11058.79,3051.03,1228.75,11,1.36,2026-01-01T05:21:00,2026-01-30T11:58:00,702.62,9,6,15,0.1333,100,15,0,0,0,0,0
ACC_00548,0,27,33611.84,37487.84,3055.62,2342.99,19,1.42,2026-01-03T05:31:00,2026-01-29T19:40:00,638.15,16,10,26,0.0,100,26,0,0,0,0,0
ACC_00549,0,27,37842.66,35528.81,2910.97,2537.77,18,1.5,2026-01-02T04:18:00,2026-01-30T23:02:00,690.73,14,11,25,0.16,100,25,0,0,0,0,0
ACC_00550,0,14,20946.57,17538.74,2327.4,3507.75,12,1.17,2026-01-09T04:28:00,2026-01-29T23:31:00,499.05,5,9,14,0.0,100,14,0,0,0,0,0
ACC_00551,0,23,27048.53,35509.81,2704.85,2731.52,17,1.35,2026-01-02T06:13:00,2026-01-28T14:23:00,632.17,13,10,23,0.087,100,23,0,0,0,0,0
ACC_00552,0,27,19444.97,53965.15,2160.55,2998.06,17,1.59,2026-01-01T04:04:00,2026-01-26T23:51:00,619.78,16,8,24,0.0,100,24,0,1,0,1,1
ACC_00553,0,33,40400.2,44806.39,2885.73,2358.23,20,1.65,2026-01-02T17:17:00,2026-01-30T16:08:00,670.85,17,13,30,0.2,100,30,0,1,0,1,1
ACC_00554,0,16,36677.26,13840.64,3334.3,2768.13,14,1.14,2026-01-01T13:55:00,2026-01-25T03:56:00,566.02,5,9,14,0.0,100,14,0,0,0,0,0
ACC_00555,0,27,40805.93,35511.77,3138.92,2536.56,17,1.59,2026-01-02T03:45:00,2026-01-30T16:45:00,685.0,13,12,25,0.16,100,25,0,2,0,2,2
ACC_00556,0,19,19207.88,29092.05,2134.21,2909.2,14,1.36,2026-01-01T06:20:00,2026-01-25T09:51:00,579.52,10,9,19,0.0,100,19,0,2,0,2,2
ACC_00557,0,21,21183.77,28909.84,2118.38,2628.17,15,1.4,2026-01-01T14:25:00,2026-01-29T12:20:00,669.92,9,10,19,0.3158,100,19,0,2,0,2,2
ACC_00558,0,26,28153.77,38204.77,2346.15,2728.91,18,1.44,2026-01-03T00:44:00,2026-01-30T05:31:00,652.78,13,12,25,0.16,100,25,0,0,0,0,0
ACC_00559,0,20,42914.05,17111.08,3301.08,2444.44,14,1.43,2026-01-01T13:54:00,2026-01-30T17:55:00,700.02,7,12,19,0.0,100,19,0,1,0,0,0
ACC_00560,0,28,41276.1,40296.83,3175.08,2686.46,21,1.33,2026-01-01T14:11:00,2026-01-30T05:51:00,687.67,15,12,27,0.3704,100,27,0,1,0,0,0
ACC_00561,0,17,20340.42,22458.78,2542.55,2495.42,16,1.06,2026-01-02T13:22:00,2026-01-30T19:55:00,678.55,9,8,17,0.1176,100,17,0,0,0,0,0
ACC_00562,0,17,12986.63,32818.09,3246.66,2524.47,13,1.31,2026-01-04T01:44:00,2026-01-30T21:33:00,643.82,13,4,17,0.0,100,17,0,0,0,0,0
ACC_00563,0,22,23942.94,33913.96,2394.29,2826.16,15,1.47,2026-01-01T05:21:00,2026-01-29T19:10:00,685.82,12,10,22,0.0909,100,22,0,0,0,0,0
ACC_00564,0,15,25405.56,18805.69,3175.7,2686.53,10,1.5,2026-01-02T10:34:00,2026-01-27T23:00:00,612.43,7,8,15,0.2667,100,15,0,0,0,0,0
ACC_00565,0,20,30387.84,23798.91,3038.78,2379.89,14,1.43,2026-01-01T12:47:00,2026-01-30T11:17:00,694.5,10,8,18,0.0,100,18,0,0,0,0,0
ACC_00566,0,20,31659.37,20748.24,2638.28,2593.53,15,1.33,2026-01-03T08:23:00,2026-01-27T12:41:00,580.3,7,10,17,0.1176,100,17,0,0,0,0,0
ACC_00567,0,19,34392.85,10789.11,2866.07,1541.3,13,1.46,2026-01-02T04:51:00,2026-01-29T03:16:00,646.42,7,11,18,0.2222,100,18,0,0,0,0,0
ACC_00568,0,16,21110.94,18189.98,2638.87,2273.75,13,1.23,2026-01-01T21:43:00,2026-01-30T21:33:00,695.83,8,8,16,0.0,100,16,0,0,0,0,0
ACC_00569,0,15,10615.09,17760.6,1769.18,1973.4,11,1.36,2026-01-03T09:20:00,2026-01-30T17:55:00,656.58,9,6,15,0.0,100,15,0,0,0,0,0
ACC_00570,0,26,34040.08,24228.03,2127.51,2422.8,16,1.62,2026-01-02T21:26:00,2026-01-30T14:31:00,665.08,9,16,25,0.16,100,25,0,0,0,0,0
ACC_00571,0,23,18085.15,37484.26,2260.64,2498.95,18,1.28,2026-01-01T14:09:00,2026-01-29T11:07:00,668.97,15,7,22,0.0,100,22,1,0,0,0,0
ACC_00572,0,21,15976.09,36736.8,2282.3,2624.06,16,1.31,2026-01-02T20:42:00,2026-01-29T04:56:00,632.23,14,7,21,0.1905,100,21,1,0,0,0,0
ACC_00573,0,23,17254.61,26576.18,1725.46,2044.32,16,1.44,2026-01-01T15:31:00,2026-01-30T23:02:00,703.52,12,7,19,0.0,100,19,0,0,0,0,0
ACC_00574,0,24,21118.28,33220.06,2346.48,2214.67,14,1.71,2026-01-01T13:55:00,2026-01-28T08:06:00,642.18,13,9,22,0.2727,100,22,0,0,0,0,0
ACC_00575,0,18,21162.8,34805.03,2645.35,3480.5,15,1.2,2026-01-02T16:00:00,2026-01-29T23:31:00,655.52,9,8,17,0.0,100,17,0,0,0,0,0
ACC_00576,0,22,12731.11,38714.29,1818.73,2580.95,17,1.29,2026-01-02T02:18:00,2026-01-30T07:46:00,677.47,13,7,20,0.0,100,20,0,0,3,0,0
ACC_00577,0,16,15832.14,25010.93,2261.73,2778.99,10,1.6,2026-01-02T02:26:00,2026-01-29T22:50:00,668.4,8,6,14,0.0,100,14,0,0,3,0,0
ACC_00578,0,12,21136.38,14264.02,2642.05,3566.01,12,1.0,2026-01-01T14:11:00,2026-01-30T21:34:00,703.38,4,8,12,0.3333,100,12,0,0,3,0,0
ACC_00579,0,14,21785.57,16423.33,3112.22,2346.19,11,1.27,2026-01-02T10:07:00,2026-01-27T20:26:00,610.32,7,7,14,0.0,100,14,0,0,3,0,0
ACC_00580,0,16,17042.39,23744.92,2434.63,2638.32,14,1.14,2026-01-03T02:23:00,2026-01-30T02:05:00,647.7,9,6,15,0.1333,100,15,0,0,0,0,0
ACC_00581,0,15,24745.51,13526.89,2749.5,2254.48,12,1.25,2026-01-01T05:13:00,2026-01-30T21:36:00,712.38,6,9,15,0.4,100,15,0,0,0,0,0
ACC_00582,0,21,30995.86,24933.03,2384.3,3116.63,16,1.31,2026-01-01T23:55:00,2026-01-30T07:46:00,679.85,8,13,21,0.0,100,21,0,0,0,0,0
ACC_00583,0,19,33168.27,26128.9,3685.36,2612.89,14,1.36,2026-01-01T14:25:00,2026-01-28T02:43:00,636.3,10,8,18,0.2222,100,18,0,0,0,0,0
ACC_00584,0,25,21391.62,44333.77,2139.16,2955.58,15,1.67,2026-01-01T04:38:00,2026-01-27T18:28:00,637.83,13,10,23,0.087,100,23,0,1,0,0,0
ACC_00585,0,17,15896.99,30655.24,2649.5,2786.84,14,1.21,2026-01-01T07:54:00,2026-01-28T03:11:00,643.28,9,6,15,0.0,100,15,0,1,0,0,0
ACC_00586,0,17,22390.36,17429.69,2035.49,2904.95,16,1.06,2026-01-01T05:13:00,2026-01-30T19:57:00,710.73,6,11,17,0.1176,100,17,0,0,0,0,0
ACC_00587,0,20,22568.96,32598.3,2821.12,2716.53,14,1.43,2026-01-02T10:07:00,2026-01-28T22:57:00,636.83,12,8,20,0.0,100,20,0,0,0,0,0
ACC_00588,0,30,24837.91,57850.17,2483.79,2892.51,21,1.43,2026-01-02T05:50:00,2026-01-30T12:45:00,678.92,19,9,28,0.0714,100,28,0,0,0,0,0
ACC_00589,0,16,30877.84,16096.52,3087.78,2682.75,12,1.33,2026-01-01T12:47:00,2026-01-29T03:16:00,662.48,6,10,16,0.25,100,16,0,0,1,0,0
ACC_00590,0,22,42089.32,31426.26,3507.44,3142.63,18,1.22,2026-01-01T23:57:00,2026-01-30T13:24:00,685.45,8,12,20,0.0,100,20,0,0,1,0,0
ACC_00591,0,13,20933.73,8677.76,2325.97,2169.44,10,1.3,2026-01-06T08:18:00,2026-01-29T07:49:00,551.52,4,9,13,0.0,100,13,0,0,0,0,0
ACC_00592,0,20,27440.62,38121.04,3048.96,3465.55,16,1.25,2026-01-03T00:49:00,2026-01-30T21:34:00,668.75,8,9,17,0.1176,100,17,2,0,0,0,0
ACC_00593,0,19,31615.75,25010.71,3512.86,2501.07,15,1.27,2026-01-04T00:06:00,2026-01-29T14:01:00,613.92,9,9,18,0.1111,100,18,2,0,0,0,0
ACC_00594,0,12,12680.78,12824.27,2113.46,2137.38,9,1.33,2026-01-07T05:19:00,2026-01-30T21:43:00,568.4,5,6,11,0.0,100,11,2,0,0,0,0
ACC_00595,0,20,31053.62,27829.95,3450.4,2530.0,14,1.43,2026-01-05T23:29:00,2026-01-30T13:24:00,589.92,10,8,18,0.0,100,18,0,0,0,0,0
ACC_00596,0,12,12364.37,19671.15,2060.73,3278.53,12,1.0,2026-01-01T06:20:00,2026-01-27T20:18:00,637.97,6,6,12,0.0,100,12,0,0,0,0,0
ACC_00597,0,26,48583.45,27631.88,2857.85,3070.21,16,1.62,2026-01-01T10:10:00,2026-01-27T14:01:00,627.85,9,15,24,0.1667,100,24,0,0,0,0,0
ACC_00598,0,17,17915.98,21946.19,2239.5,2438.47,15,1.13,2026-01-02T19:15:00,2026-01-26T00:48:00,557.55,9,8,17,0.0,100,17,0,0,0,1,0
ACC_00599,0,23,27379.79,23684.91,1955.7,2631.66,19,1.21,2026-01-02T06:04:00,2026-01-30T05:02:00,670.97,9,14,23,0.2609,100,23,0,0,0,1,0
ACC_00600,0,22,24698.33,29359.69,2245.3,2669.06,15,1.47,2026-01-01T04:45:00,2026-01-28T03:14:00,646.48,11,11,22,0.0,100,22,0,0,0,1,0
ACC_00601,0,20,19873.75,23425.6,2484.22,1952.13,16,1.25,2026-01-03T04:19:00,2026-01-29T01:55:00,621.6,12,8,20,0.0,800,20,0,0,0,1,0
ACC_00602,0,23,19820.63,43581.13,2831.52,2723.82,17,1.35,2026-01-01T01:46:00,2026-01-30T03:40:00,697.9,15,6,21,0.0,800,21,3,0,0,3,3
ACC_00603,0,25,39160.78,31457.32,2610.72,3145.73,17,1.47,2026-01-02T23:07:00,2026-01-30T10:24:00,659.28,10,15,25,0.0,800,25,3,0,0,3,3
ACC_00604,0,20,20939.7,27995.8,2326.63,2545.07,16,1.25,2026-01-01T11:27:00,2026-01-29T03:06:00,663.65,10,9,19,0.1053,800,19,3,0,0,3,3
ACC_00605,0,26,30238.32,23214.84,2015.89,2110.44,18,1.44,2026-01-01T14:43:00,2026-01-28T12:55:00,646.2,11,11,22,0.1818,800,22,3,0,0,3,3
ACC_00606,0,28,33732.24,31021.44,2409.45,2215.82,20,1.4,2026-01-01T03:52:00,2026-01-30T03:40:00,695.8,14,13,27,0.2963,800,27,3,0,0,0,0
ACC_00607,0,19,34592.57,22099.62,3144.78,2762.45,12,1.58,2026-01-03T04:19:00,2026-01-26T14:32:00,562.22,8,11,19,0.1053,800,19,3,0,0,0,0
ACC_00608,0,17,26495.91,19084.24,2943.99,2385.53,15,1.13,2026-01-01T08:23:00,2026-01-30T20:24:00,708.02,7,8,15,0.0,800,15,3,0,0,0,0
ACC_00609,0,28,31489.08,40222.07,2624.09,2513.88,17,1.65,2026-01-02T04:56:00,2026-01-29T20:56:00,664.0,15,11,26,0.2308,800,26,3,0,0,0,0
ACC_00610,0,16,20959.74,26601.62,2619.97,3325.2,10,1.6,2026-01-01T04:42:00,2026-01-24T23:51:00,571.15,7,7,14,0.2857,800,14,0,0,0,0,0
ACC_00611,0,24,33141.4,24967.3,2367.24,2496.73,17,1.41,2026-01-03T10:39:00,2026-01-30T10:31:00,647.87,10,13,23,0.0,800,23,0,2,2,0,2
ACC_00612,0,19,26744.72,25141.0,2674.47,2793.44,9,2.11,2026-01-02T05:47:00,2026-01-29T19:15:00,661.47,9,10,19,0.3158,800,19,0,2,2,0,2
ACC_00613,0,20,15981.01,28211.91,1775.67,2564.72,15,1.33,2026-01-04T17:40:00,2026-01-29T18:49:00,601.15,10,8,18,0.0,800,18,0,2,2,0,2
ACC_00614,0,22,29101.82,28828.48,2425.15,2882.85,14,1.57,2026-01-02T06:01:00,2026-01-28T19:12:00,637.18,9,10,19,0.0,800,19,0,0,0,0,0
ACC_00615,0,18,19205.92,22548.61,1745.99,3221.23,12,1.5,2026-01-02T20:33:00,2026-01-26T21:36:00,577.05,6,11,17,0.0,800,17,0,0,0,0,0
ACC_00616,0,19,27392.47,17143.86,2490.22,2142.98,12,1.58,2026-01-04T01:55:00,2026-01-30T06:20:00,628.42,7,10,17,0.0,800,17,0,0,0,0,0
ACC_00617,0,23,34367.54,35315.53,3124.32,2942.96,19,1.21,2026-01-02T04:56:00,2026-01-30T09:03:00,676.12,12,11,23,0.1739,800,23,0,0,0,0,0
ACC_00618,0,18,23106.56,19244.66,2100.6,2749.24,14,1.29,2026-01-02T04:02:00,2026-01-29T17:48:00,661.77,5,11,16,0.0,800,16,0,0,0,0,0
ACC_00619,0,21,22164.71,34071.71,2462.75,2839.31,15,1.4,2026-01-01T23:39:00,2026-01-30T20:46:00,693.12,10,8,18,0.0,800,18,0,0,0,0,0
ACC_00620,0,23,20153.27,37945.55,2519.16,2529.7,19,1.21,2026-01-03T21:06:00,2026-01-27T03:59:00,558.88,13,8,21,0.1905,800,21,0,3,0,0,0
ACC_00621,0,31,23905.98,55453.13,2173.27,2772.66,17,1.82,2026-01-02T19:35:00,2026-01-30T10:22:00,662.78,17,11,28,0.3571,800,28,0,3,0,0,0
ACC_00622,0,24,26517.13,30708.91,2209.76,2559.08,17,1.41,2026-01-02T16:04:00,2026-01-30T01:30:00,657.43,11,11,22,0.0,800,22,0,3,0,0,0
ACC_00623,0,28,47393.14,26740.09,2962.07,2228.34,17,1.65,2026-01-03T01:23:00,2026-01-30T22:34:00,669.18,11,13,24,0.0,800,24,0,3,0,0,0
ACC_00624,0,24,29134.96,25022.5,2241.15,2274.77,15,1.6,2026-01-02T02:02:00,2026-01-30T03:02:00,673.0,10,12,22,0.1818,800,22,0,0,0,0,0
ACC_00625,0,16,19958.36,12734.76,1814.4,2546.95,10,1.6,2026-01-05T09:52:00,2026-01-30T07:53:00,598.02,5,10,15,0.0,800,15,0,0,0,0,0
ACC_00626,0,24,32954.24,25592.76,2746.19,2132.73,16,1.5,2026-01-01T01:46:00,2026-01-29T10:59:00,681.22,11,11,22,0.0,800,22,1,0,0,0,0
ACC_00627,0,19,25379.3,27722.68,2537.93,3080.3,15,1.27,2026-01-02T17:24:00,2026-01-29T01:09:00,631.75,9,9,18,0.0,800,18,1,0,0,0,0
ACC_00628,0,14,19494.43,23076.51,2784.92,3296.64,12,1.17,2026-01-08T19:08:00,2026-01-29T18:29:00,503.35,7,7,14,0.1429,800,14,0,0,0,2,0
ACC_00629,0,17,30069.79,10141.62,2313.06,2535.41,14,1.21,2026-01-01T09:52:00,2026-01-28T05:17:00,643.42,4,12,16,0.0,800,16,0,0,0,2,0
ACC_00630,0,17,20195.58,33183.11,3365.93,3016.65,15,1.13,2026-01-01T20:20:00,2026-01-30T07:24:00,683.07,10,6,16,0.0,800,16,0,0,0,2,0
ACC_00631,0,19,31849.11,24239.06,2895.37,3029.88,15,1.27,2026-01-01T08:40:00,2026-01-28T18:52:00,658.2,8,11,19,0.0,800,19,0,0,0,0,0
ACC_00632,0,25,18120.67,50612.4,2588.67,2811.8,16,1.56,2026-01-01T21:21:00,2026-01-30T10:22:00,685.02,18,7,25,0.08,800,25,0,0,0,3,0
ACC_00633,0,21,19226.52,23412.7,1922.65,2128.43,16,1.31,2026-01-04T18:20:00,2026-01-30T17:03:00,622.72,10,10,20,0.1,800,20,0,0,0,3,0
ACC_00634,0,25,25836.04,40179.14,2583.6,2678.61,19,1.32,2026-01-01T19:58:00,2026-01-30T01:30:00,677.53,15,10,25,0.24,800,25,0,0,0,3,0
ACC_00635,0,23,25573.77,21769.05,2324.89,1814.09,12,1.92,2026-01-03T21:45:00,2026-01-28T18:04:00,596.32,12,10,22,0.1818,800,22,0,0,0,3,0
ACC_00636,0,26,35828.55,19267.69,2107.56,2140.85,21,1.24,2026-01-01T03:52:00,2026-01-30T20:24:00,712.53,8,17,25,0.08,800,25,0,1,0,0,0
ACC_00637,0,23,28873.91,29354.15,2406.16,2668.56,17,1.35,2026-01-02T01:52:00,2026-01-29T14:34:00,660.7,10,11,21,0.0952,800,21,0,1,0,0,0
ACC_00638,0,20,20585.61,18999.97,1871.42,2111.11,15,1.33,2026-01-01T21:21:00,2026-01-30T07:24:00,682.05,9,11,20,0.1,800,20,0,0,0,0,0
ACC_00639,0,26,39114.34,26073.24,3008.8,2005.63,20,1.3,2026-01-01T04:42:00,2026-01-27T09:37:00,628.92,13,11,24,0.1667,800,24,0,0,0,0,0
ACC_00640,0,12,16698.66,12104.01,3339.73,1729.14,10,1.2,2026-01-02T08:45:00,2026-01-30T17:03:00,680.3,7,5,12,0.0,800,12,0,0,0,0,0
ACC_00641,0,22,20267.3,35595.35,3377.88,2224.71,15,1.47,2026-01-03T02:01:00,2026-01-28T22:16:00,620.25,14,6,20,0.0,800,20,0,0,0,0,0
ACC_00642,0,17,18191.38,24274.01,2598.77,2427.4,15,1.13,2026-01-01T17:04:00,2026-01-27T05:06:00,612.03,10,7,17,0.0,800,17,0,0,0,0,0
ACC_00643,0,22,21646.31,39694.98,2705.79,2835.36,16,1.38,2026-01-03T01:41:00,2026-01-30T10:31:00,656.83,13,8,21,0.0952,800,21,0,0,1,0,0
ACC_00644,0,13,15336.53,11068.51,1917.07,2213.7,10,1.3,2026-01-05T23:21:00,2026-01-28T16:53:00,545.53,4,7,11,0.0,800,11,0,0,1,0,0
ACC_00645,0,17,33766.43,8605.82,3069.68,1434.3,16,1.06,2026-01-02T08:17:00,2026-01-27T05:16:00,596.98,6,10,16,0.125,800,16,0,0,0,0,0
ACC_00646,0,19,13467.8,25433.73,1496.42,2543.37,13,1.46,2026-01-01T00:42:00,2026-01-30T16:18:00,711.6,9,9,18,0.0,800,18,0,0,0,0,0
ACC_00647,0,25,30727.26,39380.65,2363.64,3281.72,17,1.47,2026-01-04T16:08:00,2026-01-30T22:05:00,629.95,11,13,24,0.1667,800,24,0,0,0,0,0
ACC_00648,0,19,28544.32,24427.85,2854.43,2714.21,14,1.36,2026-01-03T15:40:00,2026-01-29T12:38:00,620.97,9,9,18,0.0,800,18,0,0,0,0,0
ACC_00649,0,31,45914.62,33147.46,2550.81,2549.8,18,1.72,2026-01-02T23:57:00,2026-01-29T02:16:00,626.32,13,17,30,0.0667,800,30,0,0,0,0,0
ACC_00650,0,16,24189.82,12813.03,3455.69,1423.67,12,1.33,2026-01-02T14:34:00,2026-01-30T16:10:00,673.6,9,7,16,0.125,800,16,0,0,0,0,0
ACC_00651,0,27,40079.99,29614.85,2672.0,2467.9,19,1.42,2026-01-01T03:34:00,2026-01-30T09:28:00,701.9,11,12,23,0.087,800,23,0,0,0,0,0
ACC_00652,0,26,30717.22,43161.6,2559.77,3082.97,21,1.24,2026-01-01T19:58:00,2026-01-30T19:46:00,695.8,14,12,26,0.0769,800,26,0,0,0,0,0
ACC_00653,0,13,27062.62,14608.06,3382.83,2921.61,9,1.44,2026-01-01T22:52:00,2026-01-30T02:06:00,675.23,5,8,13,0.0,800,13,0,0,0,0,0
ACC_00654,0,19,19289.4,29903.1,3214.9,2300.24,14,1.36,2026-01-01T09:52:00,2026-01-30T18:54:00,705.03,12,6,18,0.0,800,18,0,0,0,0,0
ACC_00655,0,25,32672.99,24776.35,2178.2,2477.63,15,1.67,2026-01-01T11:55:00,2026-01-29T20:56:00,681.02,10,13,23,0.0,800,23,0,0,0,0,0
ACC_00656,0,16,21496.8,16032.28,2388.53,2290.33,14,1.14,2026-01-02T16:47:00,2026-01-27T19:23:00,602.6,7,9,16,0.0,800,16,1,0,1,0,1
ACC_00657,0,20,18438.87,34543.31,2304.86,2878.61,13,1.54,2026-01-02T02:02:00,2026-01-29T18:49:00,664.78,11,7,18,0.0,800,18,1,0,1,0,1
ACC_00658,0,21,30160.39,22785.61,2741.85,2278.56,18,1.17,2026-01-01T11:27:00,2026-01-30T09:28:00,694.02,10,11,21,0.0952,800,21,0,0,0,0,0
ACC_00659,0,23,48562.7,25283.37,3735.59,2528.34,17,1.35,2026-01-02T15:18:00,2026-01-30T09:49:00,666.52,10,11,21,0.0952,800,21,0,0,0,0,0
ACC_00660,0,22,35798.92,28767.46,3254.45,2615.22,17,1.29,2026-01-02T07:07:00,2026-01-30T11:04:00,675.95,10,10,20,0.0,800,20,0,0,0,0,0
ACC_00661,0,28,29818.1,47050.57,2484.84,2940.66,19,1.47,2026-01-01T13:43:00,2026-01-28T10:49:00,645.1,13,12,25,0.16,800,25,0,3,0,3,3
ACC_00662,0,22,27908.53,29561.53,2146.81,3284.61,18,1.22,2026-01-02T05:43:00,2026-01-29T15:50:00,658.12,9,13,22,0.1818,800,22,0,3,0,3,3
ACC_00663,0,24,40063.67,17634.8,2503.98,2204.35,14,1.71,2026-01-03T05:41:00,2026-01-30T13:04:00,655.38,8,16,24,0.0,800,24,0,3,0,3,3
ACC_00664,0,23,32270.66,27453.64,2689.22,2495.79,17,1.35,2026-01-02T20:33:00,2026-01-26T15:03:00,570.5,11,12,23,0.1739,800,23,0,3,0,3,3
ACC_00665,0,21,22798.89,26590.01,2279.89,2417.27,17,1.24,2026-01-03T01:29:00,2026-01-30T22:44:00,669.25,11,10,21,0.0,800,21,0,0,0,3,0
ACC_00666,0,15,7830.65,31624.29,2610.22,2635.36,13,1.15,2026-01-01T11:33:00,2026-01-28T20:32:00,656.98,11,3,14,0.0,800,14,0,0,0,3,0
ACC_00667,0,14,20242.02,11599.43,2249.11,2319.89,13,1.08,2026-01-03T12:35:00,2026-01-28T20:57:00,608.37,5,9,14,0.0,800,14,0,0,0,3,0
ACC_00668,0,16,29295.17,11737.63,2441.26,2934.41,10,1.6,2026-01-03T21:45:00,2026-01-30T18:54:00,645.15,4,12,16,0.0,800,16,0,0,0,3,0
ACC_00669,0,10,16256.7,2397.3,2322.39,799.1,9,1.11,2026-01-04T18:33:00,2026-01-30T06:36:00,612.05,3,7,10,0.0,800,10,0,0,0,0,0
ACC_00670,0,21,22018.35,32396.3,2201.84,2945.12,14,1.5,2026-01-01T11:33:00,2026-01-29T20:32:00,680.98,11,9,20,0.0,800,20,0,0,0,0,0
ACC_00671,0,21,29167.2,22815.99,2083.37,3259.43,14,1.5,2026-01-01T03:34:00,2026-01-30T00:21:00,692.78,7,14,21,0.0,800,21,0,0,0,0,0
ACC_00672,0,23,22284.1,26096.55,2228.41,2007.43,16,1.44,2026-01-01T13:43:00,2026-01-30T11:04:00,693.35,13,9,22,0.1818,800,22,0,0,0,0,0
ACC_00673,0,29,21205.48,48102.1,1767.12,2829.54,20,1.45,2026-01-02T05:36:00,2026-01-29T17:48:00,660.2,16,12,28,0.1429,800,28,0,0,0,1,0
ACC_00674,0,22,16887.49,30344.28,2814.58,1896.52,18,1.22,2026-01-04T19:34:00,2026-01-30T09:49:00,614.25,14,6,20,0.0,800,20,0,0,0,1,0
ACC_00675,0,23,38503.83,17581.8,2961.83,1758.18,16,1.44,2026-01-03T06:44:00,2026-01-30T19:46:00,661.03,9,13,22,0.0,800,22,0,0,0,0,0
ACC_00676,0,21,20374.86,29365.3,2037.49,2669.57,15,1.4,2026-01-02T05:36:00,2026-01-30T11:04:00,677.47,11,9,20,0.0,800,20,0,0,0,0,0
ACC_00677,0,23,46414.51,15407.68,2900.91,2201.1,16,1.44,2026-01-01T08:23:00,2026-01-29T03:28:00,667.08,7,14,21,0.0952,800,21,0,0,0,0,0
ACC_00678,0,18,19550.62,23379.05,2172.29,2597.67,16,1.12,2026-01-02T05:47:00,2026-01-29T23:23:00,665.6,9,9,18,0.2222,800,18,0,0,0,0,0
ACC_00679,0,25,33328.66,22452.87,2221.91,2245.29,17,1.47,2026-01-01T17:05:00,2026-01-30T07:53:00,686.8,10,14,24,0.25,800,24,0,0,0,0,0
ACC_00680,0,16,26192.61,17739.9,3274.08,2217.49,12,1.33,2026-01-02T09:04:00,2026-01-29T23:23:00,662.32,8,8,16,0.125,800,16,0,0,0,0,0
ACC_00681,0,18,29018.66,19281.36,2901.87,2410.17,12,1.5,2026-01-01T14:43:00,2026-01-29T10:02:00,667.32,8,10,18,0.1111,800,18,0,0,0,0,0
ACC_00682,0,22,28916.61,20707.66,2628.78,1882.51,14,1.57,2026-01-01T20:20:00,2026-01-30T13:04:00,688.73,10,11,21,0.0,800,21,0,0,0,0,0
ACC_00683,0,25,21116.1,32621.83,1759.67,2509.37,15,1.67,2026-01-02T01:52:00,2026-01-29T12:22:00,658.5,13,12,25,0.16,800,25,0,0,0,0,0
ACC_00684,0,18,26192.21,17585.86,2619.22,2198.23,14,1.29,2026-01-02T06:04:00,2026-01-29T12:00:00,653.93,8,10,18,0.1111,800,18,0,0,0,0,0
ACC_00685,0,25,40211.52,30393.14,2872.25,2763.01,18,1.39,2026-01-01T00:42:00,2026-01-30T16:10:00,711.47,11,14,25,0.0,800,25,0,0,0,0,0
ACC_00686,0,16,6533.49,27653.59,2177.83,2127.2,13,1.23,2026-01-03T10:39:00,2026-01-30T22:05:00,659.43,13,3,16,0.125,800,16,0,0,0,0,0
ACC_00687,0,17,18793.74,17854.37,2684.82,1785.44,14,1.21,2026-01-03T16:20:00,2026-01-29T07:26:00,615.1,9,7,16,0.125,800,16,0,0,0,0,0
ACC_00688,0,14,14406.79,20618.74,2058.11,2945.53,10,1.4,2026-01-04T17:36:00,2026-01-26T05:17:00,515.68,7,7,14,0.0,800,14,0,0,0,0,0
ACC_00689,0,18,20009.14,27182.16,2223.24,3020.24,16,1.12,2026-01-01T21:02:00,2026-01-30T10:24:00,685.37,9,9,18,0.3333,800,18,0,0,0,0,0
ACC_00690,0,16,10104.78,22024.06,2526.19,1835.34,13,1.23,2026-01-01T11:55:00,2026-01-23T20:06:00,536.18,8,4,12,0.0,800,12,0,0,2,2,2
ACC_00691,0,25,25109.12,42540.45,1931.47,3545.04,16,1.56,2026-01-03T15:40:00,2026-01-27T16:14:00,576.57,11,13,24,0.1667,800,24,0,0,2,2,2
ACC_00692,0,18,12982.68,16654.05,1622.84,1665.4,13,1.38,2026-01-01T20:14:00,2026-01-30T08:57:00,684.72,9,8,17,0.1176,800,17,0,0,2,2,2
ACC_00693,0,17,12143.78,27594.3,2023.96,2508.57,14,1.21,2026-01-01T08:40:00,2026-01-27T20:34:00,635.9,11,4,15,0.0,800,15,0,0,0,0,0
ACC_00694,0,22,40038.02,19440.6,3336.5,1944.06,15,1.47,2026-01-03T15:24:00,2026-01-29T12:35:00,621.18,10,11,21,0.1905,800,21,0,2,0,2,2
ACC_00695,0,26,31022.83,22947.71,2386.37,1765.21,17,1.53,2026-01-04T21:08:00,2026-01-30T22:44:00,625.6,13,12,25,0.08,800,25,0,2,0,2,2
ACC_00696,0,27,25281.62,41336.15,2298.33,2583.51,17,1.59,2026-01-02T16:47:00,2026-01-30T18:12:00,673.42,15,11,26,0.0769,800,26,0,2,0,2,2
ACC_00697,0,28,24438.05,33902.44,1879.85,2260.16,16,1.75,2026-01-02T14:09:00,2026-01-29T04:56:00,638.78,15,12,27,0.0741,800,27,0,0,0,0,0
ACC_00698,0,25,33706.09,26597.36,2592.78,2216.45,16,1.56,2026-01-03T07:27:00,2026-01-29T20:16:00,636.82,12,12,24,0.1667,800,24,0,0,0,0,0
ACC_00699,0,23,29662.2,26807.44,2281.71,2680.74,17,1.35,2026-01-01T17:05:00,2026-01-30T20:46:00,699.68,10,12,22,0.0909,800,22,0,3,3,0,3
ACC_00700,0,15,28428.08,14484.63,2842.81,2896.93,13,1.15,2026-01-01T13:26:00,2026-01-30T18:12:00,700.77,4,10,14,0.1429,800,14,0,3,3,0,3
ACC_00701,0,25,23620.55,35274.43,2147.32,2519.6,14,1.79,2026-01-01T07:53:00,2026-01-30T06:50:00,694.95,11,11,22,0.0909,800,22,0,3,3,0,3
ACC_00702,0,31,49176.8,29474.76,2892.75,2105.34,22,1.41,2026-01-01T21:36:00,2026-01-30T21:29:00,695.88,13,16,29,0.2759,800,29,0,3,3,0,3
ACC_00703,0,17,33058.76,12216.42,2542.98,3054.11,13,1.31,2026-01-06T14:37:00,2026-01-27T15:13:00,504.6,4,13,17,0.0,800,17,0,0,0,3,0
ACC_00704,0,15,32167.96,6994.46,2680.66,2331.49,13,1.15,2026-01-02T18:21:00,2026-01-29T15:15:00,644.9,3,12,15,0.0,800,15,0,0,0,3,0
ACC_00705,0,20,18725.93,23802.51,2675.13,1830.96,16,1.25,2026-01-01T17:02:00,2026-01-30T09:13:00,688.18,12,7,19,0.0,800,19,0,0,0,3,0
ACC_00706,0,18,26147.51,19670.49,2377.05,2810.07,15,1.2,2026-01-01T18:59:00,2026-01-27T15:12:00,620.22,7,11,18,0.1111,800,18,0,0,0,3,0
ACC_00707,0,25,16240.65,42379.01,2030.08,2492.88,21,1.19,2026-01-01T07:34:00,2026-01-29T15:10:00,679.6,16,8,24,0.0,800,24,1,0,0,0,0
ACC_00708,0,11,18852.83,5104.07,2356.6,1701.36,10,1.1,2026-01-01T10:19:00,2026-01-30T21:54:00,707.58,3,8,11,0.0,800,11,1,0,0,0,0
ACC_00709,0,24,29128.14,16993.5,1941.88,1888.17,18,1.33,2026-01-02T02:51:00,2026-01-30T11:31:00,680.67,9,15,24,0.1667,800,24,0,0,0,0,0
ACC_00710,0,25,25998.25,25858.28,2363.48,1847.02,19,1.32,2026-01-01T18:13:00,2026-01-30T01:43:00,679.5,11,11,22,0.1818,800,22,0,0,3,0,0
ACC_00711,0,22,18337.53,31807.42,1667.05,2891.58,17,1.29,2026-01-01T07:53:00,2026-01-29T21:34:00,685.68,11,11,22,0.1818,800,22,0,0,3,0,0
ACC_00712,0,21,16999.12,24328.55,2124.89,1871.43,14,1.5,2026-01-02T13:48:00,2026-01-25T23:22:00,561.57,12,8,20,0.1,800,20,0,0,3,0,0
ACC_00713,0,16,27373.17,24338.17,3041.46,3476.88,13,1.23,2026-01-02T10:45:00,2026-01-27T20:06:00,609.35,6,9,15,0.0,800,15,0,0,3,0,0
ACC_00714,0,19,28634.37,15930.13,2863.44,1770.01,13,1.46,2026-01-02T17:39:00,2026-01-30T06:07:00,660.47,9,7,16,0.125,800,16,0,0,0,0,0
ACC_00715,0,29,42661.6,28548.38,2666.35,2196.03,17,1.71,2026-01-01T03:52:00,2026-01-29T21:34:00,689.7,13,16,29,0.1379,800,29,0,0,0,0,0
ACC_00716,0,16,21786.36,11936.52,1980.58,2387.3,13,1.23,2026-01-02T03:46:00,2026-01-29T10:18:00,654.53,5,11,16,0.0,800,16,0,0,0,0,0
ACC_00717,0,18,11447.19,35614.49,1635.31,3237.68,16,1.12,2026-01-04T22:44:00,2026-01-25T07:24:00,488.67,11,7,18,0.2222,800,18,0,0,0,0,0
ACC_00718,0,26,40156.72,32858.94,2677.11,2987.18,16,1.62,2026-01-01T09:59:00,2026-01-30T23:18:00,709.32,10,14,24,0.1667,800,24,1,1,0,0,1
ACC_00719,0,22,16238.32,40379.53,1804.26,3106.12,17,1.29,2026-01-02T21:54:00,2026-01-30T06:28:00,656.57,13,9,22,0.1818,800,22,1,1,0,0,1
ACC_00720,0,20,17584.66,22711.79,1953.85,2064.71,15,1.33,2026-01-02T23:45:00,2026-01-30T11:54:00,660.15,11,9,20,0.0,800,20,0,0,0,0,0
ACC_00721,0,14,11432.11,17494.22,2858.03,1749.42,12,1.17,2026-01-02T19:29:00,2026-01-28T07:37:00,612.13,9,4,13,0.0,800,13,0,0,0,0,0
ACC_00722,0,19,16611.81,34299.5,2373.12,2858.29,15,1.27,2026-01-01T02:55:00,2026-01-30T06:28:00,699.55,11,7,18,0.1111,800,18,0,0,0,0,0
ACC_00723,0,11,16207.03,17915.93,2701.17,3583.19,11,1.0,2026-01-06T02:58:00,2026-01-28T19:19:00,544.35,5,6,11,0.0,800,11,0,0,0,0,0
ACC_00724,0,13,23026.35,5927.9,2302.63,1975.97,12,1.08,2026-01-01T09:59:00,2026-01-25T21:09:00,587.17,3,10,13,0.1538,800,13,0,0,0,0,0
ACC_00725,0,19,19539.76,23430.54,2171.08,2343.05,14,1.36,2026-01-01T12:37:00,2026-01-29T18:20:00,677.72,10,9,19,0.0,800,19,0,0,0,0,0
ACC_00726,0,17,26074.29,26546.93,3259.29,2949.66,13,1.31,2026-01-01T17:31:00,2026-01-30T21:29:00,699.97,8,8,16,0.25,800,16,0,0,0,0,0
ACC_00727,0,23,26260.59,34726.05,2917.84,2480.43,13,1.77,2026-01-01T02:55:00,2026-01-26T10:02:00,607.12,14,7,21,0.0,800,21,0,0,0,0,0
ACC_00728,0,23,35772.97,26267.55,2555.21,2918.62,19,1.21,2026-01-03T10:31:00,2026-01-27T04:43:00,570.2,7,11,18,0.0,800,18,0,0,0,0,0
ACC_00729,0,16,19325.92,23081.8,2760.85,2564.64,13,1.23,2026-01-01T21:36:00,2026-01-30T11:49:00,686.22,9,7,16,0.125,800,16,0,0,0,0,0
ACC_00730,0,26,26028.51,32805.83,2002.19,2523.53,17,1.53,2026-01-02T04:53:00,2026-01-30T08:53:00,676.0,12,12,24,0.0833,800,24,0,0,0,0,0
ACC_00731,0,19,14360.25,18857.54,2051.46,1571.46,15,1.27,2026-01-01T02:27:00,2026-01-26T06:26:00,603.98,11,7,18,0.0,800,18,0,0,3,0,0
ACC_00732,0,26,22237.3,39349.01,2021.57,2623.27,15,1.73,2026-01-02T12:36:00,2026-01-30T11:31:00,670.92,13,10,23,0.1739,800,23,0,0,3,0,0
ACC_00733,0,20,13891.75,33347.02,2315.29,2381.93,16,1.25,2026-01-01T09:38:00,2026-01-26T14:00:00,604.37,13,6,19,0.1053,800,19,0,0,3,0,0
ACC_00734,0,25,33191.19,26704.07,2553.17,2225.34,17,1.47,2026-01-03T00:09:00,2026-01-30T11:41:00,659.53,11,11,22,0.0909,800,22,0,0,3,0,0
ACC_00735,0,20,29618.65,17818.44,2692.6,1979.83,17,1.18,2026-01-02T07:13:00,2026-01-29T04:16:00,645.05,9,9,18,0.0,800,18,0,0,0,0,0
ACC_00736,0,22,21057.13,33466.38,2339.68,2574.34,13,1.69,2026-01-05T14:03:00,2026-01-30T09:30:00,595.45,13,9,22,0.0909,800,22,0,0,0,0,0
ACC_00737,0,20,34142.82,19768.64,2438.77,3294.77,16,1.25,2026-01-05T19:54:00,2026-01-30T23:31:00,603.62,6,11,17,0.1176,800,17,0,0,0,0,0
ACC_00738,0,16,22891.93,11847.3,2081.08,2369.46,12,1.33,2026-01-02T19:29:00,2026-01-30T06:29:00,659.0,5,9,14,0.0,800,14,0,0,0,0,0
ACC_00739,0,17,23097.52,23315.04,2887.19,2590.56,13,1.31,2026-01-01T05:41:00,2026-01-30T13:08:00,703.45,9,8,17,0.3529,800,17,0,0,0,0,0
ACC_00740,0,15,8386.89,28283.23,2795.63,2356.94,12,1.25,2026-01-04T09:58:00,2026-01-26T09:31:00,527.55,11,3,14,0.0,800,14,0,0,0,0,0
ACC_00741,0,20,32654.61,12642.53,2332.47,2107.09,15,1.33,2026-01-01T19:33:00,2026-01-27T10:58:00,615.42,6,14,20,0.1,800,20,0,0,0,2,0
ACC_00742,0,20,27356.51,28372.66,2735.65,2837.27,14,1.43,2026-01-01T09:59:00,2026-01-29T13:42:00,675.72,10,10,20,0.1,800,20,0,0,0,2,0
ACC_00743,0,23,35609.75,28854.56,2739.21,2885.46,17,1.35,2026-01-01T05:41:00,2026-01-30T21:54:00,712.22,10,12,22,0.2727,800,22,0,0,0,2,0
ACC_00744,0,27,34298.93,42352.51,2638.38,3025.18,18,1.5,2026-01-02T07:52:00,2026-01-28T12:08:00,628.27,11,11,22,0.1818,800,22,0,0,0,3,0
ACC_00745,0,21,28917.43,23663.35,2409.79,2629.26,15,1.4,2026-01-02T22:15:00,2026-01-23T20:44:00,502.48,9,11,20,0.0,800,20,0,0,0,3,0
ACC_00746,0,15,17448.94,18308.41,2492.71,2288.55,10,1.5,2026-01-01T13:46:00,2026-01-28T05:25:00,639.65,8,7,15,0.0,800,15,0,0,0,3,0
ACC_00747,0,19,21796.78,20929.25,2724.6,1902.66,14,1.36,2026-01-04T21:10:00,2026-01-28T10:41:00,565.52,11,8,19,0.0,800,19,0,0,0,3,0
ACC_00748,0,28,33407.29,26460.15,2087.96,2205.01,20,1.4,2026-01-03T01:18:00,2026-01-29T22:39:00,645.35,11,14,25,0.08,800,25,0,0,0,0,0
ACC_00749,0,14,13867.52,20246.91,1981.07,2892.42,13,1.08,2026-01-02T03:46:00,2026-01-30T00:12:00,668.43,7,7,14,0.4286,800,14,0,0,0,0,0
ACC_00750,0,17,25622.73,23816.49,2846.97,2977.06,14,1.21,2026-01-02T17:12:00,2026-01-29T15:15:00,646.05,8,8,16,0.0,800,16,0,0,0,0,0
ACC_00751,0,20,22104.92,17606.11,2009.54,1956.23,14,1.43,2026-01-01T00:12:00,2026-01-30T03:18:00,699.1,8,11,19,0.0,800,19,0,0,0,0,0
ACC_00752,0,20,26896.78,38039.45,3362.1,3169.95,15,1.33,2026-01-02T21:25:00,2026-01-29T01:51:00,628.43,11,8,19,0.1053,800,19,0,0,0,0,0
ACC_00753,0,24,27891.45,34546.87,2535.59,2657.45,17,1.41,2026-01-03T01:18:00,2026-01-30T08:25:00,655.12,12,9,21,0.0,800,21,3,0,3,0,3
ACC_00754,0,16,23534.82,18257.42,2614.98,2608.2,11,1.45,2026-01-01T02:39:00,2026-01-26T21:52:00,619.22,7,9,16,0.0,800,16,3,0,3,0,3
ACC_00755,0,19,26339.29,21885.02,2633.93,2431.67,15,1.27,2026-01-01T09:38:00,2026-01-29T04:21:00,666.72,8,9,17,0.0,800,17,3,0,3,0,3
ACC_00756,0,17,19508.71,14631.29,2438.59,1625.7,13,1.31,2026-01-02T22:26:00,2026-01-28T10:37:00,612.18,9,7,16,0.0,800,16,3,0,3,0,3
ACC_00757,0,14,11392.84,22862.9,3797.61,2078.45,13,1.08,2026-01-02T06:09:00,2026-01-30T06:50:00,672.68,11,3,14,0.0,800,14,0,0,0,0,0
ACC_00758,0,23,31663.93,33594.92,2878.54,2799.58,16,1.44,2026-01-01T00:12:00,2026-01-29T22:23:00,694.18,12,11,23,0.087,800,23,0,0,0,0,0
ACC_00759,0,18,19223.99,20539.99,2136.0,2282.22,11,1.64,2026-01-08T18:59:00,2026-01-30T03:42:00,512.72,9,9,18,0.0,800,18,0,0,0,0,0
ACC_00760,0,18,31703.78,16288.68,3522.64,1809.85,14,1.29,2026-01-01T17:02:00,2026-01-30T00:33:00,679.52,9,8,17,0.1176,800,17,0,0,0,0,0
ACC_00761,0,14,23086.67,15035.76,2565.19,3007.15,14,1.0,2026-01-03T15:15:00,2026-01-30T09:13:00,641.97,5,9,14,0.1429,800,14,0,0,0,0,0
ACC_00762,0,20,24101.64,20695.22,2677.96,1881.38,13,1.54,2026-01-03T00:09:00,2026-01-29T18:01:00,641.87,9,9,18,0.0,800,18,0,0,0,0,0
ACC_00763,0,13,15969.44,19734.96,2661.57,2819.28,13,1.0,2026-01-02T08:47:00,2026-01-22T13:07:00,484.33,7,6,13,0.0,800,13,0,0,0,0,0
ACC_00764,0,23,15846.31,43131.95,2641.05,2537.17,16,1.44,2026-01-02T05:12:00,2026-01-29T08:09:00,650.95,17,6,23,0.1739,800,23,0,0,2,0,0
ACC_00765,0,18,31491.21,28062.44,3149.12,3507.8,15,1.2,2026-01-03T08:12:00,2026-01-28T12:30:00,604.3,8,10,18,0.0,800,18,0,0,2,0,0
ACC_00766,0,13,21123.93,17347.46,3520.66,2478.21,10,1.3,2026-01-03T10:38:00,2026-01-27T23:10:00,588.53,7,6,13,0.0,800,13,0,0,2,0,0
ACC_00767,0,18,20782.08,26345.69,3463.68,2195.47,14,1.29,2026-01-01T03:52:00,2026-01-29T18:09:00,686.28,12,6,18,0.0,800,18,0,0,0,0,0
ACC_00768,0,19,42413.9,12990.53,3262.61,2165.09,15,1.27,2026-01-02T05:13:00,2026-01-27T13:52:00,608.65,6,12,18,0.0,800,18,0,0,0,0,0
ACC_00769,0,16,18782.04,24291.11,3130.34,2429.11,12,1.33,2026-01-02T02:51:00,2026-01-27T17:46:00,614.92,9,6,15,0.2667,800,15,0,2,0,2,2
ACC_00770,0,14,19415.56,19277.38,2426.95,3212.9,12,1.17,2026-01-03T03:52:00,2026-01-29T02:25:00,622.55,6,8,14,0.0,800,14,0,2,0,2,2
ACC_00771,0,15,20684.06,11183.07,1880.37,2795.77,12,1.25,2026-01-01T06:49:00,2026-01-29T17:56:00,683.12,4,10,14,0.0,800,14,0,2,0,2,2
ACC_00772,0,24,25201.25,24533.15,1800.09,2453.32,18,1.33,2026-01-02T23:18:00,2026-01-29T06:16:00,630.97,10,14,24,0.1667,800,24,0,0,0,0,0
ACC_00773,0,17,14739.46,21938.89,1842.43,2437.65,12,1.42,2026-01-01T11:46:00,2026-01-30T06:19:00,690.55,9,8,17,0.0,800,17,0,0,0,0,0
ACC_00774,0,19,28640.48,12093.08,2203.11,2015.51,15,1.27,2026-01-01T05:41:00,2026-01-29T22:39:00,688.97,6,11,17,0.1176,800,17,0,0,0,0,0
ACC_00775,0,17,32495.03,11942.83,2954.09,1990.47,12,1.42,2026-01-02T20:27:00,2026-01-28T04:18:00,607.85,5,11,16,0.125,800,16,0,0,0,0,0
ACC_00776,0,24,31061.4,38245.83,3106.14,2731.85,17,1.41,2026-01-03T04:00:00,2026-01-30T00:33:00,644.55,11,10,21,0.0952,800,21,0,0,0,0,0
ACC_00777,0,17,20304.38,24634.88,2256.04,3079.36,14,1.21,2026-01-01T05:41:00,2026-01-24T17:24:00,563.72,8,9,17,0.1176,800,17,0,3,0,0,0
ACC_00778,0,26,23192.61,44796.57,2319.26,2799.79,20,1.3,2026-01-01T04:41:00,2026-01-30T03:48:00,695.12,16,9,25,0.0,800,25,0,3,0,0,0
ACC_00779,0,17,18482.8,19421.14,2640.4,1942.11,12,1.42,2026-01-03T09:09:00,2026-01-28T00:04:00,590.92,9,7,16,0.125,800,16,0,3,0,0,0
ACC_00780,0,21,32946.08,31183.2,4118.26,2398.71,16,1.31,2026-01-02T18:21:00,2026-01-30T23:18:00,676.95,13,8,21,0.0,800,21,0,3,0,0,0
ACC_00781,0,14,26067.23,10050.75,3258.4,1675.12,9,1.56,2026-01-01T13:48:00,2026-01-29T17:56:00,676.13,5,7,12,0.0,800,12,0,0,0,0,0
ACC_00782,0,22,26380.93,31690.57,2398.27,2880.96,15,1.47,2026-01-01T10:19:00,2026-01-30T11:49:00,697.5,10,10,20,0.0,800,20,0,0,0,0,0
ACC_00783,0,16,13882.88,17227.65,1983.27,1914.18,11,1.45,2026-01-05T02:47:00,2026-01-24T23:47:00,477.0,8,7,15,0.0,800,15,3,3,0,0,3
ACC_00784,0,16,17581.72,24665.97,2930.29,2466.6,13,1.23,2026-01-01T19:33:00,2026-01-26T02:57:00,583.4,10,6,16,0.0,800,16,3,3,0,0,3
ACC_00785,0,21,15655.4,41763.82,2236.49,2983.13,13,1.62,2026-01-03T21:54:00,2026-01-30T01:43:00,627.82,12,6,18,0.1111,800,18,3,3,0,0,3
ACC_00786,0,20,33587.7,18372.46,2798.97,2296.56,14,1.43,2026-01-01T02:39:00,2026-01-27T16:32:00,637.88,7,10,17,0.0,800,17,3,3,0,0,3
ACC_00787,0,20,25704.37,15699.31,2142.03,1962.41,17,1.18,2026-01-02T08:17:00,2026-01-30T18:17:00,682.0,7,11,18,0.1111,800,18,2,0,0,0,0
ACC_00788,0,18,24245.61,19868.03,2424.56,2483.5,12,1.5,2026-01-03T04:52:00,2026-01-30T06:19:00,649.45,8,10,18,0.0,800,18,2,0,0,0,0
ACC_00789,0,27,37175.19,28812.8,2323.45,2619.35,18,1.5,2026-01-01T06:49:00,2026-01-30T18:17:00,707.47,11,15,26,0.1538,800,26,2,0,0,0,0
ACC_00790,0,24,34348.22,30229.78,2453.44,3022.98,18,1.33,2026-01-02T02:15:00,2026-01-30T13:08:00,682.88,10,13,23,0.087,800,23,0,0,0,0,0
ACC_00791,0,17,18969.07,20053.67,2107.67,2506.71,12,1.42,2026-01-02T14:21:00,2026-01-30T23:31:00,681.17,8,9,17,0.1176,800,17,0,0,0,2,0
ACC_00792,0,22,17941.06,39314.09,2563.01,2620.94,14,1.57,2026-01-01T13:46:00,2026-01-30T11:45:00,693.98,13,7,20,0.2,800,20,0,0,0,2,0
ACC_00793,0,20,25091.31,26764.37,2281.03,2973.82,16,1.25,2026-01-02T06:09:00,2026-01-30T06:29:00,672.33,9,11,20,0.0,800,20,0,0,0,2,0
ACC_00794,0,14,12383.62,18127.78,2063.94,2265.97,10,1.4,2026-01-01T07:34:00,2026-01-29T18:09:00,682.58,8,6,14,0.0,800,14,0,3,0,0,0
ACC_00795,0,25,31607.51,21498.9,2257.68,1954.45,18,1.39,2026-01-02T02:15:00,2026-01-30T11:45:00,681.5,10,11,21,0.0952,800,21,0,3,0,0,0
ACC_00796,0,26,39636.94,22054.77,2831.21,1837.9,19,1.37,2026-01-01T07:55:00,2026-01-29T17:13:00,681.3,11,13,24,0.1667,800,24,0,3,0,0,0
ACC_00797,0,25,22757.91,38590.51,1896.49,2968.5,16,1.56,2026-01-01T17:31:00,2026-01-28T12:08:00,642.62,12,12,24,0.0833,800,24,0,3,0,0,0
ACC_00798,0,29,31843.22,40061.13,2274.52,2670.74,20,1.45,2026-01-01T11:46:00,2026-01-29T02:18:00,662.53,15,13,28,0.0714,800,28,0,0,1,1,1
ACC_00799,0,22,19074.73,37910.77,1907.47,3159.23,13,1.69,2026-01-01T18:13:00,2026-01-28T21:51:00,651.63,12,9,21,0.1905,800,21,0,0,1,1,1
ACC_00800,0,12,19651.85,15443.22,2807.41,3088.64,10,1.2,2026-01-01T09:59:00,2026-01-27T23:43:00,637.73,5,7,12,0.0,800,12,0,0,0,0,0
ACC_00801,0,21,18332.92,31673.55,1833.29,2879.41,15,1.4,2026-01-01T04:54:00,2026-01-29T06:11:00,673.28,11,10,21,0.0952,800,21,0,0,0,0,0
ACC_00802,0,19,24152.76,18616.6,2415.28,2068.51,14,1.36,2026-01-01T01:38:00,2026-01-29T08:32:00,678.9,9,10,19,0.1053,800,19,0,0,0,0,0
ACC_00803,0,21,25668.53,31193.73,2566.85,2835.79,18,1.17,2026-01-02T01:55:00,2026-01-30T22:59:00,693.07,9,10,19,0.1053,800,19,0,0,0,3,0
ACC_00804,0,21,40238.31,17886.06,3353.19,1987.34,12,1.75,2026-01-02T08:01:00,2026-01-30T16:32:00,680.52,7,10,17,0.1176,800,17,0,0,0,3,0
ACC_00805,0,22,37742.34,17611.61,2903.26,1956.85,17,1.29,2026-01-01T08:51:00,2026-01-30T03:43:00,690.87,9,13,22,0.0909,800,22,0,0,0,3,0
ACC_00806,0,24,38168.78,30231.66,2726.34,3023.17,17,1.41,2026-01-01T01:05:00,2026-01-29T00:54:00,671.82,10,13,23,0.0,800,23,0,0,0,3,0
ACC_00807,0,18,27122.93,29973.54,3013.66,3330.39,13,1.38,2026-01-01T12:43:00,2026-01-30T16:18:00,699.58,9,9,18,0.1111,800,18,0,0,0,0,0
ACC_00808,0,21,21933.53,21807.11,2193.35,1982.46,13,1.62,2026-01-02T02:57:00,2026-01-30T18:25:00,687.47,11,10,21,0.0,800,21,0,2,0,0,0
ACC_00809,0,20,27290.35,25185.89,2274.2,3148.24,14,1.43,2026-01-08T04:30:00,2026-01-30T12:07:00,535.62,8,12,20,0.0,800,20,0,2,0,0,0
ACC_00810,0,17,11851.83,32764.43,2370.37,2730.37,13,1.31,2026-01-01T02:55:00,2026-01-28T07:19:00,652.4,12,5,17,0.0,800,17,0,2,0,0,0
ACC_00811,0,17,29116.24,20037.89,2911.62,2862.56,15,1.13,2026-01-01T08:30:00,2026-01-29T23:56:00,687.43,7,10,17,0.0,800,17,0,0,2,2,2
ACC_00812,0,21,29840.7,25064.38,2984.07,2278.58,16,1.31,2026-01-01T01:36:00,2026-01-30T19:13:00,713.62,10,10,20,0.2,800,20,0,0,2,2,2
ACC_00813,0,18,12948.07,23310.38,1438.67,2590.04,12,1.5,2026-01-01T20:26:00,2026-01-30T20:17:00,695.85,8,8,16,0.125,800,16,0,0,2,2,2
ACC_00814,0,21,36644.4,19714.87,2818.8,2464.36,18,1.17,2026-01-01T01:16:00,2026-01-29T20:14:00,690.97,7,11,18,0.1111,800,18,0,0,0,0,0
ACC_00815,0,20,15260.63,32720.99,2543.44,2337.21,13,1.54,2026-01-04T00:07:00,2026-01-29T00:21:00,600.23,13,6,19,0.1053,800,19,0,0,0,0,0
ACC_00816,0,31,26565.45,47689.99,2213.79,2510.0,17,1.82,2026-01-01T17:37:00,2026-01-30T22:59:00,701.37,18,10,28,0.1429,800,28,0,0,0,0,0
ACC_00817,0,18,24178.05,27774.53,2686.45,3086.06,15,1.2,2026-01-02T12:13:00,2026-01-28T23:04:00,634.85,9,9,18,0.1111,800,18,0,0,0,0,0
ACC_00818,0,19,17254.54,21612.02,1725.45,2401.34,14,1.36,2026-01-01T01:16:00,2026-01-30T19:35:00,714.32,7,9,16,0.125,800,16,0,0,0,0,0
ACC_00819,0,27,32283.39,51249.01,3228.34,3014.65,18,1.5,2026-01-01T16:53:00,2026-01-29T09:42:00,664.82,16,10,26,0.0,800,26,0,0,0,0,0
ACC_00820,0,19,14328.37,31847.38,2046.91,2653.95,16,1.19,2026-01-01T08:30:00,2026-01-30T16:49:00,704.32,11,6,17,0.0,800,17,0,0,2,2,2
ACC_00821,0,20,39056.2,20978.13,3254.68,2622.27,15,1.33,2026-01-01T02:55:00,2026-01-30T23:22:00,716.45,8,12,20,0.2,800,20,0,0,2,2,2
ACC_00822,0,24,26684.53,31034.55,1906.04,3103.45,15,1.6,2026-01-02T05:52:00,2026-01-30T22:53:00,689.02,9,14,23,0.087,800,23,0,0,2,2,2
ACC_00823,0,16,18461.02,21158.0,2637.29,2350.89,11,1.45,2026-01-01T01:33:00,2026-01-29T05:26:00,675.88,9,7,16,0.0,800,16,0,0,0,0,0
ACC_00824,0,17,19696.81,28210.89,1969.68,4030.13,13,1.31,2026-01-01T23:45:00,2026-01-29T22:16:00,670.52,7,10,17,0.0,800,17,0,0,0,0,0
ACC_00825,0,27,33007.62,32447.22,2539.05,2317.66,19,1.42,2026-01-02T12:42:00,2026-01-30T15:09:00,674.45,13,11,24,0.1667,800,24,0,0,3,0,0
ACC_00826,0,19,17317.38,16650.05,1574.31,2081.26,12,1.58,2026-01-04T11:19:00,2026-01-27T01:32:00,542.22,8,11,19,0.0,800,19,0,0,3,0,0
ACC_00827,0,21,22396.02,38263.42,2799.5,2943.34,16,1.31,2026-01-01T22:09:00,2026-01-30T18:59:00,692.83,11,8,19,0.1053,800,19,0,0,3,0,0
ACC_00828,0,21,23425.01,19619.22,2129.55,1961.92,16,1.31,2026-01-02T07:51:00,2026-01-28T05:29:00,621.63,10,11,21,0.1905,800,21,0,0,3,0,0
ACC_00829,0,22,40311.27,14706.08,2519.45,2451.01,16,1.38,2026-01-02T07:26:00,2026-01-30T10:49:00,675.38,6,16,22,0.1818,800,22,3,0,3,0,3
ACC_00830,0,22,27721.51,21918.28,2520.14,1992.57,16,1.38,2026-01-04T19:19:00,2026-01-30T20:16:00,624.95,11,10,21,0.1905,800,21,3,0,3,0,3
ACC_00831,0,15,31277.67,16012.43,3127.77,3202.49,12,1.25,2026-01-01T02:05:00,2026-01-29T06:11:00,676.1,5,9,14,0.1429,800,14,3,0,3,0,3
ACC_00832,0,14,10723.44,25758.37,3574.48,2341.67,11,1.27,2026-01-04T21:41:00,2026-01-30T14:28:00,616.78,10,3,13,0.1538,800,13,3,0,3,0,3
ACC_00833,0,14,8596.24,22271.04,2149.06,2227.1,13,1.08,2026-01-01T13:30:00,2026-01-30T19:09:00,701.65,10,4,14,0.1429,800,14,0,0,0,0,0
ACC_00834,0,19,22387.69,14932.72,1865.64,2133.25,16,1.19,2026-01-01T15:23:00,2026-01-29T20:14:00,676.85,6,11,17,0.1176,800,17,0,0,0,0,0
ACC_00835,0,20,19108.79,35950.67,2388.6,2995.89,12,1.67,2026-01-02T02:57:00,2026-01-30T12:07:00,681.17,11,7,18,0.0,800,18,0,0,0,0,0
ACC_00836,0,18,16699.96,35773.99,2385.71,3252.18,15,1.2,2026-01-01T08:51:00,2026-01-29T11:31:00,674.67,10,7,17,0.0,800,17,0,0,0,0,0
ACC_00837,0,20,40443.66,25515.23,3676.7,2835.03,16,1.25,2026-01-01T13:56:00,2026-01-30T10:49:00,692.88,9,11,20,0.0,800,20,0,2,0,0,0
ACC_00838,0,23,36452.98,16738.28,2804.08,1673.83,15,1.53,2026-01-02T21:44:00,2026-01-29T06:14:00,632.5,10,13,23,0.2609,800,23,0,2,0,0,0
ACC_00839,0,16,27268.33,28437.06,3408.54,3554.63,11,1.45,2026-01-01T17:16:00,2026-01-28T23:04:00,653.8,8,8,16,0.125,800,16,0,2,0,0,0
ACC_00840,0,14,17276.13,20989.64,2879.36,2623.7,13,1.08,2026-01-03T22:44:00,2026-01-29T11:40:00,612.93,8,6,14,0.0,800,14,0,0,0,0,0
ACC_00841,0,18,19947.97,34347.25,2849.71,3122.48,12,1.5,2026-01-02T08:01:00,2026-01-29T12:37:00,652.6,11,6,17,0.2353,800,17,0,0,0,0,0
ACC_00842,0,23,21645.22,36142.41,2164.52,2780.19,15,1.53,2026-01-01T14:54:00,2026-01-29T09:45:00,666.85,12,10,22,0.0,800,22,0,0,0,0,0
ACC_00843,0,24,43233.23,22018.89,2882.22,2446.54,17,1.41,2026-01-01T01:36:00,2026-01-30T10:43:00,705.12,8,15,23,0.087,800,23,0,0,0,0,0
ACC_00844,0,17,22553.53,14241.39,2050.32,2373.57,14,1.21,2026-01-01T22:37:00,2026-01-29T11:01:00,660.4,6,10,16,0.0,800,16,0,0,0,0,0
ACC_00845,0,13,8590.32,26844.5,2147.58,2982.72,12,1.08,2026-01-02T02:27:00,2026-01-29T14:50:00,660.38,7,4,11,0.0,800,11,0,0,0,0,0
ACC_00846,0,24,22282.81,29056.09,2475.87,1937.07,17,1.41,2026-01-02T08:42:00,2026-01-29T22:16:00,661.57,15,9,24,0.1667,800,24,0,0,0,0,0
ACC_00847,0,17,25296.12,24141.11,3162.01,2682.35,13,1.31,2026-01-01T10:17:00,2026-01-27T13:38:00,627.35,9,8,17,0.0,800,17,0,0,0,0,0
ACC_00848,0,23,41387.66,19297.75,2759.18,2412.22,17,1.35,2026-01-01T05:24:00,2026-01-30T23:22:00,713.97,8,15,23,0.0,800,23,0,0,0,0,0
ACC_00849,0,17,24464.22,16799.72,2718.25,2099.97,11,1.55,2026-01-02T20:23:00,2026-01-29T12:37:00,640.23,7,9,16,0.125,800,16,0,0,0,0,0
ACC_00850,0,21,26072.27,31508.83,2896.92,2625.74,15,1.4,2026-01-02T21:44:00,2026-01-30T18:25:00,668.68,12,9,21,0.1905,800,21,0,0,0,0,0
ACC_00851,0,25,29583.97,28575.22,2275.69,2381.27,19,1.32,2026-01-02T08:42:00,2026-01-29T11:02:00,650.33,12,12,24,0.0833,800,24,0,0,0,0,0
ACC_00852,0,20,26241.38,27900.28,2624.14,2790.03,17,1.18,2026-01-04T03:17:00,2026-01-30T07:25:00,628.13,10,10,20,0.2,800,20,0,0,0,2,0
ACC_00853,0,22,37291.24,24948.85,3107.6,2494.88,16,1.38,2026-01-01T05:46:00,2026-01-29T21:57:00,688.18,9,12,21,0.0,800,21,0,0,0,2,0
ACC_00854,0,21,31941.29,37451.04,3194.13,3404.64,14,1.5,2026-01-04T18:49:00,2026-01-25T12:41:00,497.87,9,10,19,0.0,800,19,0,0,0,2,0
ACC_00855,0,26,51813.15,12502.44,2878.51,1562.81,18,1.44,2026-01-01T13:56:00,2026-01-30T22:53:00,704.95,8,16,24,0.1667,800,24,0,0,1,1,1
ACC_00856,0,27,51798.5,27584.12,3046.97,2758.41,18,1.5,2026-01-04T08:02:00,2026-01-30T20:18:00,636.27,10,16,26,0.0,800,26,0,0,1,1,1
ACC_00857,0,16,14574.17,20417.41,2082.02,2268.6,13,1.23,2026-01-01T15:03:00,2026-01-30T01:10:00,682.12,9,6,15,0.0,800,15,0,0,0,0,0
ACC_00858,0,19,29354.22,11162.33,2096.73,2232.47,13,1.46,2026-01-01T01:05:00,2026-01-29T18:40:00,689.58,5,14,19,0.0,800,19,0,0,0,0,0
ACC_00859,0,26,30524.54,31343.37,2348.04,2411.03,15,1.73,2026-01-02T15:06:00,2026-01-29T08:32:00,641.43,13,12,25,0.24,800,25,0,0,2,0,0
ACC_00860,0,22,25419.51,32010.89,2310.86,2910.08,14,1.57,2026-01-02T02:27:00,2026-01-29T05:59:00,651.53,11,10,21,0.1905,800,21,0,0,2,0,0
ACC_00861,0,12,18392.61,13978.2,3065.43,2329.7,11,1.09,2026-01-01T04:54:00,2026-01-30T12:36:00,703.7,6,5,11,0.1818,800,11,0,0,2,0,0
ACC_00862,0,21,31063.87,30410.33,2823.99,3041.03,16,1.31,2026-01-04T21:41:00,2026-01-29T03:31:00,581.83,9,10,19,0.1053,800,19,0,0,0,0,0
ACC_00863,0,14,23948.16,8045.07,2394.82,2011.27,12,1.17,2026-01-02T23:53:00,2026-01-29T15:15:00,639.37,4,10,14,0.1429,800,14,0,0,0,0,0
ACC_00864,0,28,39443.05,34735.5,2629.54,2671.96,21,1.33,2026-01-02T21:25:00,2026-01-30T13:33:00,664.13,12,13,25,0.08,800,25,0,0,1,1,1
ACC_00865,0,29,33639.4,41947.01,2587.65,2621.69,20,1.45,2026-01-01T22:12:00,2026-01-29T11:40:00,661.47,14,13,27,0.1481,800,27,0,0,1,1,1
ACC_00866,0,16,14122.89,17884.18,2353.82,1788.42,10,1.6,2026-01-01T20:26:00,2026-01-30T19:35:00,695.15,10,5,15,0.1333,800,15,0,0,0,0,0
ACC_00867,0,17,24729.22,27813.97,2747.69,3476.75,11,1.55,2026-01-05T17:23:00,2026-01-30T18:32:00,601.15,6,9,15,0.1333,800,15,0,0,0,0,0
ACC_00868,0,15,17072.99,18904.42,2439.0,2363.05,12,1.25,2026-01-03T13:55:00,2026-01-26T16:04:00,554.15,8,6,14,0.0,800,14,0,0,0,3,0
ACC_00869,0,25,31738.44,37311.45,2644.87,2870.11,17,1.47,2026-01-01T15:23:00,2026-01-30T03:58:00,684.58,11,12,23,0.087,800,23,0,0,0,3,0
ACC_00870,0,17,15141.83,23098.7,2163.12,2309.87,13,1.31,2026-01-01T14:20:00,2026-01-30T20:16:00,701.93,8,7,15,0.1333,800,15,0,0,0,3,0
ACC_00871,0,19,10808.0,37818.66,2161.6,2701.33,10,1.9,2026-01-01T02:05:00,2026-01-30T16:32:00,710.45,13,5,18,0.1111,800,18,0,0,0,3,0
ACC_00872,0,22,25932.39,35409.52,3241.55,2529.25,17,1.29,2026-01-04T07:03:00,2026-01-30T18:59:00,635.93,13,7,20,0.4,800,20,0,0,0,0,0
ACC_00873,0,11,9302.23,10963.95,1860.45,1827.33,8,1.38,2026-01-06T02:14:00,2026-01-26T16:41:00,494.45,6,5,11,0.0,800,11,0,0,0,0,0
ACC_00874,0,21,18160.44,33302.24,1816.04,3027.48,14,1.5,2026-01-02T15:01:00,2026-01-29T05:30:00,638.48,11,10,21,0.1905,800,21,0,0,0,0,0
ACC_00875,0,19,28825.45,28995.88,2882.55,3221.76,16,1.19,2026-01-03T08:35:00,2026-01-30T02:40:00,642.08,8,10,18,0.1111,800,18,0,0,0,0,0
ACC_00876,0,20,24434.83,22948.31,2443.48,2294.83,13,1.54,2026-01-08T09:30:00,2026-01-30T20:18:00,538.8,10,9,19,0.1053,800,19,0,0,0,0,0
ACC_00877,0,26,38570.67,29398.92,2410.67,2939.89,17,1.53,2026-01-03T01:42:00,2026-01-27T13:52:00,588.17,10,16,26,0.0769,800,26,0,0,0,0,0
ACC_00878,0,29,38147.21,34935.78,2119.29,3175.98,17,1.71,2026-01-01T01:33:00,2026-01-30T07:25:00,701.87,11,16,27,0.0741,800,27,0,0,0,0,0
ACC_00879,0,29,51900.37,33755.07,3243.77,2596.54,19,1.53,2026-01-01T12:43:00,2026-01-28T09:36:00,644.88,13,16,29,0.069,800,29,0,0,0,0,0
ACC_00880,0,17,19926.81,21321.13,2490.85,2369.01,11,1.55,2026-01-05T15:25:00,2026-01-30T15:09:00,599.73,9,8,17,0.0,800,17,0,0,0,0,0
ACC_00881,0,14,15759.08,16022.31,2251.3,2288.9,10,1.4,2026-01-10T03:25:00,2026-01-26T13:49:00,394.4,7,6,13,0.0,800,13,0,0,0,0,0
ACC_00882,0,25,36283.96,19317.96,2791.07,1609.83,18,1.39,2026-01-02T15:01:00,2026-01-30T19:09:00,676.13,12,13,25,0.16,800,25,0,0,0,0,0
ACC_00883,0,34,45933.08,42137.86,2701.95,2478.7,22,1.55,2026-01-02T03:14:00,2026-01-30T11:41:00,680.45,17,16,33,0.1212,800,33,0,0,0,0,0
ACC_00884,0,20,18895.79,29622.64,2699.4,2278.66,16,1.25,2026-01-01T09:36:00,2026-01-29T00:44:00,663.13,12,7,19,0.1053,800,19,0,0,0,0,0
ACC_00885,0,29,30023.21,45514.62,2729.38,2528.59,17,1.71,2026-01-04T14:34:00,2026-01-30T19:13:00,628.65,18,11,29,0.2759,800,29,0,0,0,0,0
ACC_00886,0,14,15771.08,22713.74,3154.22,2523.75,11,1.27,2026-01-04T00:54:00,2026-01-26T06:39:00,533.75,9,5,14,0.2857,800,14,0,0,0,0,0
ACC_00887,0,16,18532.81,16700.09,2316.6,2087.51,14,1.14,2026-01-02T22:58:00,2026-01-29T05:30:00,630.53,7,8,15,0.0,800,15,0,0,0,0,0
ACC_00888,0,15,17119.53,18886.9,2139.94,2698.13,11,1.36,2026-01-02T22:42:00,2026-01-29T11:02:00,636.33,7,7,14,0.0,800,14,0,0,0,0,0
ACC_00889,0,17,26408.24,20213.05,2934.25,2526.63,12,1.42,2026-01-02T20:20:00,2026-01-30T03:58:00,655.63,8,9,17,0.3529,800,17,0,0,1,0,0
ACC_00890,0,17,26934.19,19261.79,2693.42,2751.68,13,1.31,2026-01-01T14:27:00,2026-01-26T12:11:00,597.73,7,10,17,0.0,800,17,0,0,1,0,0
ACC_00891,0,13,3024.54,20938.75,756.13,2326.53,13,1.0,2026-01-02T03:14:00,2026-01-27T13:53:00,610.65,9,4,13,0.0,800,13,0,0,0,0,0
ACC_00892,0,20,29317.8,39595.8,3257.53,3599.62,16,1.25,2026-01-01T13:30:00,2026-01-30T13:04:00,695.57,11,9,20,0.1,800,20,0,1,0,1,1
ACC_00893,0,17,19837.55,24558.45,2833.94,2455.85,13,1.31,2026-01-04T14:34:00,2026-01-30T10:49:00,620.25,10,7,17,0.1176,800,17,0,1,0,1,1
ACC_00894,0,20,33371.92,21267.12,2780.99,2658.39,14,1.43,2026-01-02T07:26:00,2026-01-28T16:54:00,633.47,8,11,19,0.1053,800,19,0,0,0,0,0
ACC_00895,0,16,31041.4,12572.02,2821.95,2514.4,13,1.23,2026-01-04T14:46:00,2026-01-29T07:29:00,592.72,5,10,15,0.0,800,15,0,0,0,0,0
ACC_00896,0,15,17777.12,14699.18,2962.85,1633.24,13,1.15,2026-01-04T00:07:00,2026-01-30T10:49:00,634.7,9,6,15,0.0,800,15,0,0,0,0,0
ACC_00897,0,25,24275.98,30857.28,2023.0,2373.64,17,1.47,2026-01-01T09:36:00,2026-01-30T04:06:00,690.5,13,11,24,0.0833,800,24,0,0,0,0,0
ACC_00898,0,21,28190.73,14886.91,2168.52,1860.86,12,1.75,2026-01-02T19:33:00,2026-01-30T20:17:00,672.73,8,12,20,0.0,800,20,0,0,0,0,0
ACC_00899,0,29,33299.56,35601.84,2219.97,2542.99,21,1.38,2026-01-01T06:49:00,2026-01-30T13:04:00,702.25,14,14,28,0.0714,800,28,0,0,0,0,0
ACC_00900,0,27,25255.15,40619.6,2295.92,2538.72,18,1.5,2026-01-01T05:24:00,2026-01-29T00:21:00,666.95,16,10,26,0.1538,800,26,2,2,0,0,2
ACC_00901,0,22,15282.05,36348.37,1910.26,2596.31,16,1.38,2026-01-02T09:27:00,2026-01-29T21:22:00,659.92,14,8,22,0.1818,800,22,2,2,0,0,2
ACC_00902,0,27,32636.77,29425.99,2039.8,2675.09,17,1.59,2026-01-01T04:26:00,2026-01-30T18:45:00,710.32,10,13,23,0.1739,800,23,2,2,0,0,2
ACC_00903,0,16,25034.55,18732.45,3129.32,2341.56,13,1.23,2026-01-01T09:19:00,2026-01-29T10:00:00,672.68,8,8,16,0.25,800,16,0,0,0,0,0
ACC_00904,0,21,25870.53,22495.44,2587.05,2045.04,15,1.4,2026-01-02T13:42:00,2026-01-29T10:50:00,645.13,11,9,20,0.0,800,20,0,0,0,0,0
ACC_00905,0,29,25421.42,43053.75,2824.6,2152.69,17,1.71,2026-01-03T11:43:00,2026-01-30T10:56:00,647.22,17,9,26,0.2308,800,26,0,0,0,0,0
ACC_00906,0,27,31143.18,29438.54,1946.45,2676.23,14,1.93,2026-01-04T07:02:00,2026-01-30T12:38:00,629.6,10,14,24,0.1667,800,24,0,0,0,0,0
ACC_00907,0,28,36409.29,40759.49,3034.11,2547.47,17,1.65,2026-01-04T08:45:00,2026-01-30T19:01:00,634.27,14,12,26,0.2308,800,26,0,0,2,0,0
ACC_00908,0,22,32256.49,17194.69,2150.43,2456.38,14,1.57,2026-01-02T05:23:00,2026-01-30T06:42:00,673.32,7,12,19,0.1053,800,19,0,0,2,0,0
ACC_00909,0,21,27265.51,28710.53,2478.68,2871.05,17,1.24,2026-01-02T16:35:00,2026-01-29T13:44:00,645.15,9,11,20,0.3,800,20,0,0,2,0,0
ACC_00910,0,26,29983.27,43317.0,2998.33,2707.31,19,1.37,2026-01-01T09:11:00,2026-01-29T15:59:00,678.8,15,8,23,0.087,800,23,0,0,3,0,0
ACC_00911,0,27,40322.88,28273.32,2880.21,2174.87,22,1.23,2026-01-02T03:12:00,2026-01-30T19:15:00,688.05,12,12,24,0.0833,800,24,0,0,3,0,0
ACC_00912,0,18,13293.36,30973.14,2215.56,2581.09,16,1.12,2026-01-01T01:06:00,2026-01-28T16:51:00,663.75,12,6,18,0.1111,800,18,0,0,3,0,0
ACC_00913,0,17,20361.16,24809.4,2545.14,2756.6,13,1.31,2026-01-01T21:04:00,2026-01-30T18:16:00,693.2,9,8,17,0.0,800,17,0,0,3,0,0
ACC_00914,0,16,13716.11,12594.75,1371.61,2099.12,14,1.14,2026-01-02T14:36:00,2026-01-30T04:44:00,662.13,6,10,16,0.0,800,16,2,0,0,0,0
ACC_00915,0,18,20086.71,21483.0,1826.06,3069.0,13,1.38,2026-01-01T05:16:00,2026-01-29T12:08:00,678.87,7,11,18,0.1111,800,18,2,0,0,0,0
ACC_00916,0,22,38942.4,26301.86,2781.6,3287.73,14,1.57,2026-01-03T07:39:00,2026-01-25T21:37:00,541.97,8,14,22,0.0909,800,22,2,0,0,0,0
ACC_00917,0,17,12894.26,28430.05,1842.04,2843.01,15,1.13,2026-01-02T00:19:00,2026-01-28T10:39:00,634.33,10,7,17,0.0,800,17,0,0,0,0,0
ACC_00918,0,21,24881.37,33215.03,2764.6,2767.92,16,1.31,2026-01-03T06:48:00,2026-01-29T20:39:00,637.85,12,6,18,0.1111,800,18,0,0,0,0,0
ACC_00919,0,18,18327.9,27515.82,3054.65,2292.99,15,1.2,2026-01-01T00:30:00,2026-01-30T19:24:00,714.9,12,6,18,0.1111,800,18,1,0,0,1,1
ACC_00920,0,28,31891.85,37541.64,2899.26,2208.33,15,1.87,2026-01-01T19:50:00,2026-01-30T23:58:00,700.13,17,11,28,0.0714,800,28,1,0,0,1,1
ACC_00921,0,18,15503.93,34373.69,2583.99,2864.47,17,1.06,2026-01-01T06:19:00,2026-01-29T15:37:00,681.3,12,6,18,0.0,800,18,0,0,0,0,0
ACC_00922,0,29,37641.22,43790.89,2895.48,2736.93,21,1.38,2026-01-02T16:19:00,2026-01-29T21:22:00,653.05,15,13,28,0.1429,800,28,1,1,0,0,1
ACC_00923,0,18,23658.11,20246.06,2365.81,2530.76,13,1.38,2026-01-01T06:19:00,2026-01-30T17:59:00,707.67,8,9,17,0.0,800,17,1,1,0,0,1
ACC_00924,0,18,22855.8,20945.09,2539.53,2327.23,14,1.29,2026-01-01T10:37:00,2026-01-29T19:38:00,681.02,9,9,18,0.1111,800,18,0,0,0,0,0
ACC_00925,0,21,37029.97,21906.63,3366.36,2190.66,14,1.5,2026-01-02T08:05:00,2026-01-26T13:41:00,581.6,10,10,20,0.2,800,20,0,0,0,0,0
ACC_00926,0,19,33521.24,12950.85,2578.56,2158.47,15,1.27,2026-01-06T05:17:00,2026-01-30T09:25:00,580.13,6,12,18,0.1111,800,18,0,0,0,0,0
ACC_00927,0,21,30292.77,21231.81,2330.21,2653.98,16,1.31,2026-01-01T01:40:00,2026-01-30T02:24:00,696.73,8,12,20,0.2,800,20,0,0,0,0,0
ACC_00928,0,22,18266.05,35987.42,2283.26,2570.53,17,1.29,2026-01-01T20:15:00,2026-01-26T03:26:00,583.18,14,8,22,0.0909,800,22,1,1,0,0,1
ACC_00929,0,16,21985.53,13125.18,2198.55,2187.53,13,1.23,2026-01-01T03:31:00,2026-01-30T18:16:00,710.75,6,9,15,0.0,800,15,1,1,0,0,1
ACC_00930,0,26,21933.78,49558.01,2741.72,2753.22,13,2.0,2026-01-01T00:30:00,2026-01-29T20:39:00,692.15,17,7,24,0.0,800,24,0,0,0,0,0
ACC_00931,0,13,14269.9,4828.83,1426.99,1609.61,11,1.18,2026-01-02T00:19:00,2026-01-27T12:58:00,612.65,3,10,13,0.0,800,13,1,0,1,0,1
ACC_00932,0,22,19155.59,27868.66,2128.4,2143.74,15,1.47,2026-01-01T15:30:00,2026-01-30T13:53:00,694.38,12,9,21,0.0952,800,21,1,0,1,0,1
ACC_00933,0,19,30227.06,26398.97,2747.91,3299.87,15,1.27,2026-01-01T01:06:00,2026-01-29T23:26:00,694.33,7,11,18,0.1111,800,18,1,0,0,0,0
ACC_00934,0,20,30197.52,22818.39,2516.46,2852.3,15,1.33,2026-01-01T17:54:00,2026-01-26T20:00:00,602.1,8,10,18,0.0,800,18,1,0,0,0,0
ACC_00935,0,16,25336.5,15504.71,2533.65,2584.12,11,1.45,2026-01-03T02:51:00,2026-01-30T10:56:00,656.08,4,10,14,0.0,800,14,0,0,0,0,0
ACC_00936,0,16,9748.68,41496.66,3249.56,3192.05,12,1.33,2026-01-02T11:44:00,2026-01-29T00:42:00,636.97,12,3,15,0.1333,800,15,0,0,0,0,0
ACC_00937,0,15,22091.81,21578.73,2761.48,3082.68,14,1.07,2026-01-03T22:56:00,2026-01-30T20:39:00,645.72,7,8,15,0.0,800,15,0,0,0,0,0
ACC_00938,0,18,29428.08,7716.87,2263.7,1543.37,14,1.29,2026-01-01T19:21:00,2026-01-29T06:02:00,658.68,5,13,18,0.0,800,18,0,2,0,0,0
ACC_00939,0,18,25658.38,22348.84,2565.84,2793.61,12,1.5,2026-01-01T15:43:00,2026-01-30T08:37:00,688.9,8,10,18,0.4444,800,18,0,2,0,0,0
ACC_00940,0,17,25321.65,17089.18,3165.21,1898.8,14,1.21,2026-01-01T19:50:00,2026-01-30T19:24:00,695.57,9,7,16,0.0,800,16,0,2,0,0,0
ACC_00941,0,16,23845.62,19566.86,2384.56,3261.14,12,1.33,2026-01-04T19:11:00,2026-01-28T17:50:00,574.65,6,10,16,0.0,800,16,0,0,0,0,0
ACC_00942,0,20,5879.91,50405.42,1469.98,3150.34,15,1.33,2026-01-01T20:22:00,2026-01-30T21:07:00,696.75,16,4,20,0.1,800,20,0,0,0,0,0
ACC_00943,0,28,35193.23,32236.43,2932.77,2014.78,18,1.56,2026-01-01T12:49:00,2026-01-30T18:45:00,701.93,15,12,27,0.1481,800,27,0,0,0,0,0
ACC_00944,0,21,30344.21,16956.53,2334.17,2119.57,13,1.62,2026-01-09T08:52:00,2026-01-29T10:48:00,481.93,7,12,19,0.1053,800,19,0,0,0,0,0
ACC_00945,0,23,19355.23,27063.61,2150.58,1933.12,13,1.77,2026-01-03T01:02:00,2026-01-29T23:26:00,646.4,14,8,22,0.1818,800,22,0,0,0,0,0
ACC_00946,0,22,35111.46,24907.45,2925.95,2490.74,17,1.29,2026-01-05T01:27:00,2026-01-30T01:49:00,600.37,10,12,22,0.0,800,22,0,0,0,0,0
ACC_00947,0,25,35141.91,33671.15,2928.49,2590.09,18,1.39,2026-01-01T19:21:00,2026-01-26T14:52:00,595.52,12,11,23,0.0,800,23,3,0,0,0,0
ACC_00948,0,23,40717.31,16506.14,2544.83,2358.02,17,1.35,2026-01-01T18:19:00,2026-01-30T04:44:00,682.42,6,16,22,0.0,800,22,3,0,0,0,0
ACC_00949,0,18,20655.7,18355.12,2065.57,2294.39,13,1.38,2026-01-03T13:04:00,2026-01-30T17:59:00,652.92,7,10,17,0.1176,800,17,3,0,0,0,0
ACC_00950,0,21,22665.33,26172.73,2060.48,2617.27,14,1.5,2026-01-01T09:19:00,2026-01-30T18:01:00,704.7,10,11,21,0.0952,800,21,3,0,0,0,0
ACC_00951,0,20,20302.91,20081.76,2030.29,2008.18,15,1.33,2026-01-06T04:46:00,2026-01-29T00:20:00,547.57,10,10,20,0.0,800,20,0,0,0,0,0
ACC_00952,0,21,19261.06,26469.13,1926.11,2406.28,14,1.5,2026-01-03T21:00:00,2026-01-30T16:09:00,643.15,10,10,20,0.0,800,20,0,0,0,0,0
ACC_00953,0,19,20829.7,19750.95,2314.41,1975.1,16,1.19,2026-01-02T03:56:00,2026-01-30T14:57:00,683.02,10,9,19,0.0,800,19,0,0,0,0,0
ACC_00954,0,17,25177.66,17235.07,2517.77,2462.15,14,1.21,2026-01-03T21:00:00,2026-01-30T02:40:00,629.67,7,10,17,0.0,800,17,0,0,0,0,0
ACC_00955,0,21,32635.68,19466.93,2719.64,2162.99,15,1.4,2026-01-03T14:23:00,2026-01-26T21:05:00,558.7,8,12,20,0.1,800,20,0,0,0,0,0
ACC_00956,0,17,17709.64,23342.52,2529.95,2334.25,14,1.21,2026-01-01T03:31:00,2026-01-30T06:40:00,699.15,9,7,16,0.0,800,16,0,0,0,2,0
ACC_00957,0,23,20104.45,33052.42,2010.45,2542.49,18,1.28,2026-01-04T16:14:00,2026-01-30T22:53:00,630.65,13,9,22,0.0,800,22,0,0,0,2,0
ACC_00958,0,26,32246.61,27017.79,2480.51,2078.29,20,1.3,2026-01-01T09:18:00,2026-01-28T19:32:00,658.23,13,13,26,0.0,800,26,0,0,0,2,0
ACC_00959,0,26,34760.5,25645.11,2172.53,2564.51,17,1.53,2026-01-01T00:32:00,2026-01-29T22:31:00,693.98,10,16,26,0.0769,800,26,0,0,0,0,0
ACC_00960,0,20,24849.01,19231.45,2761.0,1748.31,15,1.33,2026-01-01T09:11:00,2026-01-29T12:08:00,674.95,11,9,20,0.1,800,20,0,0,0,0,0
ACC_00961,0,28,49367.26,21722.79,3085.45,1810.23,20,1.4,2026-01-01T20:15:00,2026-01-30T01:51:00,677.6,10,13,23,0.087,800,23,0,0,0,0,0
ACC_00962,0,17,34021.71,12282.64,2835.14,2456.53,13,1.31,2026-01-05T11:20:00,2026-01-23T04:52:00,425.53,5,9,14,0.0,800,14,0,1,0,0,0
ACC_00963,0,11,12597.17,4934.69,1574.65,1644.9,8,1.38,2026-01-13T09:54:00,2026-01-28T04:57:00,355.05,3,8,11,0.1818,800,11,0,1,0,0,0
ACC_00964,0,19,39266.48,15120.24,2804.75,3024.05,12,1.58,2026-01-01T19:17:00,2026-01-30T01:49:00,678.53,5,13,18,0.0,800,18,0,2,2,0,2
ACC_00965,0,20,15587.38,33461.6,1948.42,2788.47,15,1.33,2026-01-04T01:38:00,2026-01-30T02:24:00,624.77,12,8,20,0.2,800,20,0,2,2,0,2
ACC_00966,0,13,7537.24,25838.18,2512.41,2583.82,11,1.18,2026-01-05T15:49:00,2026-01-28T14:38:00,550.82,10,3,13,0.0,800,13,0,2,2,0,2
ACC_00967,0,14,30741.72,13486.5,3074.17,3371.62,13,1.08,2026-01-01T20:22:00,2026-01-28T06:22:00,634.0,4,10,14,0.0,800,14,0,0,0,0,0
ACC_00968,0,24,24970.46,29961.09,2497.05,2140.08,16,1.5,2026-01-02T16:35:00,2026-01-29T14:02:00,645.45,13,10,23,0.1739,800,23,0,0,0,0,0
ACC_00969,0,15,14904.52,26903.55,2980.9,2690.36,13,1.15,2026-01-02T01:54:00,2026-01-30T18:01:00,688.12,7,5,12,0.1667,800,12,0,0,0,0,0
ACC_00970,0,15,12964.76,23055.83,2592.95,2305.58,10,1.5,2026-01-01T05:28:00,2026-01-30T04:04:00,694.6,10,5,15,0.1333,800,15,0,0,0,0,0
ACC_00971,0,14,21301.84,13782.96,2662.73,2297.16,9,1.56,2026-01-02T20:50:00,2026-01-26T20:26:00,575.6,6,7,13,0.0,800,13,0,3,0,0,0
ACC_00972,0,15,9911.22,28643.17,1982.24,2864.32,13,1.15,2026-01-03T23:32:00,2026-01-29T00:49:00,601.28,10,5,15,0.0,800,15,0,3,0,0,0
ACC_00973,0,26,35708.03,45245.53,2550.57,3770.46,19,1.37,2026-01-01T20:51:00,2026-01-30T08:32:00,683.68,12,13,25,0.16,800,25,0,3,0,0,0
ACC_00974,0,32,53004.17,42835.68,2944.68,3059.69,24,1.33,2026-01-02T11:31:00,2026-01-30T19:01:00,679.5,14,16,30,0.2667,800,30,0,3,0,0,0
ACC_00975,0,23,33701.21,23051.34,2592.4,2305.13,15,1.53,2026-01-01T12:49:00,2026-01-27T20:28:00,631.65,9,11,20,0.2,800,20,0,0,0,0,0
ACC_00976,0,25,38940.37,19920.83,2433.77,2213.43,18,1.39,2026-01-01T18:19:00,2026-01-30T01:51:00,679.53,9,14,23,0.0,800,23,0,0,0,0,0
ACC_00977,0,20,25741.07,11920.81,1980.08,1702.97,16,1.25,2026-01-01T05:28:00,2026-01-28T15:39:00,658.18,7,11,18,0.1111,800,18,0,0,0,0,0
ACC_00978,0,20,25433.19,24977.18,2543.32,2497.72,13,1.54,2026-01-02T02:41:00,2026-01-29T07:45:00,653.07,9,10,19,0.0,800,19,0,0,0,0,0
ACC_00979,0,25,32435.18,20120.72,2316.8,1829.16,19,1.32,2026-01-01T05:16:00,2026-01-30T13:59:00,704.72,9,14,23,0.0,800,23,0,0,0,0,0
ACC_00980,0,19,27826.93,17707.18,2140.53,2951.2,12,1.58,2026-01-01T11:35:00,2026-01-27T06:36:00,619.02,6,13,19,0.0,800,19,0,0,0,0,0
ACC_00981,0,18,19181.92,19037.35,1918.19,2379.67,15,1.2,2026-01-03T23:51:00,2026-01-29T22:31:00,622.67,7,10,17,0.1176,800,17,0,0,0,0,0
ACC_00982,0,18,32289.75,18996.75,3228.97,2374.59,15,1.2,2026-01-04T17:53:00,2026-01-30T20:39:00,626.77,8,8,16,0.0,800,16,0,0,0,0,0
ACC_00983,0,20,25493.04,13699.22,2124.42,1712.4,16,1.25,2026-01-01T04:26:00,2026-01-29T22:49:00,690.38,7,10,17,0.1176,800,17,0,0,0,0,0
ACC_00984,0,18,21439.52,26228.68,2382.17,2914.3,13,1.38,2026-01-01T01:40:00,2026-01-30T21:07:00,715.45,8,9,17,0.0,800,17,0,0,0,0,0
ACC_00985,0,33,36106.52,48649.33,3008.88,2316.63,23,1.43,2026-01-01T11:35:00,2026-01-29T02:22:00,662.78,19,12,31,0.2581,800,31,0,0,0,0,0
ACC_00986,0,15,25413.68,13236.07,2823.74,2206.01,13,1.15,2026-01-04T08:45:00,2026-01-29T17:04:00,608.32,6,9,15,0.0,800,15,0,0,0,0,0
ACC_00987,0,25,26701.79,35523.04,2966.87,2220.19,17,1.47,2026-01-02T04:46:00,2026-01-30T05:59:00,673.22,14,9,23,0.0,800,23,0,0,0,1,0
ACC_00988,0,21,35808.21,17650.0,2387.21,2941.67,16,1.31,2026-01-01T09:18:00,2026-01-30T22:53:00,709.58,6,14,20,0.0,800,20,0,0,0,1,0
ACC_00989,0,20,11161.48,28540.32,1860.25,2038.59,14,1.43,2026-01-06T05:17:00,2026-01-29T07:45:00,554.47,12,6,18,0.1111,800,18,0,3,0,0,0
ACC_00990,0,18,17418.24,26161.08,2177.28,2616.11,14,1.29,2026-01-04T07:17:00,2026-01-30T02:40:00,619.38,7,7,14,0.1429,800,14,0,3,0,0,0
ACC_00991,0,23,22781.68,27530.13,2531.3,1966.44,14,1.64,2026-01-01T04:14:00,2026-01-29T19:41:00,687.45,13,9,22,0.2727,800,22,0,3,0,0,0
ACC_00992,0,16,12170.03,23851.47,2028.34,2385.15,14,1.14,2026-01-02T16:20:00,2026-01-29T21:36:00,653.27,10,6,16,0.0,800,16,0,3,0,0,0
ACC_00993,0,28,24503.62,53037.98,2227.6,3119.88,18,1.56,2026-01-03T01:24:00,2026-01-29T13:44:00,636.33,15,11,26,0.2308,800,26,0,0,0,0,0
ACC_00994,0,19,16814.6,27072.45,1681.46,3008.05,16,1.19,2026-01-01T10:37:00,2026-01-29T02:46:00,664.15,9,10,19,0.0,800,19,0,0,0,0,0
ACC_00995,0,29,35332.0,39265.06,2523.71,2617.67,21,1.38,2026-01-01T17:53:00,2026-01-30T23:58:00,702.08,15,13,28,0.0,800,28,0,0,0,0,0
ACC_00996,0,13,6865.65,23419.51,1716.41,2602.17,12,1.08,2026-01-01T15:43:00,2026-01-27T17:50:00,626.12,9,4,13,0.1538,800,13,0,0,0,0,0
ACC_00997,0,22,25422.45,23710.36,2311.13,2155.49,15,1.47,2026-01-01T00:32:00,2026-01-29T07:37:00,679.08,8,11,19,0.1053,800,19,0,0,2,2,2
ACC_00998,0,27,25350.6,29971.22,2535.06,1763.01,19,1.42,2026-01-02T23:57:00,2026-01-30T07:00:00,655.05,16,9,25,0.08,800,25,0,0,2,2,2
ACC_00999,0,25,24136.22,20230.55,1724.02,1839.14,17,1.47,2026-01-01T17:53:00,2026-01-30T16:09:00,694.27,11,13,24,0.0,800,24,0,0,2,2,2
ACC_01000,0,19,28155.33,20599.92,2815.53,2288.88,13,1.46,2026-01-03T05:34:00,2026-01-19T02:51:00,381.28,8,10,18,0.1111,800,18,0,0,0,0,0
