transaction_id,sender_id,receiver_id,amount,timestamp
TXN_000001,ACC_00104,ACC_00195,1232.01,2026-01-13T12:24:00
TXN_000002,ACC_00295,ACC_00214,443.82,2026-01-25T19:41:00
TXN_000003,ACC_00605,ACC_00604,1101.0,2026-01-05T06:20:00
TXN_000004,ACC_00878,ACC_00804,1002.2,2026-01-26T13:01:00
TXN_000005,ACC_00854,ACC_00829,2950.44,2026-01-21T10:39:00
TXN_000006,ACC_00098,ACC_00021,1707.85,2026-01-20T05:36:00
TXN_000007,ACC_00228,ACC_00298,520.03,2026-01-16T07:39:00
TXN_000008,ACC_00613,ACC_00646,3022.59,2026-01-16T15:41:00
TXN_000009,ACC_00094,ACC_00059,632.88,2026-01-25T09:42:00
TXN_000010,ACC_00611,ACC_00671,4148.73,2026-01-14T08:13:00
TXN_000011,ACC_00947,ACC_00974,3525.81,2026-01-09T18:01:00
TXN_000012,ACC_00085,ACC_00030,4926.26,2026-01-14T04:05:00
TXN_000013,ACC_00313,ACC_00349,2272.52,2026-01-13T15:37:00
TXN_000014,ACC_00521,ACC_00548,1055.44,2026-01-17T04:03:00
TXN_000015,ACC_00490,ACC_00488,366.3,2026-01-30T11:49:00
TXN_000016,ACC_00269,ACC_00294,825.38,2026-01-12T03:23:00
TXN_000017,ACC_00635,ACC_00682,1105.88,2026-01-26T08:20:00
TXN_000018,ACC_00599,ACC_00600,1152.95,2026-01-03T13:05:00
TXN_000019,ACC_00041,ACC_00052,340.28,2026-01-13T04:26:00
TXN_000020,ACC_00992,ACC_00941,3280.64,2026-01-10T16:14:00
TXN_000021,ACC_00683,ACC_00659,1331.75,2026-01-07T12:03:00
TXN_000022,ACC_00396,ACC_00372,1321.08,2026-01-25T12:42:00
TXN_000023,ACC_00955,ACC_00975,1816.36,2026-01-19T04:15:00
TXN_000024,ACC_00266,ACC_00264,3781.35,2026-01-05T03:17:00
TXN_000025,ACC_00120,ACC_00181,3962.48,2026-01-08T06:44:00
TXN_000026,ACC_00677,ACC_00609,1914.28,2026-01-18T12:16:00
TXN_000027,ACC_00768,ACC_00733,4305.29,2026-01-26T04:16:00
TXN_000028,ACC_00088,ACC_00093,3411.73,2026-01-06T05:07:00
TXN_000029,ACC_00897,ACC_00835,1707.48,2026-01-30T04:06:00
TXN_000030,ACC_00456,ACC_00421,26.19,2026-01-21T15:35:00
TXN_000031,ACC_00465,ACC_00498,2543.33,2026-01-09T03:08:00
TXN_000032,ACC_00181,ACC_00139,2543.24,2026-01-30T01:54:00
TXN_000033,ACC_00320,ACC_00348,2701.5,2026-01-08T08:27:00
TXN_000034,ACC_00801,ACC_00877,2448.14,2026-01-15T18:03:00
TXN_000035,ACC_00147,ACC_00140,299.05,2026-01-11T21:32:00
TXN_000036,ACC_00911,ACC_00994,4081.96,2026-01-23T02:49:00
TXN_000037,ACC_00899,ACC_00817,3302.16,2026-01-06T20:14:00
TXN_000038,ACC_00822,ACC_00834,4363.44,2026-01-25T00:21:00
TXN_000039,ACC_00628,ACC_00670,3567.62,2026-01-10T03:42:00
TXN_000040,ACC_00686,ACC_00684,2196.12,2026-01-17T23:52:00
TXN_000041,ACC_00858,ACC_00816,1131.24,2026-01-12T06:46:00
TXN_000042,ACC_00503,ACC_00576,1158.27,2026-01-26T05:01:00
TXN_000043,ACC_00301,ACC_00310,303.78,2026-01-29T17:19:00
TXN_000044,ACC_00105,ACC_00143,2575.64,2026-01-04T05:23:00
TXN_000045,ACC_00486,ACC_00463,2700.78,2026-01-10T18:00:00
TXN_000046,ACC_00974,ACC_00961,3925.25,2026-01-12T01:25:00
TXN_000047,ACC_00625,ACC_00613,3298.32,2026-01-05T09:52:00
TXN_000048,ACC_00555,ACC_00553,4320.55,2026-01-22T06:06:00
TXN_000049,ACC_00087,ACC_00084,501.11,2026-01-30T09:48:00
TXN_000050,ACC_00694,ACC_00644,1250.8,2026-01-05T23:21:00
TXN_000051,ACC_00369,ACC_00358,2115.19,2026-01-07T09:06:00
TXN_000052,ACC_00460,ACC_00432,2221.22,2026-01-04T10:20:00
TXN_000053,ACC_00813,ACC_00807,4996.42,2026-01-30T16:18:00
TXN_000054,ACC_00012,ACC_00097,839.89,2026-01-11T18:11:00
TXN_000055,ACC_00762,ACC_00728,4513.19,2026-01-19T06:02:00
TXN_000056,ACC_00249,ACC_00201,1333.36,2026-01-18T18:26:00
TXN_000057,ACC_00737,ACC_00755,3312.74,2026-01-26T07:02:00
TXN_000058,ACC_00720,ACC_00725,1096.33,2026-01-14T12:05:00
TXN_000059,ACC_00075,ACC_00095,314.18,2026-01-25T16:13:00
TXN_000060,ACC_00508,ACC_00507,2389.17,2026-01-27T14:04:00
TXN_000061,ACC_00821,ACC_00808,409.76,2026-01-24T02:41:00
TXN_000062,ACC_00209,ACC_00277,3379.31,2026-01-04T02:13:00
TXN_000063,ACC_00352,ACC_00316,1238.61,2026-01-26T22:14:00
TXN_000064,ACC_00906,ACC_00980,2101.93,2026-01-04T17:32:00
TXN_000065,ACC_00973,ACC_00967,4674.18,2026-01-15T09:33:00
TXN_000066,ACC_00386,ACC_00392,1201.04,2026-01-15T07:10:00
TXN_000067,ACC_00617,ACC_00686,1506.99,2026-01-30T09:03:00
TXN_000068,ACC_00597,ACC_00510,2296.84,2026-01-01T10:10:00
TXN_000069,ACC_00913,ACC_00910,1073.64,2026-01-25T11:14:00
TXN_000070,ACC_00417,ACC_00445,4397.56,2026-01-04T03:08:00
TXN_000071,ACC_00537,ACC_00521,4170.39,2026-01-20T22:36:00
TXN_000072,ACC_00479,ACC_00484,49.04,2026-01-25T01:44:00
TXN_000073,ACC_00839,ACC_00885,4695.26,2026-01-05T17:08:00
TXN_000074,ACC_00234,ACC_00215,3714.66,2026-01-05T20:54:00
TXN_000075,ACC_00235,ACC_00237,1061.04,2026-01-28T12:38:00
TXN_000076,ACC_00527,ACC_00588,4266.03,2026-01-29T20:45:00
TXN_000077,ACC_00863,ACC_00833,470.57,2026-01-03T07:29:00
TXN_000078,ACC_00636,ACC_00606,1674.45,2026-01-01T03:52:00
TXN_000079,ACC_00282,ACC_00234,3708.74,2026-01-08T08:29:00
TXN_000080,ACC_00891,ACC_00855,58.25,2026-01-26T12:39:00
TXN_000081,ACC_00189,ACC_00120,189.78,2026-01-25T19:55:00
TXN_000082,ACC_00575,ACC_00571,2154.64,2026-01-07T17:45:00
TXN_000083,ACC_00040,ACC_00047,4495.63,2026-01-02T19:34:00
TXN_000084,ACC_00388,ACC_00332,1774.86,2026-01-05T16:16:00
TXN_000085,ACC_00853,ACC_00880,4629.56,2026-01-08T00:48:00
TXN_000086,ACC_00321,ACC_00323,133.68,2026-01-19T18:20:00
TXN_000087,ACC_00553,ACC_00586,1341.36,2026-01-12T07:03:00
TXN_000088,ACC_00149,ACC_00105,1119.94,2026-01-22T10:07:00
TXN_000089,ACC_00745,ACC_00740,1122.39,2026-01-11T08:35:00
TXN_000090,ACC_00352,ACC_00343,4323.12,2026-01-13T16:18:00
TXN_000091,ACC_00445,ACC_00483,2004.4,2026-01-24T04:24:00
TXN_000092,ACC_00843,ACC_00804,4386.42,2026-01-06T05:59:00
TXN_000093,ACC_00423,ACC_00475,200.9,2026-01-13T01:57:00
TXN_000094,ACC_00956,ACC_00945,2187.61,2026-01-15T06:37:00
TXN_000095,ACC_00815,ACC_00850,958.49,2026-01-27T05:47:00
TXN_000096,ACC_00091,ACC_00056,2604.4,2026-01-01T01:50:00
TXN_000097,ACC_00888,ACC_00893,1827.47,2026-01-09T23:12:00
TXN_000098,ACC_00186,ACC_00143,1576.44,2026-01-29T08:39:00
TXN_000099,ACC_00193,ACC_00139,1553.33,2026-01-24T01:54:00
TXN_000100,ACC_00642,ACC_00652,2776.52,2026-01-14T10:56:00
TXN_000101,ACC_00354,ACC_00386,3389.82,2026-01-18T06:07:00
TXN_000102,ACC_00279,ACC_00273,2036.32,2026-01-14T16:43:00
TXN_000103,ACC_00039,ACC_00037,2155.14,2026-01-10T13:34:00
TXN_000104,ACC_00978,ACC_00984,2330.29,2026-01-15T15:58:00
TXN_000105,ACC_00787,ACC_00728,2371.2,2026-01-24T06:20:00
TXN_000106,ACC_00285,ACC_00211,2582.11,2026-01-13T21:58:00
TXN_000107,ACC_00943,ACC_00912,3367.25,2026-01-11T16:32:00
TXN_000108,ACC_00326,ACC_00319,240.61,2026-01-02T02:40:00
TXN_000109,ACC_00779,ACC_00799,2282.53,2026-01-04T07:32:00
TXN_000110,ACC_00925,ACC_00992,2476.94,2026-01-18T11:24:00
TXN_000111,ACC_00319,ACC_00384,4464.37,2026-01-01T06:03:00
TXN_000112,ACC_00200,ACC_00155,887.67,2026-01-10T23:01:00
TXN_000113,ACC_00860,ACC_00807,1253.5,2026-01-26T08:50:00
TXN_000114,ACC_00159,ACC_00118,3341.21,2026-01-22T03:30:00
TXN_000115,ACC_00877,ACC_00841,3067.14,2026-01-21T03:24:00
TXN_000116,ACC_00855,ACC_00871,4487.07,2026-01-21T07:03:00
TXN_000117,ACC_00758,ACC_00734,4200.92,2026-01-12T06:03:00
TXN_000118,ACC_00499,ACC_00500,2428.14,2026-01-24T17:23:00
TXN_000119,ACC_00336,ACC_00357,3570.59,2026-01-04T12:37:00
TXN_000120,ACC_00335,ACC_00343,4466.2,2026-01-15T13:12:00
TXN_000121,ACC_00118,ACC_00120,1921.35,2026-01-11T12:35:00
TXN_000122,ACC_00291,ACC_00228,2080.19,2026-01-03T22:09:00
TXN_000123,ACC_00570,ACC_00560,320.71,2026-01-19T22:08:00
TXN_000124,ACC_00650,ACC_00699,4730.85,2026-01-27T13:58:00
TXN_000125,ACC_00098,ACC_00074,2390.13,2026-01-18T07:28:00
TXN_000126,ACC_00539,ACC_00597,4268.71,2026-01-18T17:58:00
TXN_000127,ACC_00669,ACC_00696,4001.34,2026-01-25T20:31:00
TXN_000128,ACC_00363,ACC_00329,2184.82,2026-01-13T10:07:00
TXN_000129,ACC_00050,ACC_00044,3623.67,2026-01-19T09:37:00
TXN_000130,ACC_00717,ACC_00780,144.56,2026-01-25T07:24:00
TXN_000131,ACC_00676,ACC_00673,428.9,2026-01-02T05:36:00
TXN_000132,ACC_00618,ACC_00660,260.92,2026-01-09T06:29:00
TXN_000133,ACC_00642,ACC_00628,1640.96,2026-01-21T16:39:00
TXN_000134,ACC_00636,ACC_00697,1268.83,2026-01-20T04:27:00
TXN_000135,ACC_00161,ACC_00103,269.91,2026-01-25T13:11:00
TXN_000136,ACC_00529,ACC_00584,3908.35,2026-01-04T02:56:00
TXN_000137,ACC_00097,ACC_00004,1004.81,2026-01-12T06:05:00
TXN_000138,ACC_00080,ACC_00020,639.84,2026-01-11T20:33:00
TXN_000139,ACC_00173,ACC_00128,3500.33,2026-01-22T03:56:00
TXN_000140,ACC_00522,ACC_00578,4819.04,2026-01-28T15:16:00
TXN_000141,ACC_00200,ACC_00121,549.41,2026-01-15T03:44:00
TXN_000142,ACC_00040,ACC_00074,1989.31,2026-01-18T01:56:00
TXN_000143,ACC_00310,ACC_00376,1221.82,2026-01-29T13:06:00
TXN_000144,ACC_00488,ACC_00477,3983.17,2026-01-06T12:13:00
TXN_000145,ACC_00906,ACC_00945,2147.61,2026-01-25T05:53:00
TXN_000146,ACC_00509,ACC_00565,1712.74,2026-01-30T11:17:00
TXN_000147,ACC_00663,ACC_00614,4804.33,2026-01-20T17:31:00
TXN_000148,ACC_00791,ACC_00720,888.92,2026-01-20T19:40:00
TXN_000149,ACC_00884,ACC_00835,4042.91,2026-01-29T00:44:00
TXN_000150,ACC_00900,ACC_00862,2183.52,2026-01-22T03:45:00
TXN_000151,ACC_00935,ACC_00942,4155.35,2026-01-12T04:08:00
TXN_000152,ACC_00136,ACC_00158,3754.88,2026-01-12T02:21:00
TXN_000153,ACC_00979,ACC_00986,1688.62,2026-01-18T05:57:00
TXN_000154,ACC_00742,ACC_00724,1068.48,2026-01-23T04:32:00
TXN_000155,ACC_00444,ACC_00436,3508.91,2026-01-28T03:09:00
TXN_000156,ACC_00472,ACC_00402,4740.83,2026-01-24T12:17:00
TXN_000157,ACC_00131,ACC_00193,2448.0,2026-01-19T11:55:00
TXN_000158,ACC_00389,ACC_00361,3562.09,2026-01-30T09:29:00
TXN_000159,ACC_00703,ACC_00712,1115.77,2026-01-14T09:23:00
TXN_000160,ACC_00340,ACC_00385,1851.41,2026-01-27T11:12:00
TXN_000161,ACC_00868,ACC_00845,4983.19,2026-01-20T08:45:00
TXN_000162,ACC_00843,ACC_00846,1361.87,2026-01-21T15:36:00
TXN_000163,ACC_00430,ACC_00416,1584.58,2026-01-09T18:21:00
TXN_000164,ACC_00898,ACC_00889,965.79,2026-01-09T10:13:00
TXN_000165,ACC_00736,ACC_00793,4883.27,2026-01-27T19:59:00
TXN_000166,ACC_00877,ACC_00837,4164.82,2026-01-05T13:48:00
TXN_000167,ACC_00430,ACC_00447,1518.32,2026-01-09T03:59:00
TXN_000168,ACC_00817,ACC_00836,4871.73,2026-01-03T01:42:00
TXN_000169,ACC_00838,ACC_00890,3192.97,2026-01-06T17:55:00
TXN_000170,ACC_00714,ACC_00702,1428.85,2026-01-27T03:01:00
TXN_000171,ACC_00757,ACC_00744,4827.83,2026-01-09T09:22:00
TXN_000172,ACC_00462,ACC_00415,2009.53,2026-01-03T23:22:00
TXN_000173,ACC_00174,ACC_00181,767.12,2026-01-03T10:33:00
TXN_000174,ACC_00939,ACC_00911,601.07,2026-01-12T07:05:00
TXN_000175,ACC_00678,ACC_00677,1136.18,2026-01-29T03:28:00
TXN_000176,ACC_00849,ACC_00858,1493.79,2026-01-21T03:34:00
TXN_000177,ACC_00955,ACC_00940,3108.93,2026-01-26T21:05:00
TXN_000178,ACC_00995,ACC_00913,3131.32,2026-01-10T10:57:00
TXN_000179,ACC_00485,ACC_00411,1206.93,2026-01-08T03:32:00
TXN_000180,ACC_00810,ACC_00821,2048.5,2026-01-01T02:55:00
TXN_000181,ACC_00961,ACC_00938,1165.07,2026-01-02T11:39:00
TXN_000182,ACC_00490,ACC_00459,3440.05,2026-01-04T05:44:00
TXN_000183,ACC_00481,ACC_00476,2131.44,2026-01-10T00:04:00
TXN_000184,ACC_00829,ACC_00883,4542.97,2026-01-07T18:44:00
TXN_000185,ACC_00210,ACC_00208,3965.22,2026-01-08T13:13:00
TXN_000186,ACC_00996,ACC_00973,2201.38,2026-01-14T03:14:00
TXN_000187,ACC_00789,ACC_00739,4713.95,2026-01-19T07:38:00
TXN_000188,ACC_00870,ACC_00864,411.4,2026-01-20T22:08:00
TXN_000189,ACC_00056,ACC_00095,3022.53,2026-01-15T16:03:00
TXN_000190,ACC_00012,ACC_00030,2939.74,2026-01-27T04:16:00
TXN_000191,ACC_00098,ACC_00087,2885.47,2026-01-13T06:22:00
TXN_000192,ACC_00261,ACC_00267,2216.72,2026-01-30T15:37:00
TXN_000193,ACC_00424,ACC_00475,3177.58,2026-01-20T20:06:00
TXN_000194,ACC_00712,ACC_00761,2047.66,2026-01-16T20:03:00
TXN_000195,ACC_00586,ACC_00514,1655.72,2026-01-08T07:39:00
TXN_000196,ACC_00737,ACC_00785,4069.69,2026-01-19T05:24:00
TXN_000197,ACC_00805,ACC_00859,1579.44,2026-01-05T00:11:00
TXN_000198,ACC_00515,ACC_00599,4325.9,2026-01-19T09:28:00
TXN_000199,ACC_00085,ACC_00070,2072.11,2026-01-22T00:36:00
TXN_000200,ACC_00367,ACC_00347,3784.65,2026-01-29T08:04:00
TXN_000201,ACC_00798,ACC_00707,1342.61,2026-01-10T06:20:00
TXN_000202,ACC_00237,ACC_00257,615.92,2026-01-23T01:26:00
TXN_000203,ACC_00931,ACC_00991,1560.64,2026-01-08T04:59:00
TXN_000204,ACC_00071,ACC_00053,1131.26,2026-01-05T05:48:00
TXN_000205,ACC_00160,ACC_00116,4162.39,2026-01-30T11:28:00
TXN_000206,ACC_00792,ACC_00738,3530.0,2026-01-24T03:49:00
TXN_000207,ACC_00662,ACC_00661,2289.36,2026-01-12T02:13:00
TXN_000208,ACC_00250,ACC_00225,2546.12,2026-01-28T06:40:00
TXN_000209,ACC_00209,ACC_00236,1705.98,2026-01-19T21:13:00
TXN_000210,ACC_00835,ACC_00801,3632.99,2026-01-13T20:56:00
TXN_000211,ACC_00975,ACC_00985,4327.65,2026-01-23T06:49:00
TXN_000212,ACC_00769,ACC_00762,1668.88,2026-01-16T16:58:00
TXN_000213,ACC_00849,ACC_00859,4349.31,2026-01-15T15:28:00
TXN_000214,ACC_00374,ACC_00350,4281.5,2026-01-11T15:06:00
TXN_000215,ACC_00606,ACC_00641,3529.09,2026-01-22T12:36:00
TXN_000216,ACC_00650,ACC_00685,4904.28,2026-01-30T16:10:00
TXN_000217,ACC_00705,ACC_00717,4827.11,2026-01-23T20:38:00
TXN_000218,ACC_00513,ACC_00557,2634.5,2026-01-05T12:54:00
TXN_000219,ACC_00702,ACC_00793,2055.79,2026-01-07T13:27:00
TXN_000220,ACC_00210,ACC_00261,1699.42,2026-01-13T01:28:00
TXN_000221,ACC_00684,ACC_00611,4263.18,2026-01-15T22:52:00
TXN_000222,ACC_00849,ACC_00841,3596.4,2026-01-29T12:37:00
TXN_000223,ACC_00770,ACC_00705,351.42,2026-01-29T02:25:00
TXN_000224,ACC_00430,ACC_00496,2175.52,2026-01-05T02:43:00
TXN_000225,ACC_00198,ACC_00182,2223.96,2026-01-05T13:46:00
TXN_000226,ACC_00404,ACC_00406,3982.76,2026-01-15T18:18:00
TXN_000227,ACC_00446,ACC_00448,736.39,2026-01-20T14:25:00
TXN_000228,ACC_00853,ACC_00873,858.22,2026-01-09T04:40:00
TXN_000229,ACC_00179,ACC_00149,3418.84,2026-01-29T04:53:00
TXN_000230,ACC_00775,ACC_00719,2311.14,2026-01-11T13:36:00
TXN_000231,ACC_00459,ACC_00433,4495.55,2026-01-01T10:15:00
TXN_000232,ACC_00737,ACC_00787,798.3,2026-01-25T21:01:00
TXN_000233,ACC_00745,ACC_00776,3198.3,2026-01-14T14:45:00
TXN_000234,ACC_00689,ACC_00633,4228.07,2026-01-21T18:59:00
TXN_000235,ACC_00350,ACC_00362,1193.66,2026-01-05T20:29:00
TXN_000236,ACC_00946,ACC_00974,4963.53,2026-01-14T11:10:00
TXN_000237,ACC_00403,ACC_00485,1379.66,2026-01-19T00:19:00
TXN_000238,ACC_00988,ACC_01000,4553.98,2026-01-03T05:34:00
TXN_000239,ACC_00737,ACC_00800,3039.25,2026-01-11T11:21:00
TXN_000240,ACC_00529,ACC_00582,3108.25,2026-01-09T15:40:00
TXN_000241,ACC_00281,ACC_00213,3235.24,2026-01-29T13:21:00
TXN_000242,ACC_00457,ACC_00405,1830.66,2026-01-27T09:02:00
TXN_000243,ACC_00212,ACC_00238,3739.93,2026-01-15T20:51:00
TXN_000244,ACC_00226,ACC_00217,4383.54,2026-01-25T13:10:00
TXN_000245,ACC_00568,ACC_00565,4154.06,2026-01-13T09:40:00
TXN_000246,ACC_00462,ACC_00438,4023.12,2026-01-16T09:58:00
TXN_000247,ACC_00710,ACC_00719,4302.1,2026-01-11T06:25:00
TXN_000248,ACC_00672,ACC_00647,3955.5,2026-01-05T02:38:00
TXN_000249,ACC_00034,ACC_00069,2279.38,2026-01-06T14:59:00
TXN_000250,ACC_00475,ACC_00449,4702.06,2026-01-30T01:27:00
TXN_000251,ACC_00187,ACC_00130,134.87,2026-01-22T10:58:00
TXN_000252,ACC_00842,ACC_00879,3241.79,2026-01-11T01:47:00
TXN_000253,ACC_00790,ACC_00739,2047.4,2026-01-30T13:08:00
TXN_000254,ACC_00206,ACC_00205,4979.68,2026-01-14T20:26:00
TXN_000255,ACC_00113,ACC_00131,686.96,2026-01-25T11:08:00
TXN_000256,ACC_00748,ACC_00786,2101.44,2026-01-25T14:02:00
TXN_000257,ACC_00254,ACC_00284,4170.13,2026-01-05T12:09:00
TXN_000258,ACC_00953,ACC_00936,3454.5,2026-01-02T11:44:00
TXN_000259,ACC_00357,ACC_00331,505.78,2026-01-17T12:08:00
TXN_000260,ACC_00570,ACC_00583,312.14,2026-01-17T07:46:00
TXN_000261,ACC_00425,ACC_00416,467.45,2026-01-21T16:40:00
TXN_000262,ACC_00383,ACC_00382,4855.76,2026-01-28T04:14:00
TXN_000263,ACC_00043,ACC_00032,3937.02,2026-01-06T17:32:00
TXN_000264,ACC_00309,ACC_00398,1043.72,2026-01-26T05:20:00
TXN_000265,ACC_00330,ACC_00343,3945.33,2026-01-07T17:10:00
TXN_000266,ACC_00901,ACC_00936,4937.76,2026-01-07T14:02:00
TXN_000267,ACC_00833,ACC_00823,3308.68,2026-01-06T00:04:00
TXN_000268,ACC_00017,ACC_00002,3952.02,2026-01-17T07:17:00
TXN_000269,ACC_00376,ACC_00342,879.49,2026-01-01T17:14:00
TXN_000270,ACC_00017,ACC_00095,2635.17,2026-01-20T03:48:00
TXN_000271,ACC_00161,ACC_00158,2571.06,2026-01-17T11:26:00
TXN_000272,ACC_00158,ACC_00165,4727.62,2026-01-11T01:59:00
TXN_000273,ACC_00094,ACC_00085,1515.14,2026-01-24T17:33:00
TXN_000274,ACC_00008,ACC_00062,2137.11,2026-01-19T06:40:00
TXN_000275,ACC_00163,ACC_00192,376.72,2026-01-21T04:29:00
TXN_000276,ACC_00142,ACC_00178,337.75,2026-01-07T18:01:00
TXN_000277,ACC_00480,ACC_00482,2746.3,2026-01-27T15:22:00
TXN_000278,ACC_00549,ACC_00577,1481.54,2026-01-25T03:30:00
TXN_000279,ACC_00878,ACC_00856,3967.55,2026-01-05T12:19:00
TXN_000280,ACC_00184,ACC_00199,3606.99,2026-01-26T02:12:00
TXN_000281,ACC_00356,ACC_00358,2074.93,2026-01-11T09:34:00
TXN_000282,ACC_00752,ACC_00754,1569.62,2026-01-05T07:51:00
TXN_000283,ACC_00586,ACC_00533,4768.43,2026-01-18T00:50:00
TXN_000284,ACC_00709,ACC_00712,475.22,2026-01-04T21:14:00
TXN_000285,ACC_00196,ACC_00195,4060.73,2026-01-17T23:01:00
TXN_000286,ACC_00808,ACC_00876,2812.8,2026-01-26T13:24:00
TXN_000287,ACC_00153,ACC_00146,4341.78,2026-01-20T05:57:00
TXN_000288,ACC_00037,ACC_00077,1764.71,2026-01-15T05:16:00
TXN_000289,ACC_00965,ACC_00928,3287.11,2026-01-08T01:00:00
TXN_000290,ACC_00314,ACC_00345,1844.13,2026-01-26T07:35:00
TXN_000291,ACC_00474,ACC_00429,4227.32,2026-01-20T12:42:00
TXN_000292,ACC_00979,ACC_00987,2788.13,2026-01-30T05:59:00
TXN_000293,ACC_00985,ACC_00989,154.48,2026-01-13T04:07:00
TXN_000294,ACC_00490,ACC_00498,4608.47,2026-01-15T01:29:00
TXN_000295,ACC_00501,ACC_00524,2835.94,2026-01-07T12:28:00
TXN_000296,ACC_00609,ACC_00619,4859.33,2026-01-29T19:35:00
TXN_000297,ACC_00196,ACC_00168,1887.21,2026-01-10T18:58:00
TXN_000298,ACC_00744,ACC_00721,1565.07,2026-01-17T20:11:00
TXN_000299,ACC_00600,ACC_00573,433.94,2026-01-28T03:14:00
TXN_000300,ACC_00020,ACC_00021,258.31,2026-01-29T02:50:00
TXN_000301,ACC_00135,ACC_00157,2433.45,2026-01-20T07:08:00
TXN_000302,ACC_00754,ACC_00735,3777.17,2026-01-10T19:27:00
TXN_000303,ACC_00145,ACC_00156,1423.4,2026-01-06T01:07:00
TXN_000304,ACC_00963,ACC_00968,236.63,2026-01-15T00:52:00
TXN_000305,ACC_00677,ACC_00608,1030.07,2026-01-01T08:23:00
TXN_000306,ACC_00399,ACC_00318,1454.34,2026-01-12T15:05:00
TXN_000307,ACC_00101,ACC_00164,886.72,2026-01-20T14:23:00
TXN_000308,ACC_00669,ACC_00691,2506.31,2026-01-11T11:20:00
TXN_000309,ACC_00510,ACC_00551,2186.74,2026-01-02T22:12:00
TXN_000310,ACC_00710,ACC_00741,2152.13,2026-01-27T04:52:00
TXN_000311,ACC_00691,ACC_00682,1454.68,2026-01-20T00:13:00
TXN_000312,ACC_00603,ACC_00642,4008.6,2026-01-08T19:43:00
TXN_000313,ACC_00959,ACC_00989,449.77,2026-01-17T11:14:00
TXN_000314,ACC_00132,ACC_00156,2008.24,2026-01-27T19:12:00
TXN_000315,ACC_00151,ACC_00140,1115.64,2026-01-16T10:50:00
TXN_000316,ACC_00210,ACC_00266,578.99,2026-01-29T19:39:00
TXN_000317,ACC_00825,ACC_00900,1761.99,2026-01-16T21:36:00
TXN_000318,ACC_00231,ACC_00214,1287.28,2026-01-07T15:57:00
TXN_000319,ACC_00278,ACC_00220,386.01,2026-01-30T19:59:00
TXN_000320,ACC_00760,ACC_00797,3801.79,2026-01-26T15:44:00
TXN_000321,ACC_00788,ACC_00773,3180.14,2026-01-30T06:19:00
TXN_000322,ACC_00942,ACC_00981,763.28,2026-01-15T09:18:00
TXN_000323,ACC_00161,ACC_00157,1521.07,2026-01-29T17:38:00
TXN_000324,ACC_00476,ACC_00408,2541.61,2026-01-17T00:24:00
TXN_000325,ACC_00460,ACC_00458,293.88,2026-01-02T17:04:00
TXN_000326,ACC_00410,ACC_00483,3078.89,2026-01-05T02:37:00
TXN_000327,ACC_00850,ACC_00860,2776.04,2026-01-27T09:52:00
TXN_000328,ACC_00058,ACC_00074,949.31,2026-01-30T15:58:00
TXN_000329,ACC_00961,ACC_00965,4789.03,2026-01-07T20:46:00
TXN_000330,ACC_00714,ACC_00744,2527.7,2026-01-04T20:06:00
TXN_000331,ACC_00206,ACC_00232,4955.02,2026-01-20T22:08:00
TXN_000332,ACC_00867,ACC_00879,1825.85,2026-01-08T05:23:00
TXN_000333,ACC_00450,ACC_00453,3397.7,2026-01-16T09:35:00
TXN_000334,ACC_00081,ACC_00083,338.9,2026-01-16T05:31:00
TXN_000335,ACC_00172,ACC_00187,1427.89,2026-01-18T14:13:00
TXN_000336,ACC_00920,ACC_00943,2917.87,2026-01-04T17:01:00
TXN_000337,ACC_00245,ACC_00240,3495.42,2026-01-30T20:35:00
TXN_000338,ACC_00617,ACC_00677,1554.81,2026-01-04T20:32:00
TXN_000339,ACC_00683,ACC_00643,3353.88,2026-01-06T19:35:00
TXN_000340,ACC_00812,ACC_00883,2547.36,2026-01-20T06:28:00
TXN_000341,ACC_00047,ACC_00040,4756.33,2026-01-09T04:53:00
TXN_000342,ACC_00599,ACC_00563,1140.45,2026-01-09T17:43:00
TXN_000343,ACC_00220,ACC_00210,4223.7,2026-01-14T11:05:00
TXN_000344,ACC_00165,ACC_00199,4177.25,2026-01-25T13:34:00
TXN_000345,ACC_00805,ACC_00885,4383.2,2026-01-16T07:50:00
TXN_000346,ACC_00917,ACC_00977,779.72,2026-01-18T03:28:00
TXN_000347,ACC_00289,ACC_00299,4047.13,2026-01-29T10:22:00
TXN_000348,ACC_00293,ACC_00257,2060.18,2026-01-02T23:43:00
TXN_000349,ACC_00357,ACC_00379,3764.43,2026-01-13T23:13:00
TXN_000350,ACC_00730,ACC_00769,1554.24,2026-01-11T21:14:00
TXN_000351,ACC_00725,ACC_00748,4922.35,2026-01-26T23:03:00
TXN_000352,ACC_00799,ACC_00737,2519.5,2026-01-18T09:06:00
TXN_000353,ACC_00621,ACC_00626,700.61,2026-01-28T12:27:00
TXN_000354,ACC_00407,ACC_00483,4371.84,2026-01-22T20:55:00
TXN_000355,ACC_00814,ACC_00892,4257.32,2026-01-24T11:30:00
TXN_000356,ACC_00411,ACC_00498,1371.23,2026-01-08T07:06:00
TXN_000357,ACC_00819,ACC_00856,4732.6,2026-01-05T04:10:00
TXN_000358,ACC_00358,ACC_00345,2080.34,2026-01-02T05:07:00
TXN_000359,ACC_00665,ACC_00648,1936.97,2026-01-11T17:31:00
TXN_000360,ACC_00148,ACC_00129,1600.24,2026-01-02T06:47:00
TXN_000361,ACC_00192,ACC_00184,3958.99,2026-01-16T06:13:00
TXN_000362,ACC_00205,ACC_00237,3483.4,2026-01-22T12:02:00
TXN_000363,ACC_00298,ACC_00291,2248.52,2026-01-22T08:23:00
TXN_000364,ACC_00011,ACC_00003,1086.12,2026-01-12T15:32:00
TXN_000365,ACC_00271,ACC_00294,2643.58,2026-01-28T17:03:00
TXN_000366,ACC_00200,ACC_00137,1512.74,2026-01-11T19:33:00
TXN_000367,ACC_00031,ACC_00054,3971.56,2026-01-30T01:54:00
TXN_000368,ACC_00709,ACC_00715,2987.73,2026-01-23T17:56:00
TXN_000369,ACC_00081,ACC_00066,1217.27,2026-01-27T04:06:00
TXN_000370,ACC_00238,ACC_00255,3077.9,2026-01-01T01:42:00
TXN_000371,ACC_00374,ACC_00354,3325.21,2026-01-09T12:35:00
TXN_000372,ACC_00168,ACC_00147,4767.48,2026-01-04T01:55:00
TXN_000373,ACC_00865,ACC_00871,1958.36,2026-01-01T22:12:00
TXN_000374,ACC_00706,ACC_00782,4905.39,2026-01-18T14:34:00
TXN_000375,ACC_00496,ACC_00403,3944.71,2026-01-17T06:02:00
TXN_000376,ACC_00531,ACC_00594,3145.0,2026-01-30T21:43:00
TXN_000377,ACC_00995,ACC_00997,675.71,2026-01-16T03:11:00
TXN_000378,ACC_00570,ACC_00544,883.69,2026-01-30T06:06:00
TXN_000379,ACC_00790,ACC_00762,919.57,2026-01-29T18:01:00
TXN_000380,ACC_00209,ACC_00292,194.55,2026-01-21T19:54:00
TXN_000381,ACC_00306,ACC_00326,1584.82,2026-01-02T21:46:00
TXN_000382,ACC_00466,ACC_00451,2372.26,2026-01-25T17:08:00
TXN_000383,ACC_00097,ACC_00083,1437.69,2026-01-09T16:44:00
TXN_000384,ACC_00084,ACC_00043,631.13,2026-01-13T10:25:00
TXN_000385,ACC_00556,ACC_00552,4474.24,2026-01-21T00:18:00
TXN_000386,ACC_00644,ACC_00624,3463.42,2026-01-23T13:59:00
TXN_000387,ACC_00567,ACC_00535,3638.14,2026-01-04T18:14:00
TXN_000388,ACC_00156,ACC_00178,2731.92,2026-01-09T05:06:00
TXN_000389,ACC_00514,ACC_00511,3307.99,2026-01-15T22:10:00
TXN_000390,ACC_00458,ACC_00478,841.56,2026-01-20T09:25:00
TXN_000391,ACC_00745,ACC_00758,3636.8,2026-01-02T22:15:00
TXN_000392,ACC_00579,ACC_00556,3200.95,2026-01-13T11:53:00
TXN_000393,ACC_00010,ACC_00086,2036.99,2026-01-30T00:20:00
TXN_000394,ACC_00896,ACC_00887,4764.42,2026-01-08T06:44:00
TXN_000395,ACC_00278,ACC_00287,183.65,2026-01-20T22:36:00
TXN_000396,ACC_00131,ACC_00200,1837.98,2026-01-30T08:41:00
TXN_000397,ACC_00673,ACC_00605,775.66,2026-01-28T12:55:00
TXN_000398,ACC_00748,ACC_00757,2873.87,2026-01-04T11:58:00
TXN_000399,ACC_00847,ACC_00851,3251.31,2026-01-15T07:23:00
TXN_000400,ACC_00315,ACC_00304,2500.23,2026-01-09T11:12:00
TXN_000401,ACC_00672,ACC_00616,3877.07,2026-01-12T21:55:00
TXN_000402,ACC_00728,ACC_00779,3472.96,2026-01-13T23:55:00
TXN_000403,ACC_00726,ACC_00716,4265.6,2026-01-07T04:15:00
TXN_000404,ACC_00723,ACC_00792,4986.34,2026-01-21T06:10:00
TXN_000405,ACC_00586,ACC_00545,2754.49,2026-01-03T22:55:00
TXN_000406,ACC_00439,ACC_00421,878.71,2026-01-30T00:32:00
TXN_000407,ACC_00566,ACC_00529,4925.81,2026-01-06T12:33:00
TXN_000408,ACC_00231,ACC_00264,1810.87,2026-01-02T04:42:00
TXN_000409,ACC_00948,ACC_00960,657.56,2026-01-26T02:32:00
TXN_000410,ACC_00109,ACC_00140,4997.98,2026-01-19T02:53:00
TXN_000411,ACC_00768,ACC_00753,4118.46,2026-01-19T15:12:00
TXN_000412,ACC_00117,ACC_00141,380.08,2026-01-30T05:36:00
TXN_000413,ACC_00788,ACC_00767,650.39,2026-01-16T16:18:00
TXN_000414,ACC_00882,ACC_00876,3841.23,2026-01-09T06:45:00
TXN_000415,ACC_00256,ACC_00265,4158.64,2026-01-03T12:31:00
TXN_000416,ACC_00820,ACC_00839,818.22,2026-01-08T11:50:00
TXN_000417,ACC_00345,ACC_00367,4231.21,2026-01-13T22:15:00
TXN_000418,ACC_00426,ACC_00482,1379.51,2026-01-26T01:39:00
TXN_000419,ACC_00479,ACC_00469,2517.84,2026-01-05T06:02:00
TXN_000420,ACC_00276,ACC_00275,864.29,2026-01-08T00:25:00
TXN_000421,ACC_00993,ACC_00978,4214.22,2026-01-16T08:46:00
TXN_000422,ACC_00906,ACC_00904,236.85,2026-01-04T16:43:00
TXN_000423,ACC_00934,ACC_00984,3837.13,2026-01-10T14:15:00
TXN_000424,ACC_00680,ACC_00682,2495.21,2026-01-02T09:04:00
TXN_000425,ACC_00838,ACC_00883,2419.89,2026-01-14T17:58:00
TXN_000426,ACC_00639,ACC_00659,3446.18,2026-01-04T07:42:00
TXN_000427,ACC_00257,ACC_00254,2327.57,2026-01-23T00:55:00
TXN_000428,ACC_00578,ACC_00519,4308.81,2026-01-15T05:25:00
TXN_000429,ACC_00594,ACC_00545,662.52,2026-01-19T03:30:00
TXN_000430,ACC_00566,ACC_00572,1602.39,2026-01-05T19:58:00
TXN_000431,ACC_00716,ACC_00735,1247.12,2026-01-21T11:04:00
TXN_000432,ACC_00107,ACC_00138,4322.18,2026-01-18T11:35:00
TXN_000433,ACC_00632,ACC_00621,4669.42,2026-01-15T21:38:00
TXN_000434,ACC_00525,ACC_00598,2496.35,2026-01-08T06:02:00
TXN_000435,ACC_00860,ACC_00864,2491.88,2026-01-15T01:00:00
TXN_000436,ACC_00151,ACC_00165,4833.77,2026-01-21T19:25:00
TXN_000437,ACC_00375,ACC_00346,262.2,2026-01-03T05:08:00
TXN_000438,ACC_00777,ACC_00784,1435.88,2026-01-22T10:00:00
TXN_000439,ACC_00014,ACC_00056,4413.45,2026-01-07T02:17:00
TXN_000440,ACC_00598,ACC_00552,235.76,2026-01-17T15:42:00
TXN_000441,ACC_00073,ACC_00072,1818.99,2026-01-09T20:36:00
TXN_000442,ACC_00410,ACC_00450,2257.27,2026-01-23T22:46:00
TXN_000443,ACC_00836,ACC_00880,602.87,2026-01-28T19:25:00
TXN_000444,ACC_00151,ACC_00148,2793.58,2026-01-16T10:22:00
TXN_000445,ACC_00597,ACC_00519,3016.29,2026-01-10T01:25:00
TXN_000446,ACC_00665,ACC_00606,204.18,2026-01-03T01:29:00
TXN_000447,ACC_00561,ACC_00567,753.21,2026-01-21T19:09:00
TXN_000448,ACC_00818,ACC_00842,1599.46,2026-01-28T21:38:00
TXN_000449,ACC_00679,ACC_00695,2972.69,2026-01-14T14:50:00
TXN_000450,ACC_00866,ACC_00869,3546.61,2026-01-23T07:02:00
TXN_000451,ACC_00461,ACC_00403,1662.89,2026-01-17T18:20:00
TXN_000452,ACC_00154,ACC_00175,3985.81,2026-01-15T00:03:00
TXN_000453,ACC_00077,ACC_00061,4835.68,2026-01-13T02:01:00
TXN_000454,ACC_00974,ACC_00930,2921.78,2026-01-03T08:05:00
TXN_000455,ACC_00268,ACC_00281,3875.28,2026-01-29T04:55:00
TXN_000456,ACC_00619,ACC_00688,167.54,2026-01-12T00:32:00
TXN_000457,ACC_00125,ACC_00103,1575.33,2026-01-21T01:43:00
TXN_000458,ACC_00253,ACC_00289,2057.78,2026-01-10T06:42:00
TXN_000459,ACC_00961,ACC_00995,3531.82,2026-01-03T20:01:00
TXN_000460,ACC_00827,ACC_00872,4990.63,2026-01-15T19:02:00
TXN_000461,ACC_00768,ACC_00749,4783.86,2026-01-15T06:42:00
TXN_000462,ACC_00769,ACC_00744,1777.89,2026-01-25T20:40:00
TXN_000463,ACC_00479,ACC_00462,4787.11,2026-01-09T18:00:00
TXN_000464,ACC_00472,ACC_00439,4708.01,2026-01-11T05:36:00
TXN_000465,ACC_00499,ACC_00437,3454.3,2026-01-10T10:24:00
TXN_000466,ACC_00741,ACC_00762,2806.83,2026-01-16T20:59:00
TXN_000467,ACC_00437,ACC_00416,3386.35,2026-01-27T02:23:00
TXN_000468,ACC_00651,ACC_00645,1459.36,2026-01-07T15:59:00
TXN_000469,ACC_00492,ACC_00411,4620.81,2026-01-16T18:19:00
TXN_000470,ACC_00496,ACC_00462,1018.32,2026-01-10T17:43:00
TXN_000471,ACC_00835,ACC_00872,694.99,2026-01-13T08:40:00
TXN_000472,ACC_00995,ACC_00976,1219.87,2026-01-11T21:21:00
TXN_000473,ACC_00829,ACC_00882,271.93,2026-01-11T14:19:00
TXN_000474,ACC_00643,ACC_00692,511.72,2026-01-22T11:59:00
TXN_000475,ACC_00201,ACC_00271,2040.47,2026-01-08T04:30:00
TXN_000476,ACC_00762,ACC_00784,3782.0,2026-01-10T01:51:00
TXN_000477,ACC_00442,ACC_00437,305.22,2026-01-30T09:29:00
TXN_000478,ACC_00184,ACC_00174,2680.41,2026-01-11T13:38:00
TXN_000479,ACC_00023,ACC_00054,4670.27,2026-01-09T00:00:00
TXN_000480,ACC_00051,ACC_00064,4683.68,2026-01-09T11:30:00
TXN_000481,ACC_00405,ACC_00402,2844.13,2026-01-14T13:55:00
TXN_000482,ACC_00143,ACC_00137,4945.61,2026-01-21T16:16:00
TXN_000483,ACC_00868,ACC_00864,4256.79,2026-01-07T02:34:00
TXN_000484,ACC_00735,ACC_00725,1660.11,2026-01-06T03:02:00
TXN_000485,ACC_00783,ACC_00733,80.28,2026-01-09T11:22:00
TXN_000486,ACC_00538,ACC_00573,885.72,2026-01-09T18:59:00
TXN_000487,ACC_00655,ACC_00666,442.82,2026-01-15T22:11:00
TXN_000488,ACC_00124,ACC_00118,1624.77,2026-01-22T17:30:00
TXN_000489,ACC_00301,ACC_00334,1185.25,2026-01-18T10:57:00
TXN_000490,ACC_00443,ACC_00439,3617.18,2026-01-27T12:12:00
TXN_000491,ACC_00034,ACC_00084,3466.92,2026-01-17T08:43:00
TXN_000492,ACC_00086,ACC_00016,1540.96,2026-01-22T04:20:00
TXN_000493,ACC_00688,ACC_00665,3454.55,2026-01-15T03:40:00
TXN_000494,ACC_00448,ACC_00479,1103.45,2026-01-11T01:13:00
TXN_000495,ACC_00262,ACC_00220,3741.2,2026-01-21T16:57:00
TXN_000496,ACC_00948,ACC_00954,4564.86,2026-01-25T23:54:00
TXN_000497,ACC_00886,ACC_00828,3404.91,2026-01-12T06:17:00
TXN_000498,ACC_00911,ACC_00968,2645.58,2026-01-21T07:58:00
TXN_000499,ACC_00510,ACC_00573,318.17,2026-01-06T02:33:00
TXN_000500,ACC_00865,ACC_00826,2687.93,2026-01-27T01:32:00
TXN_000501,ACC_00242,ACC_00267,590.04,2026-01-21T02:36:00
TXN_000502,ACC_00392,ACC_00375,463.8,2026-01-23T05:55:00
TXN_000503,ACC_00858,ACC_00808,668.4,2026-01-21T15:16:00
TXN_000504,ACC_00659,ACC_00673,2798.4,2026-01-03T15:03:00
TXN_000505,ACC_00493,ACC_00403,1279.74,2026-01-19T00:28:00
TXN_000506,ACC_00096,ACC_00028,374.42,2026-01-27T07:40:00
TXN_000507,ACC_00645,ACC_00690,2710.41,2026-01-03T21:38:00
TXN_000508,ACC_00009,ACC_00061,1442.58,2026-01-02T10:39:00
TXN_000509,ACC_00299,ACC_00218,4891.88,2026-01-30T04:42:00
TXN_000510,ACC_00648,ACC_00649,4349.41,2026-01-21T09:55:00
TXN_000511,ACC_00649,ACC_00611,673.62,2026-01-25T13:03:00
TXN_000512,ACC_00516,ACC_00523,1971.36,2026-01-25T10:49:00
TXN_000513,ACC_00294,ACC_00229,3783.34,2026-01-01T03:47:00
TXN_000514,ACC_00460,ACC_00487,2126.4,2026-01-25T18:40:00
TXN_000515,ACC_00630,ACC_00632,1737.34,2026-01-21T23:07:00
TXN_000516,ACC_00425,ACC_00493,170.76,2026-01-06T03:15:00
TXN_000517,ACC_00679,ACC_00699,1210.92,2026-01-01T17:05:00
TXN_000518,ACC_00113,ACC_00177,2237.74,2026-01-02T12:40:00
TXN_000519,ACC_00032,ACC_00095,2017.3,2026-01-03T00:19:00
TXN_000520,ACC_00370,ACC_00328,709.28,2026-01-03T13:39:00
TXN_000521,ACC_00430,ACC_00494,1601.33,2026-01-27T05:15:00
TXN_000522,ACC_00999,ACC_00987,1192.15,2026-01-15T14:15:00
TXN_000523,ACC_00285,ACC_00267,2073.67,2026-01-11T01:26:00
TXN_000524,ACC_00408,ACC_00472,4399.77,2026-01-27T22:15:00
TXN_000525,ACC_00281,ACC_00287,2783.69,2026-01-20T10:37:00
TXN_000526,ACC_00045,ACC_00083,3931.16,2026-01-18T08:19:00
TXN_000527,ACC_00590,ACC_00554,754.6,2026-01-19T13:55:00
TXN_000528,ACC_00624,ACC_00697,2372.86,2026-01-25T11:33:00
TXN_000529,ACC_00339,ACC_00391,4030.82,2026-01-07T13:40:00
TXN_000530,ACC_00072,ACC_00053,2790.86,2026-01-19T22:56:00
TXN_000531,ACC_00250,ACC_00232,1024.65,2026-01-12T14:31:00
TXN_000532,ACC_00158,ACC_00148,2682.82,2026-01-05T04:59:00
TXN_000533,ACC_00307,ACC_00335,3371.62,2026-01-18T03:58:00
TXN_000534,ACC_00906,ACC_00910,4025.21,2026-01-09T13:31:00
TXN_000535,ACC_00993,ACC_00986,1092.91,2026-01-26T10:24:00
TXN_000536,ACC_00343,ACC_00339,1066.92,2026-01-01T16:44:00
TXN_000537,ACC_00395,ACC_00316,4573.06,2026-01-22T19:06:00
TXN_000538,ACC_00991,ACC_00927,4576.48,2026-01-19T01:13:00
TXN_000539,ACC_00842,ACC_00900,1909.5,2026-01-13T21:10:00
TXN_000540,ACC_00884,ACC_00846,1315.19,2026-01-15T00:52:00
TXN_000541,ACC_00864,ACC_00860,4016.05,2026-01-05T11:42:00
TXN_000542,ACC_00798,ACC_00741,1859.82,2026-01-10T05:52:00
TXN_000543,ACC_00606,ACC_00673,3708.85,2026-01-11T01:41:00
TXN_000544,ACC_00034,ACC_00071,2899.92,2026-01-27T13:55:00
TXN_000545,ACC_00638,ACC_00620,1656.03,2026-01-09T22:17:00
TXN_000546,ACC_00673,ACC_00632,2757.71,2026-01-23T17:22:00
TXN_000547,ACC_00533,ACC_00598,4832.88,2026-01-23T05:42:00
TXN_000548,ACC_00759,ACC_00722,854.64,2026-01-17T00:40:00
TXN_000549,ACC_00863,ACC_00824,4951.71,2026-01-25T16:09:00
TXN_000550,ACC_00068,ACC_00005,4726.49,2026-01-04T09:11:00
TXN_000551,ACC_00098,ACC_00001,696.08,2026-01-19T18:26:00
TXN_000552,ACC_00309,ACC_00391,55.62,2026-01-07T20:57:00
TXN_000553,ACC_00859,ACC_00848,3093.0,2026-01-03T18:01:00
TXN_000554,ACC_00962,ACC_00985,88.5,2026-01-23T04:52:00
TXN_000555,ACC_00871,ACC_00853,93.46,2026-01-01T12:56:00
TXN_000556,ACC_00469,ACC_00437,2516.06,2026-01-01T18:43:00
TXN_000557,ACC_00623,ACC_00614,2626.68,2026-01-05T09:12:00
TXN_000558,ACC_00325,ACC_00380,1269.57,2026-01-24T23:01:00
TXN_000559,ACC_00535,ACC_00551,1871.53,2026-01-04T14:18:00
TXN_000560,ACC_00659,ACC_00673,4951.26,2026-01-12T01:38:00
TXN_000561,ACC_00339,ACC_00388,3272.14,2026-01-04T16:03:00
TXN_000562,ACC_00012,ACC_00052,1892.08,2026-01-18T06:15:00
TXN_000563,ACC_00708,ACC_00782,3517.2,2026-01-01T10:19:00
TXN_000564,ACC_00164,ACC_00156,3924.04,2026-01-30T08:24:00
TXN_000565,ACC_00913,ACC_00968,1156.53,2026-01-02T22:28:00
TXN_000566,ACC_00961,ACC_00935,4621.55,2026-01-03T02:51:00
TXN_000567,ACC_00470,ACC_00473,174.18,2026-01-30T22:49:00
TXN_000568,ACC_00503,ACC_00527,729.52,2026-01-27T17:11:00
TXN_000569,ACC_00610,ACC_00639,2824.15,2026-01-08T09:26:00
TXN_000570,ACC_00950,ACC_00987,1665.33,2026-01-25T14:26:00
TXN_000571,ACC_00289,ACC_00293,2508.96,2026-01-04T13:39:00
TXN_000572,ACC_00507,ACC_00513,1168.4,2026-01-20T21:25:00
TXN_000573,ACC_00144,ACC_00178,4774.74,2026-01-28T22:30:00
TXN_000574,ACC_00700,ACC_00642,3174.27,2026-01-02T08:21:00
TXN_000575,ACC_00763,ACC_00730,2769.66,2026-01-17T04:38:00
TXN_000576,ACC_00656,ACC_00624,3306.75,2026-01-27T15:55:00
TXN_000577,ACC_00199,ACC_00180,3992.3,2026-01-14T10:37:00
TXN_000578,ACC_00111,ACC_00135,1906.2,2026-01-08T00:27:00
TXN_000579,ACC_00295,ACC_00250,1809.89,2026-01-15T09:53:00
TXN_000580,ACC_00101,ACC_00140,1805.99,2026-01-21T05:46:00
TXN_000581,ACC_00414,ACC_00417,945.08,2026-01-04T23:21:00
TXN_000582,ACC_00772,ACC_00766,525.43,2026-01-19T13:41:00
TXN_000583,ACC_00146,ACC_00171,2988.65,2026-01-05T05:39:00
TXN_000584,ACC_00550,ACC_00502,2074.91,2026-01-14T06:46:00
TXN_000585,ACC_00193,ACC_00172,2864.08,2026-01-12T01:08:00
TXN_000586,ACC_00288,ACC_00249,702.81,2026-01-08T17:08:00
TXN_000587,ACC_00435,ACC_00464,325.7,2026-01-07T15:23:00
TXN_000588,ACC_00636,ACC_00654,2426.31,2026-01-14T15:24:00
TXN_000589,ACC_00147,ACC_00133,3607.29,2026-01-12T05:20:00
TXN_000590,ACC_00777,ACC_00779,2294.73,2026-01-09T21:35:00
TXN_000591,ACC_00239,ACC_00201,1667.76,2026-01-19T00:12:00
TXN_000592,ACC_00949,ACC_00943,1680.33,2026-01-21T00:50:00
TXN_000593,ACC_00918,ACC_00939,3020.02,2026-01-15T14:15:00
TXN_000594,ACC_00362,ACC_00341,4823.23,2026-01-09T02:01:00
TXN_000595,ACC_00538,ACC_00595,2460.13,2026-01-29T19:17:00
TXN_000596,ACC_00932,ACC_00942,1408.7,2026-01-18T02:45:00
TXN_000597,ACC_00647,ACC_00615,1007.0,2026-01-26T15:52:00
TXN_000598,ACC_00824,ACC_00888,144.31,2026-01-26T00:51:00
TXN_000599,ACC_00791,ACC_00727,3990.45,2026-01-20T22:54:00
TXN_000600,ACC_00153,ACC_00187,704.5,2026-01-23T17:22:00
TXN_000601,ACC_00431,ACC_00433,779.17,2026-01-30T23:26:00
TXN_000602,ACC_00649,ACC_00610,4953.6,2026-01-21T10:30:00
TXN_000603,ACC_00775,ACC_00752,2538.0,2026-01-25T07:40:00
TXN_000604,ACC_00670,ACC_00605,3511.16,2026-01-17T08:42:00
TXN_000605,ACC_00877,ACC_00882,555.75,2026-01-04T20:49:00
TXN_000606,ACC_00385,ACC_00386,840.03,2026-01-17T03:45:00
TXN_000607,ACC_00906,ACC_00973,3390.58,2026-01-30T08:32:00
TXN_000608,ACC_00697,ACC_00643,538.66,2026-01-20T14:10:00
TXN_000609,ACC_00134,ACC_00129,3736.8,2026-01-24T05:47:00
TXN_000610,ACC_00875,ACC_00889,1112.95,2026-01-27T04:18:00
TXN_000611,ACC_00551,ACC_00560,3455.28,2026-01-27T18:53:00
TXN_000612,ACC_00245,ACC_00204,531.7,2026-01-22T23:18:00
TXN_000613,ACC_00611,ACC_00615,1748.16,2026-01-07T10:44:00
TXN_000614,ACC_00559,ACC_00527,2419.8,2026-01-24T17:11:00
TXN_000615,ACC_00713,ACC_00757,1601.36,2026-01-21T14:11:00
TXN_000616,ACC_00406,ACC_00491,122.7,2026-01-06T05:42:00
TXN_000617,ACC_00583,ACC_00514,4650.31,2026-01-08T11:31:00
TXN_000618,ACC_00367,ACC_00323,809.08,2026-01-26T02:49:00
TXN_000619,ACC_00855,ACC_00860,3990.8,2026-01-11T13:14:00
TXN_000620,ACC_00224,ACC_00282,2166.35,2026-01-30T21:57:00
TXN_000621,ACC_00095,ACC_00079,2253.38,2026-01-09T23:31:00
TXN_000622,ACC_00650,ACC_00601,1036.86,2026-01-10T18:36:00
TXN_000623,ACC_00174,ACC_00114,942.93,2026-01-25T10:25:00
TXN_000624,ACC_00526,ACC_00559,1319.14,2026-01-06T04:28:00
TXN_000625,ACC_00768,ACC_00782,2988.88,2026-01-15T06:19:00
TXN_000626,ACC_00951,ACC_00976,1746.14,2026-01-06T04:46:00
TXN_000627,ACC_00780,ACC_00723,4594.23,2026-01-14T12:53:00
TXN_000628,ACC_00911,ACC_00987,1572.8,2026-01-07T02:18:00
TXN_000629,ACC_00340,ACC_00315,1872.8,2026-01-09T07:56:00
TXN_000630,ACC_00266,ACC_00250,2986.16,2026-01-20T00:49:00
TXN_000631,ACC_00950,ACC_00955,2438.48,2026-01-09T10:53:00
TXN_000632,ACC_00889,ACC_00883,2779.01,2026-01-08T21:13:00
TXN_000633,ACC_00737,ACC_00718,1579.75,2026-01-09T12:21:00
TXN_000634,ACC_00780,ACC_00707,4759.69,2026-01-17T08:09:00
TXN_000635,ACC_00718,ACC_00725,4819.51,2026-01-18T11:22:00
TXN_000636,ACC_00884,ACC_00864,3426.64,2026-01-19T14:53:00
TXN_000637,ACC_00691,ACC_00657,844.59,2026-01-23T05:47:00
TXN_000638,ACC_00904,ACC_00998,1467.53,2026-01-11T00:52:00
TXN_000639,ACC_00429,ACC_00469,849.36,2026-01-14T03:18:00
TXN_000640,ACC_00773,ACC_00796,2753.13,2026-01-23T13:00:00
TXN_000641,ACC_00174,ACC_00115,3877.81,2026-01-13T04:36:00
TXN_000642,ACC_00570,ACC_00597,3802.42,2026-01-02T21:26:00
TXN_000643,ACC_00770,ACC_00728,521.06,2026-01-20T08:22:00
TXN_000644,ACC_00339,ACC_00305,1321.45,2026-01-21T11:13:00
TXN_000645,ACC_00157,ACC_00116,1057.29,2026-01-11T18:48:00
TXN_000646,ACC_00989,ACC_00945,3167.53,2026-01-28T18:34:00
TXN_000647,ACC_00279,ACC_00218,4069.51,2026-01-10T09:41:00
TXN_000648,ACC_00073,ACC_00045,1412.61,2026-01-25T05:23:00
TXN_000649,ACC_00822,ACC_00842,1453.77,2026-01-14T07:38:00
TXN_000650,ACC_00466,ACC_00487,686.59,2026-01-05T08:00:00
TXN_000651,ACC_00608,ACC_00636,643.17,2026-01-30T20:24:00
TXN_000652,ACC_00232,ACC_00219,4144.12,2026-01-15T15:48:00
TXN_000653,ACC_00663,ACC_00619,3165.69,2026-01-27T06:42:00
TXN_000654,ACC_00649,ACC_00658,3171.8,2026-01-04T10:29:00
TXN_000655,ACC_00152,ACC_00166,3476.57,2026-01-13T15:53:00
TXN_000656,ACC_00559,ACC_00563,2913.96,2026-01-15T21:29:00
TXN_000657,ACC_00194,ACC_00159,3324.08,2026-01-29T21:24:00
TXN_000658,ACC_00509,ACC_00569,1096.97,2026-01-19T02:24:00
TXN_000659,ACC_00628,ACC_00664,1621.1,2026-01-13T05:18:00
TXN_000660,ACC_00444,ACC_00471,661.67,2026-01-27T07:15:00
TXN_000661,ACC_00744,ACC_00788,239.26,2026-01-03T04:52:00
TXN_000662,ACC_00703,ACC_00716,2212.02,2026-01-08T04:33:00
TXN_000663,ACC_00055,ACC_00026,4411.92,2026-01-07T00:05:00
TXN_000664,ACC_00421,ACC_00436,3276.39,2026-01-05T05:57:00
TXN_000665,ACC_00411,ACC_00448,835.97,2026-01-30T12:47:00
TXN_000666,ACC_00681,ACC_00640,2151.86,2026-01-11T15:44:00
TXN_000667,ACC_00191,ACC_00113,1074.97,2026-01-01T01:11:00
TXN_000668,ACC_00117,ACC_00176,2602.03,2026-01-11T07:03:00
TXN_000669,ACC_00702,ACC_00790,4087.37,2026-01-16T15:16:00
TXN_000670,ACC_00689,ACC_00617,363.43,2026-01-22T17:46:00
TXN_000671,ACC_00612,ACC_00694,524.98,2026-01-05T15:52:00
TXN_000672,ACC_00539,ACC_00518,3869.57,2026-01-18T10:02:00
TXN_000673,ACC_00283,ACC_00287,351.37,2026-01-07T12:02:00
TXN_000674,ACC_00902,ACC_00979,828.94,2026-01-30T13:59:00
TXN_000675,ACC_00593,ACC_00528,3743.86,2026-01-29T14:01:00
TXN_000676,ACC_00679,ACC_00688,4301.21,2026-01-21T03:12:00
TXN_000677,ACC_00113,ACC_00118,2951.97,2026-01-06T14:31:00
TXN_000678,ACC_00645,ACC_00655,3957.47,2026-01-15T07:31:00
TXN_000679,ACC_00336,ACC_00383,1248.35,2026-01-04T20:01:00
TXN_000680,ACC_00977,ACC_00993,1431.75,2026-01-28T15:39:00
TXN_000681,ACC_00085,ACC_00039,2593.57,2026-01-10T08:24:00
TXN_000682,ACC_00825,ACC_00896,1484.75,2026-01-18T19:53:00
TXN_000683,ACC_00031,ACC_00064,572.59,2026-01-18T13:29:00
TXN_000684,ACC_00782,ACC_00777,2646.15,2026-01-04T05:33:00
TXN_000685,ACC_00047,ACC_00041,1940.32,2026-01-07T00:09:00
TXN_000686,ACC_00954,ACC_00947,3417.88,2026-01-25T20:46:00
TXN_000687,ACC_00799,ACC_00710,2940.94,2026-01-01T18:13:00
TXN_000688,ACC_00034,ACC_00028,4613.67,2026-01-02T19:30:00
TXN_000689,ACC_00665,ACC_00637,3566.02,2026-01-29T14:34:00
TXN_000690,ACC_00655,ACC_00690,421.31,2026-01-19T07:23:00
TXN_000691,ACC_00869,ACC_00879,1394.56,2026-01-07T22:46:00
TXN_000692,ACC_00411,ACC_00466,4871.82,2026-01-10T05:56:00
TXN_000693,ACC_00269,ACC_00242,2936.32,2026-01-18T18:46:00
TXN_000694,ACC_00140,ACC_00190,3652.49,2026-01-20T21:51:00
TXN_000695,ACC_00308,ACC_00332,4623.89,2026-01-04T22:10:00
TXN_000696,ACC_00159,ACC_00179,284.59,2026-01-28T17:00:00
TXN_000697,ACC_00216,ACC_00202,3510.48,2026-01-07T05:52:00
TXN_000698,ACC_00264,ACC_00245,2590.94,2026-01-24T19:15:00
TXN_000699,ACC_00422,ACC_00448,3751.38,2026-01-06T18:38:00
TXN_000700,ACC_00494,ACC_00416,1681.71,2026-01-02T08:03:00
TXN_000701,ACC_00635,ACC_00668,1322.12,2026-01-03T21:45:00
TXN_000702,ACC_00981,ACC_00910,2281.44,2026-01-23T13:55:00
TXN_000703,ACC_00508,ACC_00564,842.74,2026-01-26T19:11:00
TXN_000704,ACC_00233,ACC_00299,4472.4,2026-01-05T16:23:00
TXN_000705,ACC_00130,ACC_00195,22.82,2026-01-24T03:46:00
TXN_000706,ACC_00032,ACC_00006,1826.24,2026-01-22T11:17:00
TXN_000707,ACC_00223,ACC_00205,4017.55,2026-01-26T03:52:00
TXN_000708,ACC_00629,ACC_00642,2087.12,2026-01-12T07:10:00
TXN_000709,ACC_00535,ACC_00510,1870.31,2026-01-27T00:16:00
TXN_000710,ACC_00887,ACC_00807,1123.69,2026-01-09T03:53:00
TXN_000711,ACC_00806,ACC_00852,4386.19,2026-01-04T03:17:00
TXN_000712,ACC_00500,ACC_00440,441.06,2026-01-15T21:29:00
TXN_000713,ACC_00702,ACC_00748,1465.06,2026-01-10T03:11:00
TXN_000714,ACC_00495,ACC_00480,2324.99,2026-01-12T00:57:00
TXN_000715,ACC_00964,ACC_00999,3664.99,2026-01-09T21:27:00
TXN_000716,ACC_00898,ACC_00832,41.83,2026-01-07T20:27:00
TXN_000717,ACC_00604,ACC_00630,1738.65,2026-01-25T15:30:00
TXN_000718,ACC_00043,ACC_00001,1887.61,2026-01-30T21:57:00
TXN_000719,ACC_00414,ACC_00427,4915.75,2026-01-25T02:41:00
TXN_000720,ACC_00663,ACC_00608,3561.15,2026-01-07T11:30:00
TXN_000721,ACC_00106,ACC_00130,2071.15,2026-01-24T15:42:00
TXN_000722,ACC_00559,ACC_00596,2908.05,2026-01-04T20:44:00
TXN_000723,ACC_00818,ACC_00882,383.4,2026-01-18T22:44:00
TXN_000724,ACC_00908,ACC_00956,1191.49,2026-01-06T22:46:00
TXN_000725,ACC_00441,ACC_00451,1597.11,2026-01-15T20:21:00
TXN_000726,ACC_00430,ACC_00410,689.2,2026-01-10T05:24:00
TXN_000727,ACC_00914,ACC_00920,830.23,2026-01-05T19:24:00
TXN_000728,ACC_00741,ACC_00753,2684.26,2026-01-06T11:52:00
TXN_000729,ACC_00358,ACC_00340,1332.39,2026-01-22T02:05:00
TXN_000730,ACC_00112,ACC_00121,4133.67,2026-01-14T20:17:00
TXN_000731,ACC_00906,ACC_00928,750.14,2026-01-15T22:02:00
TXN_000732,ACC_00346,ACC_00351,254.26,2026-01-24T08:50:00
TXN_000733,ACC_00434,ACC_00423,4760.96,2026-01-02T09:56:00
TXN_000734,ACC_00772,ACC_00796,1256.76,2026-01-26T00:52:00
TXN_000735,ACC_00714,ACC_00718,69.67,2026-01-06T12:39:00
TXN_000736,ACC_00317,ACC_00326,1867.48,2026-01-19T05:32:00
TXN_000737,ACC_00175,ACC_00176,4587.97,2026-01-12T18:42:00
TXN_000738,ACC_00103,ACC_00109,4513.46,2026-01-09T23:59:00
TXN_000739,ACC_00717,ACC_00712,621.41,2026-01-16T02:08:00
TXN_000740,ACC_00707,ACC_00722,2171.45,2026-01-27T02:50:00
TXN_000741,ACC_00664,ACC_00604,3419.23,2026-01-18T10:02:00
TXN_000742,ACC_00246,ACC_00228,1382.16,2026-01-09T12:25:00
TXN_000743,ACC_00720,ACC_00705,3099.69,2026-01-28T22:46:00
TXN_000744,ACC_00383,ACC_00338,2065.84,2026-01-23T16:55:00
TXN_000745,ACC_00862,ACC_00808,1406.08,2026-01-04T23:48:00
TXN_000746,ACC_00254,ACC_00226,4424.42,2026-01-30T05:56:00
TXN_000747,ACC_00832,ACC_00881,3976.28,2026-01-25T17:49:00
TXN_000748,ACC_00692,ACC_00646,2727.14,2026-01-22T19:56:00
TXN_000749,ACC_00745,ACC_00773,1614.81,2026-01-23T20:44:00
TXN_000750,ACC_00424,ACC_00404,2989.61,2026-01-15T12:17:00
TXN_000751,ACC_00100,ACC_00036,4045.18,2026-01-03T15:59:00
TXN_000752,ACC_00768,ACC_00746,4998.03,2026-01-27T13:52:00
TXN_000753,ACC_00213,ACC_00232,1213.35,2026-01-30T21:28:00
TXN_000754,ACC_00895,ACC_00808,2882.7,2026-01-10T23:39:00
TXN_000755,ACC_00646,ACC_00623,1190.39,2026-01-09T00:20:00
TXN_000756,ACC_00595,ACC_00590,4570.76,2026-01-17T07:53:00
TXN_000757,ACC_00091,ACC_00090,4738.32,2026-01-17T00:07:00
TXN_000758,ACC_00919,ACC_00973,4185.12,2026-01-09T13:36:00
TXN_000759,ACC_00770,ACC_00740,2457.28,2026-01-08T23:45:00
TXN_000760,ACC_00108,ACC_00130,1101.86,2026-01-28T09:10:00
TXN_000761,ACC_00862,ACC_00801,4590.3,2026-01-16T02:20:00
TXN_000762,ACC_00317,ACC_00344,4594.72,2026-01-09T01:50:00
TXN_000763,ACC_00508,ACC_00503,2937.18,2026-01-07T17:20:00
TXN_000764,ACC_00300,ACC_00215,4304.74,2026-01-24T22:51:00
TXN_000765,ACC_00148,ACC_00191,2934.22,2026-01-19T00:05:00
TXN_000766,ACC_00539,ACC_00542,4879.54,2026-01-07T05:02:00
TXN_000767,ACC_00682,ACC_00663,1593.24,2026-01-30T13:04:00
TXN_000768,ACC_00889,ACC_00879,1123.95,2026-01-17T05:44:00
TXN_000769,ACC_00923,ACC_00949,3672.63,2026-01-14T23:07:00
TXN_000770,ACC_00417,ACC_00423,4744.45,2026-01-01T01:57:00
TXN_000771,ACC_00951,ACC_00999,171.59,2026-01-26T19:50:00
TXN_000772,ACC_00941,ACC_00979,3201.84,2026-01-11T01:16:00
TXN_000773,ACC_00164,ACC_00119,3729.26,2026-01-16T01:43:00
TXN_000774,ACC_00345,ACC_00341,3184.57,2026-01-08T15:22:00
TXN_000775,ACC_00191,ACC_00186,3649.14,2026-01-30T02:04:00
TXN_000776,ACC_00558,ACC_00502,1056.32,2026-01-13T01:40:00
TXN_000777,ACC_00145,ACC_00133,3604.86,2026-01-05T22:00:00
TXN_000778,ACC_00050,ACC_00057,4845.82,2026-01-20T02:22:00
TXN_000779,ACC_00664,ACC_00649,2734.66,2026-01-16T23:38:00
TXN_000780,ACC_00162,ACC_00174,3793.64,2026-01-30T15:01:00
TXN_000781,ACC_00321,ACC_00358,3997.98,2026-01-04T08:30:00
TXN_000782,ACC_00038,ACC_00003,1313.03,2026-01-15T12:07:00
TXN_000783,ACC_00110,ACC_00144,4440.78,2026-01-08T17:48:00
TXN_000784,ACC_00294,ACC_00210,4709.75,2026-01-25T21:31:00
TXN_000785,ACC_00144,ACC_00177,4467.2,2026-01-28T22:15:00
TXN_000786,ACC_00056,ACC_00084,3040.51,2026-01-08T12:13:00
TXN_000787,ACC_00621,ACC_00607,1662.16,2026-01-05T14:36:00
TXN_000788,ACC_00353,ACC_00390,3612.97,2026-01-26T05:14:00
TXN_000789,ACC_00834,ACC_00885,1494.03,2026-01-13T19:29:00
TXN_000790,ACC_00107,ACC_00151,2752.82,2026-01-27T00:31:00
TXN_000791,ACC_00720,ACC_00707,29.04,2026-01-17T10:07:00
TXN_000792,ACC_00138,ACC_00185,3005.08,2026-01-29T10:45:00
TXN_000793,ACC_00313,ACC_00304,862.45,2026-01-10T10:02:00
TXN_000794,ACC_00411,ACC_00461,1548.68,2026-01-06T06:09:00
TXN_000795,ACC_00661,ACC_00663,464.77,2026-01-13T01:27:00
TXN_000796,ACC_00850,ACC_00824,4428.61,2026-01-17T21:15:00
TXN_000797,ACC_00524,ACC_00558,1323.85,2026-01-03T00:44:00
TXN_000798,ACC_00734,ACC_00729,2825.59,2026-01-13T05:20:00
TXN_000799,ACC_00297,ACC_00290,437.68,2026-01-05T09:37:00
TXN_000800,ACC_00570,ACC_00553,1145.29,2026-01-27T20:08:00
TXN_000801,ACC_00050,ACC_00067,4828.48,2026-01-20T01:15:00
TXN_000802,ACC_00774,ACC_00731,1501.27,2026-01-22T16:12:00
TXN_000803,ACC_00692,ACC_00605,2860.39,2026-01-23T20:25:00
TXN_000804,ACC_00874,ACC_00887,745.76,2026-01-29T05:30:00
TXN_000805,ACC_00723,ACC_00722,4044.22,2026-01-10T15:26:00
TXN_000806,ACC_00206,ACC_00255,4941.52,2026-01-04T13:35:00
TXN_000807,ACC_00626,ACC_00681,4172.2,2026-01-07T17:31:00
TXN_000808,ACC_00441,ACC_00494,444.27,2026-01-04T01:11:00
TXN_000809,ACC_00851,ACC_00871,4284.55,2026-01-15T20:13:00
TXN_000810,ACC_00859,ACC_00802,2942.0,2026-01-29T08:32:00
TXN_000811,ACC_00615,ACC_00654,749.52,2026-01-07T19:26:00
TXN_000812,ACC_00975,ACC_00998,4625.39,2026-01-05T13:26:00
TXN_000813,ACC_01000,ACC_00913,4338.7,2026-01-14T00:29:00
TXN_000814,ACC_00553,ACC_00534,3277.39,2026-01-18T10:23:00
TXN_000815,ACC_00978,ACC_00961,869.28,2026-01-02T16:55:00
TXN_000816,ACC_00619,ACC_00680,3407.26,2026-01-28T16:48:00
TXN_000817,ACC_00605,ACC_00651,3455.66,2026-01-16T02:04:00
TXN_000818,ACC_00096,ACC_00061,4486.19,2026-01-13T05:21:00
TXN_000819,ACC_00044,ACC_00039,1408.93,2026-01-15T03:38:00
TXN_000820,ACC_00790,ACC_00788,4862.76,2026-01-05T11:16:00
TXN_000821,ACC_00318,ACC_00339,3872.41,2026-01-21T03:59:00
TXN_000822,ACC_00535,ACC_00594,3028.85,2026-01-19T23:13:00
TXN_000823,ACC_00125,ACC_00157,4568.03,2026-01-10T14:53:00
TXN_000824,ACC_00695,ACC_00663,4337.27,2026-01-24T12:09:00
TXN_000825,ACC_00066,ACC_00021,1562.5,2026-01-03T23:40:00
TXN_000826,ACC_00852,ACC_00818,4397.87,2026-01-24T20:39:00
TXN_000827,ACC_00023,ACC_00025,4186.51,2026-01-10T03:14:00
TXN_000828,ACC_00305,ACC_00359,4590.98,2026-01-03T07:13:00
TXN_000829,ACC_00336,ACC_00348,2530.58,2026-01-22T03:03:00
TXN_000830,ACC_00188,ACC_00104,1868.61,2026-01-12T00:15:00
TXN_000831,ACC_00958,ACC_00923,2938.53,2026-01-22T14:22:00
TXN_000832,ACC_00545,ACC_00521,3747.32,2026-01-12T18:31:00
TXN_000833,ACC_00137,ACC_00104,257.76,2026-01-18T14:13:00
TXN_000834,ACC_01000,ACC_00928,3240.43,2026-01-11T01:46:00
TXN_000835,ACC_00335,ACC_00384,2571.27,2026-01-19T15:17:00
TXN_000836,ACC_00061,ACC_00017,874.27,2026-01-30T11:06:00
TXN_000837,ACC_00029,ACC_00033,4027.38,2026-01-28T16:28:00
TXN_000838,ACC_00492,ACC_00491,1384.14,2026-01-30T06:02:00
TXN_000839,ACC_00645,ACC_00659,1098.86,2026-01-12T11:14:00
TXN_000840,ACC_00487,ACC_00467,1991.79,2026-01-29T09:08:00
TXN_000841,ACC_00101,ACC_00166,2811.67,2026-01-18T00:45:00
TXN_000842,ACC_00978,ACC_00937,3425.22,2026-01-14T14:00:00
TXN_000843,ACC_00709,ACC_00744,3206.57,2026-01-13T13:59:00
TXN_000844,ACC_00434,ACC_00484,1500.97,2026-01-30T15:34:00
TXN_000845,ACC_00267,ACC_00298,4499.44,2026-01-11T22:28:00
TXN_000846,ACC_00952,ACC_00985,3406.97,2026-01-15T13:04:00
TXN_000847,ACC_00084,ACC_00064,1304.54,2026-01-14T10:52:00
TXN_000848,ACC_00652,ACC_00650,2919.29,2026-01-02T14:34:00
TXN_000849,ACC_00925,ACC_00944,3434.73,2026-01-11T02:52:00
TXN_000850,ACC_00786,ACC_00746,1507.97,2026-01-24T02:07:00
TXN_000851,ACC_00285,ACC_00272,1475.98,2026-01-09T05:50:00
TXN_000852,ACC_00717,ACC_00795,3628.68,2026-01-12T18:31:00
TXN_000853,ACC_00898,ACC_00824,3275.63,2026-01-16T06:36:00
TXN_000854,ACC_00346,ACC_00329,2108.16,2026-01-14T23:25:00
TXN_000855,ACC_00548,ACC_00534,1477.32,2026-01-27T15:35:00
TXN_000856,ACC_00161,ACC_00107,2922.04,2026-01-29T20:55:00
TXN_000857,ACC_00910,ACC_00961,2507.38,2026-01-09T20:29:00
TXN_000858,ACC_00668,ACC_00639,279.77,2026-01-19T19:13:00
TXN_000859,ACC_00218,ACC_00226,2051.87,2026-01-16T14:17:00
TXN_000860,ACC_00959,ACC_00919,4313.35,2026-01-15T09:34:00
TXN_000861,ACC_00300,ACC_00211,1669.82,2026-01-23T04:34:00
TXN_000862,ACC_00241,ACC_00282,33.52,2026-01-03T15:21:00
TXN_000863,ACC_00427,ACC_00498,2885.63,2026-01-08T16:09:00
TXN_000864,ACC_00263,ACC_00298,655.74,2026-01-05T00:09:00
TXN_000865,ACC_00682,ACC_00655,2150.84,2026-01-19T08:36:00
TXN_000866,ACC_00750,ACC_00701,2673.58,2026-01-02T17:12:00
TXN_000867,ACC_00502,ACC_00542,960.98,2026-01-25T04:01:00
TXN_000868,ACC_00081,ACC_00094,1139.07,2026-01-12T07:46:00
TXN_000869,ACC_00540,ACC_00517,1923.92,2026-01-05T16:11:00
TXN_000870,ACC_00940,ACC_00922,4120.98,2026-01-03T23:18:00
TXN_000871,ACC_00438,ACC_00459,2985.89,2026-01-24T16:17:00
TXN_000872,ACC_00556,ACC_00588,1720.24,2026-01-07T02:08:00
TXN_000873,ACC_00746,ACC_00797,832.77,2026-01-09T13:48:00
TXN_000874,ACC_00603,ACC_00630,3638.57,2026-01-11T05:01:00
TXN_000875,ACC_00228,ACC_00294,2952.57,2026-01-01T23:56:00
TXN_000876,ACC_00216,ACC_00247,3962.71,2026-01-30T14:33:00
TXN_000877,ACC_00682,ACC_00633,3119.44,2026-01-25T08:04:00
TXN_000878,ACC_00907,ACC_00985,3271.3,2026-01-05T22:05:00
TXN_000879,ACC_00007,ACC_00089,2089.71,2026-01-06T06:28:00
TXN_000880,ACC_00616,ACC_00671,2377.24,2026-01-12T12:03:00
TXN_000881,ACC_00227,ACC_00289,56.43,2026-01-29T16:28:00
TXN_000882,ACC_00685,ACC_00613,1357.19,2026-01-24T16:18:00
TXN_000883,ACC_00990,ACC_00918,4154.96,2026-01-20T01:28:00
TXN_000884,ACC_00166,ACC_00193,597.5,2026-01-29T02:41:00
TXN_000885,ACC_00114,ACC_00164,3048.92,2026-01-10T00:58:00
TXN_000886,ACC_00467,ACC_00426,3520.15,2026-01-17T06:56:00
TXN_000887,ACC_00421,ACC_00406,2486.81,2026-01-25T22:42:00
TXN_000888,ACC_00389,ACC_00362,1180.18,2026-01-16T01:06:00
TXN_000889,ACC_00086,ACC_00012,4177.81,2026-01-06T00:37:00
TXN_000890,ACC_00720,ACC_00712,384.49,2026-01-24T06:55:00
TXN_000891,ACC_00133,ACC_00183,2289.19,2026-01-11T12:29:00
TXN_000892,ACC_00434,ACC_00460,508.05,2026-01-03T06:42:00
TXN_000893,ACC_00206,ACC_00238,4009.96,2026-01-17T09:27:00
TXN_000894,ACC_00555,ACC_00595,484.04,2026-01-06T06:35:00
TXN_000895,ACC_00002,ACC_00018,860.86,2026-01-30T10:54:00
TXN_000896,ACC_00557,ACC_00580,4393.59,2026-01-13T05:03:00
TXN_000897,ACC_00148,ACC_00144,578.02,2026-01-09T07:44:00
TXN_000898,ACC_00659,ACC_00635,3452.61,2026-01-18T13:18:00
TXN_000899,ACC_00754,ACC_00784,574.15,2026-01-08T14:10:00
TXN_000900,ACC_00021,ACC_00014,4557.02,2026-01-19T22:24:00
TXN_000901,ACC_00773,ACC_00787,914.49,2026-01-20T22:35:00
TXN_000902,ACC_00700,ACC_00646,153.79,2026-01-28T19:45:00
TXN_000903,ACC_00262,ACC_00263,4439.09,2026-01-06T03:21:00
TXN_000904,ACC_00706,ACC_00709,3278.32,2026-01-12T21:45:00
TXN_000905,ACC_00091,ACC_00087,3839.97,2026-01-24T21:14:00
TXN_000906,ACC_00993,ACC_00973,4889.7,2026-01-11T04:39:00
TXN_000907,ACC_00567,ACC_00589,485.26,2026-01-29T03:16:00
TXN_000908,ACC_00362,ACC_00345,1930.53,2026-01-30T04:35:00
TXN_000909,ACC_00879,ACC_00807,3220.56,2026-01-01T12:43:00
TXN_000910,ACC_00265,ACC_00261,4348.38,2026-01-23T13:35:00
TXN_000911,ACC_00197,ACC_00163,1212.05,2026-01-15T14:13:00
TXN_000912,ACC_00407,ACC_00465,2756.97,2026-01-11T03:15:00
TXN_000913,ACC_00652,ACC_00631,2300.88,2026-01-04T14:06:00
TXN_000914,ACC_00958,ACC_00912,2240.87,2026-01-23T16:26:00
TXN_000915,ACC_00164,ACC_00196,98.67,2026-01-30T17:39:00
TXN_000916,ACC_00653,ACC_00605,2750.0,2026-01-26T08:32:00
TXN_000917,ACC_00178,ACC_00180,1529.94,2026-01-30T00:21:00
TXN_000918,ACC_00872,ACC_00827,3360.66,2026-01-30T18:59:00
TXN_000919,ACC_00547,ACC_00507,4223.14,2026-01-11T03:29:00
TXN_000920,ACC_00572,ACC_00599,3003.76,2026-01-29T04:56:00
TXN_000921,ACC_00592,ACC_00558,496.21,2026-01-06T04:32:00
TXN_000922,ACC_00301,ACC_00344,4151.12,2026-01-17T03:54:00
TXN_000923,ACC_00471,ACC_00467,3513.46,2026-01-18T00:23:00
TXN_000924,ACC_00022,ACC_00064,4110.97,2026-01-07T09:24:00
TXN_000925,ACC_00614,ACC_00633,987.65,2026-01-28T19:12:00
TXN_000926,ACC_00151,ACC_00128,4124.53,2026-01-21T19:12:00
TXN_000927,ACC_00392,ACC_00344,3788.18,2026-01-05T21:42:00
TXN_000928,ACC_00082,ACC_00087,624.86,2026-01-27T19:08:00
TXN_000929,ACC_00759,ACC_00785,4781.39,2026-01-27T19:41:00
TXN_000930,ACC_00264,ACC_00201,3683.71,2026-01-25T03:17:00
TXN_000931,ACC_00856,ACC_00875,4622.61,2026-01-22T23:29:00
TXN_000932,ACC_00289,ACC_00275,3655.17,2026-01-08T21:40:00
TXN_000933,ACC_00214,ACC_00250,3006.72,2026-01-30T22:11:00
TXN_000934,ACC_00565,ACC_00550,4897.71,2026-01-20T01:17:00
TXN_000935,ACC_00336,ACC_00351,4852.75,2026-01-16T14:29:00
TXN_000936,ACC_00718,ACC_00753,3503.07,2026-01-28T10:07:00
TXN_000937,ACC_00839,ACC_00890,4304.93,2026-01-25T22:21:00
TXN_000938,ACC_00881,ACC_00828,1056.47,2026-01-10T03:25:00
TXN_000939,ACC_00488,ACC_00445,4906.86,2026-01-07T00:54:00
TXN_000940,ACC_00265,ACC_00270,1618.68,2026-01-29T23:38:00
TXN_000941,ACC_00198,ACC_00146,2407.05,2026-01-26T14:09:00
TXN_000942,ACC_00986,ACC_00991,3374.47,2026-01-19T23:59:00
TXN_000943,ACC_00837,ACC_00855,2618.42,2026-01-01T13:56:00
TXN_000944,ACC_00049,ACC_00019,3354.57,2026-01-03T09:57:00
TXN_000945,ACC_00335,ACC_00397,4917.83,2026-01-08T07:47:00
TXN_000946,ACC_00419,ACC_00408,1027.96,2026-01-14T10:22:00
TXN_000947,ACC_00805,ACC_00846,521.38,2026-01-21T14:21:00
TXN_000948,ACC_00829,ACC_00896,2810.74,2026-01-30T10:49:00
TXN_000949,ACC_00366,ACC_00390,3467.75,2026-01-14T02:10:00
TXN_000950,ACC_00049,ACC_00050,4783.94,2026-01-19T23:00:00
TXN_000951,ACC_00571,ACC_00507,3720.91,2026-01-01T14:09:00
TXN_000952,ACC_00380,ACC_00400,4151.62,2026-01-21T03:56:00
TXN_000953,ACC_00597,ACC_00576,3694.87,2026-01-25T21:02:00
TXN_000954,ACC_00400,ACC_00393,1477.95,2026-01-09T19:21:00
TXN_000955,ACC_00288,ACC_00210,4812.75,2026-01-09T12:13:00
TXN_000956,ACC_00816,ACC_00849,2148.25,2026-01-02T20:23:00
TXN_000957,ACC_00834,ACC_00817,2924.09,2026-01-08T07:46:00
TXN_000958,ACC_00401,ACC_00443,3551.35,2026-01-22T05:21:00
TXN_000959,ACC_00206,ACC_00220,2988.43,2026-01-15T16:23:00
TXN_000960,ACC_00985,ACC_00939,3951.64,2026-01-23T07:48:00
TXN_000961,ACC_00846,ACC_00810,2631.72,2026-01-15T11:11:00
TXN_000962,ACC_00267,ACC_00209,805.26,2026-01-23T23:44:00
TXN_000963,ACC_00869,ACC_00852,1753.52,2026-01-05T04:25:00
TXN_000964,ACC_00385,ACC_00343,1810.38,2026-01-16T01:36:00
TXN_000965,ACC_00397,ACC_00380,2379.54,2026-01-25T03:26:00
TXN_000966,ACC_00897,ACC_00884,582.46,2026-01-01T09:36:00
TXN_000967,ACC_00558,ACC_00531,3072.37,2026-01-30T05:31:00
TXN_000968,ACC_00932,ACC_00906,1913.05,2026-01-15T14:32:00
TXN_000969,ACC_00150,ACC_00133,3622.64,2026-01-25T14:04:00
TXN_000970,ACC_00067,ACC_00099,2576.4,2026-01-18T01:33:00
TXN_000971,ACC_00858,ACC_00863,1489.21,2026-01-02T23:53:00
TXN_000972,ACC_00342,ACC_00366,4741.58,2026-01-04T17:56:00
TXN_000973,ACC_00299,ACC_00269,46.58,2026-01-25T06:24:00
TXN_000974,ACC_00127,ACC_00186,3870.18,2026-01-29T15:35:00
TXN_000975,ACC_00614,ACC_00627,4145.46,2026-01-25T11:22:00
TXN_000976,ACC_00683,ACC_00610,128.53,2026-01-07T23:56:00
TXN_000977,ACC_00505,ACC_00512,280.8,2026-01-04T08:00:00
TXN_000978,ACC_00472,ACC_00410,4109.88,2026-01-27T04:00:00
TXN_000979,ACC_00453,ACC_00450,3154.78,2026-01-21T12:44:00
TXN_000980,ACC_00641,ACC_00603,3369.76,2026-01-18T17:26:00
TXN_000981,ACC_00801,ACC_00883,325.56,2026-01-29T03:24:00
TXN_000982,ACC_00906,ACC_00990,1794.92,2026-01-04T07:17:00
TXN_000983,ACC_00814,ACC_00838,3036.76,2026-01-14T17:09:00
TXN_000984,ACC_00498,ACC_00457,1981.62,2026-01-18T08:36:00
TXN_000985,ACC_00061,ACC_00021,1107.13,2026-01-25T06:41:00
TXN_000986,ACC_00670,ACC_00638,728.94,2026-01-29T20:32:00
TXN_000987,ACC_00502,ACC_00571,715.46,2026-01-26T06:17:00
TXN_000988,ACC_00001,ACC_00074,1976.47,2026-01-28T03:42:00
TXN_000989,ACC_00811,ACC_00840,3744.0,2026-01-10T13:26:00
TXN_000990,ACC_00528,ACC_00553,4258.78,2026-01-30T09:31:00
TXN_000991,ACC_00221,ACC_00224,3088.26,2026-01-11T01:09:00
TXN_000992,ACC_00425,ACC_00415,3358.18,2026-01-09T06:05:00
TXN_000993,ACC_00907,ACC_00997,2311.71,2026-01-25T23:29:00
TXN_000994,ACC_00810,ACC_00838,1260.93,2026-01-04T01:34:00
TXN_000995,ACC_00393,ACC_00375,4758.18,2026-01-23T04:08:00
TXN_000996,ACC_00517,ACC_00586,1180.32,2026-01-30T19:57:00
TXN_000997,ACC_00480,ACC_00409,1595.75,2026-01-09T19:21:00
TXN_000998,ACC_00743,ACC_00779,3470.36,2026-01-14T21:52:00
TXN_000999,ACC_00273,ACC_00247,4793.71,2026-01-15T09:31:00
TXN_001000,ACC_00201,ACC_00241,3930.44,2026-01-12T04:53:00
TXN_001001,ACC_00636,ACC_00647,3401.11,2026-01-07T02:41:00
TXN_001002,ACC_00562,ACC_00560,1800.12,2026-01-21T06:26:00
TXN_001003,ACC_00463,ACC_00471,887.09,2026-01-05T22:52:00
TXN_001004,ACC_00911,ACC_00936,4457.57,2026-01-07T08:55:00
TXN_001005,ACC_00334,ACC_00394,391.55,2026-01-29T12:26:00
TXN_001006,ACC_00103,ACC_00165,165.66,2026-01-29T17:54:00
TXN_001007,ACC_00975,ACC_00952,1071.68,2026-01-27T20:28:00
TXN_001008,ACC_00071,ACC_00034,4470.99,2026-01-25T17:36:00
TXN_001009,ACC_00861,ACC_00884,1835.43,2026-01-07T18:20:00
TXN_001010,ACC_00399,ACC_00376,678.07,2026-01-14T05:50:00
TXN_001011,ACC_00866,ACC_00812,1825.69,2026-01-19T01:23:00
TXN_001012,ACC_00085,ACC_00031,3423.97,2026-01-28T22:41:00
TXN_001013,ACC_00818,ACC_00858,903.93,2026-01-08T05:54:00
TXN_001014,ACC_00985,ACC_00919,4696.48,2026-01-23T00:06:00
TXN_001015,ACC_00029,ACC_00098,1166.43,2026-01-23T04:38:00
TXN_001016,ACC_00448,ACC_00430,3346.24,2026-01-02T22:45:00
TXN_001017,ACC_00847,ACC_00850,4590.33,2026-01-22T09:00:00
TXN_001018,ACC_00006,ACC_00084,525.09,2026-01-15T17:58:00
TXN_001019,ACC_00882,ACC_00836,2897.37,2026-01-12T23:36:00
TXN_001020,ACC_00923,ACC_00949,1898.81,2026-01-30T17:59:00
TXN_001021,ACC_00984,ACC_00910,1265.42,2026-01-24T12:20:00
TXN_001022,ACC_00367,ACC_00352,4088.01,2026-01-17T01:27:00
TXN_001023,ACC_00563,ACC_00562,42.92,2026-01-28T11:57:00
TXN_001024,ACC_00257,ACC_00222,394.67,2026-01-11T11:12:00
TXN_001025,ACC_00428,ACC_00420,795.21,2026-01-09T12:09:00
TXN_001026,ACC_00992,ACC_00916,2078.92,2026-01-11T11:35:00
TXN_001027,ACC_00593,ACC_00515,3379.39,2026-01-22T21:56:00
TXN_001028,ACC_00727,ACC_00776,3239.82,2026-01-08T08:07:00
TXN_001029,ACC_00603,ACC_00632,648.15,2026-01-02T23:07:00
TXN_001030,ACC_00921,ACC_00918,2568.09,2026-01-29T15:37:00
TXN_001031,ACC_00919,ACC_00908,1298.72,2026-01-08T13:41:00
TXN_001032,ACC_00267,ACC_00252,4846.53,2026-01-28T06:39:00
TXN_001033,ACC_00093,ACC_00094,4736.8,2026-01-13T21:36:00
TXN_001034,ACC_00358,ACC_00378,4337.84,2026-01-22T10:54:00
TXN_001035,ACC_00229,ACC_00253,722.13,2026-01-28T08:16:00
TXN_001036,ACC_00999,ACC_00924,3301.65,2026-01-29T08:42:00
TXN_001037,ACC_00422,ACC_00493,4612.54,2026-01-16T14:17:00
TXN_001038,ACC_00976,ACC_00909,1897.27,2026-01-11T11:01:00
TXN_001039,ACC_00214,ACC_00203,2618.33,2026-01-10T05:01:00
TXN_001040,ACC_00888,ACC_00854,3031.5,2026-01-07T19:21:00
TXN_001041,ACC_00261,ACC_00279,204.79,2026-01-28T07:09:00
TXN_001042,ACC_00865,ACC_00897,475.02,2026-01-06T08:21:00
TXN_001043,ACC_00278,ACC_00270,4485.88,2026-01-01T01:18:00
TXN_001044,ACC_00667,ACC_00654,4375.37,2026-01-17T20:33:00
TXN_001045,ACC_00855,ACC_00830,3949.88,2026-01-22T22:36:00
TXN_001046,ACC_00645,ACC_00676,497.61,2026-01-27T05:16:00
TXN_001047,ACC_00233,ACC_00262,4551.33,2026-01-11T13:57:00
TXN_001048,ACC_00137,ACC_00177,2049.15,2026-01-25T17:53:00
TXN_001049,ACC_00301,ACC_00391,2894.16,2026-01-01T07:46:00
TXN_001050,ACC_00167,ACC_00101,3276.19,2026-01-18T01:37:00
TXN_001051,ACC_00553,ACC_00547,782.35,2026-01-05T20:25:00
TXN_001052,ACC_00933,ACC_00934,2123.57,2026-01-25T09:34:00
TXN_001053,ACC_00579,ACC_00536,3777.31,2026-01-19T02:07:00
TXN_001054,ACC_00671,ACC_00672,901.81,2026-01-22T22:59:00
TXN_001055,ACC_00872,ACC_00862,4942.66,2026-01-12T13:11:00
TXN_001056,ACC_00945,ACC_01000,3681.55,2026-01-19T02:51:00
TXN_001057,ACC_00196,ACC_00130,3917.72,2026-01-21T07:48:00
TXN_001058,ACC_00213,ACC_00228,2008.8,2026-01-24T03:14:00
TXN_001059,ACC_00571,ACC_00579,812.08,2026-01-03T08:51:00
TXN_001060,ACC_00012,ACC_00019,4630.05,2026-01-22T11:11:00
TXN_001061,ACC_00612,ACC_00609,1116.63,2026-01-12T23:21:00
TXN_001062,ACC_00178,ACC_00105,4654.12,2026-01-18T11:47:00
TXN_001063,ACC_00679,ACC_00684,1439.48,2026-01-24T17:04:00
TXN_001064,ACC_00908,ACC_01000,3205.05,2026-01-08T23:26:00
TXN_001065,ACC_00702,ACC_00726,4654.48,2026-01-30T21:29:00
TXN_001066,ACC_00837,ACC_00825,3921.96,2026-01-02T12:42:00
TXN_001067,ACC_00867,ACC_00890,3079.8,2026-01-11T13:02:00
TXN_001068,ACC_00047,ACC_00031,11.43,2026-01-30T19:27:00
TXN_001069,ACC_00212,ACC_00236,1772.11,2026-01-19T04:17:00
TXN_001070,ACC_00652,ACC_00676,2593.54,2026-01-10T02:47:00
TXN_001071,ACC_00112,ACC_00171,3633.43,2026-01-13T22:44:00
TXN_001072,ACC_00875,ACC_00845,4816.81,2026-01-16T19:32:00
TXN_001073,ACC_00429,ACC_00478,2279.25,2026-01-09T20:28:00
TXN_001074,ACC_00674,ACC_00601,883.42,2026-01-12T21:11:00
TXN_001075,ACC_00814,ACC_00872,2520.81,2026-01-04T07:03:00
TXN_001076,ACC_00515,ACC_00566,4381.8,2026-01-12T17:28:00
TXN_001077,ACC_00933,ACC_00989,4830.62,2026-01-21T03:37:00
TXN_001078,ACC_00962,ACC_00999,3789.79,2026-01-12T01:43:00
TXN_001079,ACC_00788,ACC_00759,4311.5,2026-01-27T16:58:00
TXN_001080,ACC_00715,ACC_00734,1919.54,2026-01-04T01:47:00
TXN_001081,ACC_00387,ACC_00390,4002.81,2026-01-11T11:08:00
TXN_001082,ACC_00646,ACC_00667,58.52,2026-01-25T09:04:00
TXN_001083,ACC_00432,ACC_00437,2000.66,2026-01-05T05:35:00
TXN_001084,ACC_00510,ACC_00571,2388.01,2026-01-09T02:57:00
TXN_001085,ACC_00528,ACC_00574,922.09,2026-01-13T05:54:00
TXN_001086,ACC_00364,ACC_00395,1181.96,2026-01-10T02:05:00
TXN_001087,ACC_00334,ACC_00327,1021.81,2026-01-11T10:21:00
TXN_001088,ACC_00380,ACC_00346,3896.9,2026-01-08T02:23:00
TXN_001089,ACC_00111,ACC_00187,3073.0,2026-01-23T10:07:00
TXN_001090,ACC_00806,ACC_00862,3107.13,2026-01-17T21:26:00
TXN_001091,ACC_00774,ACC_00736,922.53,2026-01-23T08:05:00
TXN_001092,ACC_00836,ACC_00851,3753.35,2026-01-11T02:35:00
TXN_001093,ACC_00207,ACC_00268,2396.82,2026-01-20T06:13:00
TXN_001094,ACC_00805,ACC_00865,1974.65,2026-01-16T19:19:00
TXN_001095,ACC_00259,ACC_00216,2305.75,2026-01-24T14:01:00
TXN_001096,ACC_00002,ACC_00087,1903.35,2026-01-10T14:11:00
TXN_001097,ACC_00142,ACC_00147,4310.59,2026-01-28T21:19:00
TXN_001098,ACC_00271,ACC_00234,1354.35,2026-01-11T19:01:00
TXN_001099,ACC_00944,ACC_00947,2498.86,2026-01-09T08:52:00
TXN_001100,ACC_00354,ACC_00390,1831.74,2026-01-17T22:39:00
TXN_001101,ACC_00636,ACC_00658,2861.33,2026-01-09T04:29:00
TXN_001102,ACC_00988,ACC_00930,3606.87,2026-01-05T13:05:00
TXN_001103,ACC_00372,ACC_00356,988.36,2026-01-18T08:01:00
TXN_001104,ACC_00261,ACC_00202,2113.39,2026-01-09T00:54:00
TXN_001105,ACC_00281,ACC_00267,3605.6,2026-01-25T07:15:00
TXN_001106,ACC_00739,ACC_00733,4293.92,2026-01-26T14:00:00
TXN_001107,ACC_00051,ACC_00013,309.58,2026-01-08T10:24:00
TXN_001108,ACC_00461,ACC_00481,2254.78,2026-01-05T09:11:00
TXN_001109,ACC_00534,ACC_00547,2806.15,2026-01-17T09:33:00
TXN_001110,ACC_00445,ACC_00403,614.98,2026-01-19T17:45:00
TXN_001111,ACC_00926,ACC_00974,3252.83,2026-01-27T05:01:00
TXN_001112,ACC_00823,ACC_00900,1781.99,2026-01-13T22:52:00
TXN_001113,ACC_00863,ACC_00900,4449.27,2026-01-21T08:10:00
TXN_001114,ACC_00679,ACC_00637,3162.24,2026-01-22T02:32:00
TXN_001115,ACC_00222,ACC_00282,2114.86,2026-01-16T08:31:00
TXN_001116,ACC_00974,ACC_00952,404.77,2026-01-04T05:55:00
TXN_001117,ACC_00530,ACC_00541,3268.54,2026-01-15T10:06:00
TXN_001118,ACC_00478,ACC_00483,1363.53,2026-01-18T23:56:00
TXN_001119,ACC_00800,ACC_00747,2609.47,2026-01-27T17:04:00
TXN_001120,ACC_00753,ACC_00722,4272.52,2026-01-09T08:51:00
TXN_001121,ACC_00294,ACC_00231,4702.78,2026-01-12T10:51:00
TXN_001122,ACC_00127,ACC_00122,524.02,2026-01-19T01:40:00
TXN_001123,ACC_00161,ACC_00171,141.56,2026-01-03T10:47:00
TXN_001124,ACC_00668,ACC_00698,528.6,2026-01-04T18:55:00
TXN_001125,ACC_00920,ACC_00911,4658.63,2026-01-30T19:15:00
TXN_001126,ACC_00640,ACC_00630,3690.59,2026-01-12T06:13:00
TXN_001127,ACC_00781,ACC_00717,2638.44,2026-01-06T23:23:00
TXN_001128,ACC_00204,ACC_00205,4303.24,2026-01-17T05:45:00
TXN_001129,ACC_00561,ACC_00560,4674.94,2026-01-25T14:27:00
TXN_001130,ACC_00857,ACC_00818,893.41,2026-01-25T13:02:00
TXN_001131,ACC_00959,ACC_00981,4387.7,2026-01-29T22:31:00
TXN_001132,ACC_00668,ACC_00682,2673.58,2026-01-30T02:32:00
TXN_001133,ACC_00562,ACC_00570,4025.49,2026-01-11T08:05:00
TXN_001134,ACC_00740,ACC_00747,1306.44,2026-01-19T18:14:00
TXN_001135,ACC_00402,ACC_00401,4078.75,2026-01-24T19:36:00
TXN_001136,ACC_00245,ACC_00237,2680.14,2026-01-22T08:29:00
TXN_001137,ACC_00797,ACC_00762,55.57,2026-01-14T15:15:00
TXN_001138,ACC_00638,ACC_00677,3985.87,2026-01-11T12:32:00
TXN_001139,ACC_00848,ACC_00825,4411.99,2026-01-19T17:43:00
TXN_001140,ACC_00651,ACC_00632,3577.54,2026-01-08T10:20:00
TXN_001141,ACC_00649,ACC_00629,405.26,2026-01-12T23:14:00
TXN_001142,ACC_00367,ACC_00398,4039.8,2026-01-28T21:47:00
TXN_001143,ACC_00437,ACC_00484,4045.96,2026-01-25T05:01:00
TXN_001144,ACC_00625,ACC_00609,691.75,2026-01-09T07:14:00
TXN_001145,ACC_00182,ACC_00159,2269.31,2026-01-29T02:43:00
TXN_001146,ACC_00963,ACC_00925,106.78,2026-01-15T14:13:00
TXN_001147,ACC_00069,ACC_00003,4861.94,2026-01-09T11:05:00
TXN_001148,ACC_00435,ACC_00417,3638.26,2026-01-20T22:52:00
TXN_001149,ACC_00312,ACC_00320,2472.96,2026-01-01T16:05:00
TXN_001150,ACC_00554,ACC_00540,4989.84,2026-01-23T16:22:00
TXN_001151,ACC_00790,ACC_00705,410.31,2026-01-16T00:43:00
TXN_001152,ACC_00208,ACC_00235,366.21,2026-01-18T20:37:00
TXN_001153,ACC_00724,ACC_00725,4088.08,2026-01-12T09:09:00
TXN_001154,ACC_00016,ACC_00099,1930.14,2026-01-12T07:55:00
TXN_001155,ACC_00732,ACC_00795,1003.91,2026-01-02T12:36:00
TXN_001156,ACC_00167,ACC_00186,2369.4,2026-01-10T11:40:00
TXN_001157,ACC_00442,ACC_00421,3643.9,2026-01-29T15:12:00
TXN_001158,ACC_00867,ACC_00816,2411.34,2026-01-12T12:41:00
TXN_001159,ACC_00426,ACC_00447,4319.65,2026-01-03T08:53:00
TXN_001160,ACC_00315,ACC_00331,2176.47,2026-01-29T19:18:00
TXN_001161,ACC_00022,ACC_00036,607.05,2026-01-27T14:38:00
TXN_001162,ACC_00302,ACC_00306,3919.54,2026-01-27T10:41:00
TXN_001163,ACC_00789,ACC_00777,1863.28,2026-01-08T01:17:00
TXN_001164,ACC_00132,ACC_00121,466.09,2026-01-23T18:02:00
TXN_001165,ACC_00944,ACC_00998,309.66,2026-01-29T10:48:00
TXN_001166,ACC_00583,ACC_00520,3959.42,2026-01-25T09:50:00
TXN_001167,ACC_00263,ACC_00230,4908.56,2026-01-15T09:57:00
TXN_001168,ACC_00557,ACC_00594,116.55,2026-01-09T18:46:00
TXN_001169,ACC_00646,ACC_00693,1260.97,2026-01-07T03:09:00
TXN_001170,ACC_00063,ACC_00091,2799.53,2026-01-20T21:52:00
TXN_001171,ACC_00890,ACC_00863,2837.84,2026-01-09T15:17:00
TXN_001172,ACC_00845,ACC_00842,1383.87,2026-01-22T07:36:00
TXN_001173,ACC_00971,ACC_00921,2660.38,2026-01-04T03:13:00
TXN_001174,ACC_00738,ACC_00734,1841.89,2026-01-25T15:34:00
TXN_001175,ACC_00100,ACC_00082,1901.43,2026-01-24T00:38:00
TXN_001176,ACC_00203,ACC_00280,3882.32,2026-01-17T13:40:00
TXN_001177,ACC_00342,ACC_00393,3294.86,2026-01-03T21:11:00
TXN_001178,ACC_00850,ACC_00825,3419.29,2026-01-24T20:25:00
TXN_001179,ACC_00820,ACC_00879,1619.77,2026-01-13T21:15:00
TXN_001180,ACC_00515,ACC_00513,3297.87,2026-01-24T19:28:00
TXN_001181,ACC_00017,ACC_00023,1018.37,2026-01-02T10:09:00
TXN_001182,ACC_00725,ACC_00713,2859.35,2026-01-02T10:45:00
TXN_001183,ACC_00685,ACC_00663,3123.61,2026-01-24T22:20:00
TXN_001184,ACC_00933,ACC_00907,1111.41,2026-01-17T16:09:00
TXN_001185,ACC_00102,ACC_00127,2462.11,2026-01-30T20:15:00
TXN_001186,ACC_00160,ACC_00182,1811.02,2026-01-03T18:18:00
TXN_001187,ACC_00648,ACC_00691,4119.98,2026-01-03T15:40:00
TXN_001188,ACC_00468,ACC_00406,4173.94,2026-01-04T04:52:00
TXN_001189,ACC_00128,ACC_00167,515.11,2026-01-05T10:04:00
TXN_001190,ACC_00369,ACC_00350,973.67,2026-01-09T14:56:00
TXN_001191,ACC_00373,ACC_00381,2796.53,2026-01-09T03:24:00
TXN_001192,ACC_00854,ACC_00896,3833.75,2026-01-05T19:14:00
TXN_001193,ACC_00946,ACC_00987,3515.73,2026-01-21T21:02:00
TXN_001194,ACC_00614,ACC_00622,2754.33,2026-01-09T05:02:00
TXN_001195,ACC_00844,ACC_00885,2674.16,2026-01-08T04:46:00
TXN_001196,ACC_00957,ACC_00946,2754.91,2026-01-15T08:13:00
TXN_001197,ACC_00548,ACC_00553,2158.63,2026-01-29T19:40:00
TXN_001198,ACC_00578,ACC_00531,2732.67,2026-01-26T15:06:00
TXN_001199,ACC_00699,ACC_00671,1806.44,2026-01-12T13:31:00
TXN_001200,ACC_00758,ACC_00751,3634.3,2026-01-01T00:12:00
TXN_001201,ACC_00477,ACC_00403,684.08,2026-01-24T13:22:00
TXN_001202,ACC_00401,ACC_00439,1081.97,2026-01-11T02:21:00
TXN_001203,ACC_00503,ACC_00599,4596.37,2026-01-13T13:25:00
TXN_001204,ACC_00872,ACC_00874,782.03,2026-01-27T00:21:00
TXN_001205,ACC_00059,ACC_00046,700.66,2026-01-08T02:30:00
TXN_001206,ACC_00575,ACC_00532,1288.66,2026-01-11T14:29:00
TXN_001207,ACC_00412,ACC_00474,2849.63,2026-01-19T04:41:00
TXN_001208,ACC_00394,ACC_00310,3966.59,2026-01-15T18:39:00
TXN_001209,ACC_00263,ACC_00289,4099.38,2026-01-27T05:23:00
TXN_001210,ACC_00177,ACC_00183,196.48,2026-01-14T16:06:00
TXN_001211,ACC_00949,ACC_00911,4610.14,2026-01-03T13:04:00
TXN_001212,ACC_00545,ACC_00556,4651.93,2026-01-19T22:57:00
TXN_001213,ACC_00199,ACC_00130,4248.9,2026-01-30T17:00:00
TXN_001214,ACC_00082,ACC_00100,1918.61,2026-01-29T18:31:00
TXN_001215,ACC_00468,ACC_00406,2704.25,2026-01-15T12:46:00
TXN_001216,ACC_00242,ACC_00265,774.46,2026-01-11T01:10:00
TXN_001217,ACC_00658,ACC_00697,2880.52,2026-01-28T02:02:00
TXN_001218,ACC_00129,ACC_00156,3933.98,2026-01-14T04:31:00
TXN_001219,ACC_00217,ACC_00244,2384.51,2026-01-04T18:09:00
TXN_001220,ACC_00071,ACC_00052,434.54,2026-01-12T22:46:00
TXN_001221,ACC_00856,ACC_00900,3812.54,2026-01-06T22:24:00
TXN_001222,ACC_00772,ACC_00726,1982.64,2026-01-23T04:52:00
TXN_001223,ACC_00926,ACC_00972,4985.42,2026-01-29T00:49:00
TXN_001224,ACC_00832,ACC_00810,3886.09,2026-01-13T02:49:00
TXN_001225,ACC_00588,ACC_00574,571.52,2026-01-05T01:51:00
TXN_001226,ACC_00655,ACC_00647,960.54,2026-01-16T20:26:00
TXN_001227,ACC_00577,ACC_00584,3850.71,2026-01-02T02:26:00
TXN_001228,ACC_00245,ACC_00279,3119.68,2026-01-21T03:00:00
TXN_001229,ACC_00706,ACC_00730,3429.94,2026-01-10T02:06:00
TXN_001230,ACC_00297,ACC_00294,570.73,2026-01-04T21:43:00
TXN_001231,ACC_00032,ACC_00080,4345.07,2026-01-07T17:18:00
TXN_001232,ACC_00402,ACC_00444,1532.54,2026-01-06T01:32:00
TXN_001233,ACC_00703,ACC_00743,3702.66,2026-01-10T12:17:00
TXN_001234,ACC_00327,ACC_00370,3754.27,2026-01-24T19:32:00
TXN_001235,ACC_00862,ACC_00880,3478.41,2026-01-07T10:23:00
TXN_001236,ACC_00049,ACC_00075,226.98,2026-01-24T23:24:00
TXN_001237,ACC_00208,ACC_00237,3948.05,2026-01-10T03:12:00
TXN_001238,ACC_00935,ACC_00907,3277.24,2026-01-22T03:51:00
TXN_001239,ACC_00009,ACC_00050,3318.28,2026-01-13T08:20:00
TXN_001240,ACC_00514,ACC_00503,4338.38,2026-01-14T07:28:00
TXN_001241,ACC_00630,ACC_00649,4883.29,2026-01-24T03:27:00
TXN_001242,ACC_00141,ACC_00163,2662.49,2026-01-28T04:11:00
TXN_001243,ACC_00226,ACC_00265,2807.83,2026-01-21T20:14:00
TXN_001244,ACC_00006,ACC_00032,1531.59,2026-01-25T02:15:00
TXN_001245,ACC_00751,ACC_00796,101.68,2026-01-08T03:29:00
TXN_001246,ACC_00546,ACC_00581,1188.66,2026-01-14T18:13:00
TXN_001247,ACC_00836,ACC_00808,1295.82,2026-01-29T11:31:00
TXN_001248,ACC_00604,ACC_00672,1135.66,2026-01-13T18:02:00
TXN_001249,ACC_00551,ACC_00585,448.1,2026-01-07T05:55:00
TXN_001250,ACC_00667,ACC_00687,4364.78,2026-01-28T20:57:00
TXN_001251,ACC_00354,ACC_00331,772.22,2026-01-27T01:45:00
TXN_001252,ACC_00478,ACC_00443,2715.75,2026-01-21T10:36:00
TXN_001253,ACC_00384,ACC_00318,2711.36,2026-01-27T10:38:00
TXN_001254,ACC_00318,ACC_00340,4548.72,2026-01-24T20:08:00
TXN_001255,ACC_00699,ACC_00619,4665.82,2026-01-30T20:46:00
TXN_001256,ACC_00241,ACC_00209,2669.48,2026-01-26T08:45:00
TXN_001257,ACC_00124,ACC_00141,3638.13,2026-01-07T14:56:00
TXN_001258,ACC_00553,ACC_00539,3730.59,2026-01-21T03:52:00
TXN_001259,ACC_00420,ACC_00500,542.79,2026-01-09T13:16:00
TXN_001260,ACC_00204,ACC_00298,3088.56,2026-01-28T20:26:00
TXN_001261,ACC_00973,ACC_00979,2985.84,2026-01-11T12:13:00
TXN_001262,ACC_00388,ACC_00304,406.58,2026-01-17T08:24:00
TXN_001263,ACC_00718,ACC_00765,2349.13,2026-01-28T12:30:00
TXN_001264,ACC_00524,ACC_00550,2374.5,2026-01-23T08:47:00
TXN_001265,ACC_00225,ACC_00229,2048.86,2026-01-02T11:12:00
TXN_001266,ACC_00035,ACC_00053,3714.41,2026-01-11T03:05:00
TXN_001267,ACC_00397,ACC_00327,893.62,2026-01-04T00:14:00
TXN_001268,ACC_00779,ACC_00763,4335.21,2026-01-15T18:52:00
TXN_001269,ACC_00355,ACC_00352,3043.57,2026-01-02T21:41:00
TXN_001270,ACC_00693,ACC_00641,3061.41,2026-01-18T22:31:00
TXN_001271,ACC_00977,ACC_00969,3210.56,2026-01-24T21:41:00
TXN_001272,ACC_00067,ACC_00014,2289.93,2026-01-21T13:16:00
TXN_001273,ACC_00032,ACC_00067,1984.1,2026-01-25T11:29:00
TXN_001274,ACC_00072,ACC_00050,3828.15,2026-01-24T11:44:00
TXN_001275,ACC_00025,ACC_00038,1996.22,2026-01-21T00:06:00
TXN_001276,ACC_00500,ACC_00437,840.77,2026-01-21T23:54:00
TXN_001277,ACC_00479,ACC_00407,4519.34,2026-01-24T12:40:00
TXN_001278,ACC_00783,ACC_00758,3616.01,2026-01-05T02:47:00
TXN_001279,ACC_00124,ACC_00200,4689.83,2026-01-27T15:27:00
TXN_001280,ACC_00818,ACC_00851,1624.07,2026-01-19T19:43:00
TXN_001281,ACC_00023,ACC_00059,4484.12,2026-01-27T20:46:00
TXN_001282,ACC_00359,ACC_00312,1627.13,2026-01-12T09:09:00
TXN_001283,ACC_00292,ACC_00294,465.04,2026-01-06T14:56:00
TXN_001284,ACC_00782,ACC_00747,2623.85,2026-01-04T21:10:00
TXN_001285,ACC_00694,ACC_00666,4749.27,2026-01-28T20:32:00
TXN_001286,ACC_00671,ACC_00649,3843.62,2026-01-02T23:57:00
TXN_001287,ACC_00573,ACC_00585,819.0,2026-01-07T19:56:00
TXN_001288,ACC_00223,ACC_00299,2103.71,2026-01-03T08:02:00
TXN_001289,ACC_00494,ACC_00499,1451.01,2026-01-21T07:25:00
TXN_001290,ACC_00216,ACC_00217,27.63,2026-01-10T05:34:00
TXN_001291,ACC_00402,ACC_00459,4278.5,2026-01-23T15:32:00
TXN_001292,ACC_00801,ACC_00878,1197.01,2026-01-23T10:59:00
TXN_001293,ACC_00985,ACC_00961,2056.66,2026-01-21T15:36:00
TXN_001294,ACC_00177,ACC_00101,4412.02,2026-01-12T03:17:00
TXN_001295,ACC_00480,ACC_00481,4102.41,2026-01-26T08:59:00
TXN_001296,ACC_00307,ACC_00324,284.77,2026-01-07T17:56:00
TXN_001297,ACC_00505,ACC_00519,3338.31,2026-01-02T11:25:00
TXN_001298,ACC_00939,ACC_00943,254.67,2026-01-04T23:47:00
TXN_001299,ACC_00623,ACC_00621,3059.34,2026-01-13T22:37:00
TXN_001300,ACC_00974,ACC_00972,4831.8,2026-01-09T01:47:00
TXN_001301,ACC_00947,ACC_00905,3844.87,2026-01-05T05:43:00
TXN_001302,ACC_00548,ACC_00549,3794.63,2026-01-04T01:54:00
TXN_001303,ACC_00809,ACC_00838,681.38,2026-01-22T10:15:00
TXN_001304,ACC_00443,ACC_00468,2627.98,2026-01-19T19:56:00
TXN_001305,ACC_00379,ACC_00308,2861.12,2026-01-05T23:23:00
TXN_001306,ACC_00812,ACC_00862,4670.12,2026-01-28T12:34:00
TXN_001307,ACC_00455,ACC_00478,1305.7,2026-01-15T09:41:00
TXN_001308,ACC_00980,ACC_00946,3075.31,2026-01-06T21:40:00
TXN_001309,ACC_00767,ACC_00794,2493.73,2026-01-29T18:09:00
TXN_001310,ACC_00279,ACC_00230,4896.5,2026-01-14T05:17:00
TXN_001311,ACC_00016,ACC_00004,3131.05,2026-01-22T03:46:00
TXN_001312,ACC_00195,ACC_00127,4994.95,2026-01-29T00:04:00
TXN_001313,ACC_00606,ACC_00643,2806.47,2026-01-16T21:54:00
TXN_001314,ACC_00302,ACC_00382,3453.19,2026-01-10T03:45:00
TXN_001315,ACC_00409,ACC_00440,2538.38,2026-01-14T15:59:00
TXN_001316,ACC_00599,ACC_00501,3432.32,2026-01-06T04:20:00
TXN_001317,ACC_00551,ACC_00593,3083.81,2026-01-26T21:24:00
TXN_001318,ACC_00023,ACC_00025,4170.79,2026-01-16T01:00:00
TXN_001319,ACC_00761,ACC_00705,687.41,2026-01-30T09:13:00
TXN_001320,ACC_00281,ACC_00259,4480.68,2026-01-25T10:30:00
TXN_001321,ACC_00753,ACC_00796,4177.18,2026-01-03T13:11:00
TXN_001322,ACC_00473,ACC_00493,2780.33,2026-01-15T08:36:00
TXN_001323,ACC_00027,ACC_00074,3999.68,2026-01-16T02:19:00
TXN_001324,ACC_00509,ACC_00520,4205.29,2026-01-13T18:20:00
TXN_001325,ACC_00549,ACC_00581,4213.6,2026-01-25T07:34:00
TXN_001326,ACC_00978,ACC_00950,2980.01,2026-01-09T12:40:00
TXN_001327,ACC_00491,ACC_00441,1364.77,2026-01-02T10:32:00
TXN_001328,ACC_00164,ACC_00131,2265.01,2026-01-17T21:52:00
TXN_001329,ACC_00428,ACC_00468,883.31,2026-01-14T18:12:00
TXN_001330,ACC_00505,ACC_00600,4567.64,2026-01-10T04:44:00
TXN_001331,ACC_00765,ACC_00704,4525.73,2026-01-22T23:11:00
TXN_001332,ACC_00225,ACC_00244,3664.88,2026-01-23T00:04:00
TXN_001333,ACC_00840,ACC_00900,725.04,2026-01-15T21:32:00
TXN_001334,ACC_00167,ACC_00187,1033.88,2026-01-07T00:57:00
TXN_001335,ACC_00059,ACC_00050,588.02,2026-01-24T18:32:00
TXN_001336,ACC_00406,ACC_00488,4360.66,2026-01-28T01:07:00
TXN_001337,ACC_00560,ACC_00506,2607.68,2026-01-05T16:36:00
TXN_001338,ACC_00403,ACC_00474,3197.87,2026-01-15T04:56:00
TXN_001339,ACC_00342,ACC_00326,1439.97,2026-01-09T18:18:00
TXN_001340,ACC_00841,ACC_00899,3358.91,2026-01-21T01:48:00
TXN_001341,ACC_00420,ACC_00421,581.16,2026-01-13T10:53:00
TXN_001342,ACC_00972,ACC_00966,1040.82,2026-01-05T15:49:00
TXN_001343,ACC_00571,ACC_00541,716.37,2026-01-13T08:03:00
TXN_001344,ACC_00474,ACC_00432,365.5,2026-01-08T19:04:00
TXN_001345,ACC_00944,ACC_00970,263.12,2026-01-21T04:34:00
TXN_001346,ACC_00061,ACC_00087,538.58,2026-01-03T07:06:00
TXN_001347,ACC_00012,ACC_00055,903.13,2026-01-18T20:04:00
TXN_001348,ACC_00976,ACC_00981,3085.41,2026-01-21T06:58:00
TXN_001349,ACC_00443,ACC_00426,401.94,2026-01-25T06:42:00
TXN_001350,ACC_00773,ACC_00717,4066.13,2026-01-05T05:29:00
TXN_001351,ACC_00713,ACC_00759,3425.55,2026-01-15T03:01:00
TXN_001352,ACC_00761,ACC_00730,727.17,2026-01-11T04:26:00
TXN_001353,ACC_00934,ACC_00947,924.93,2026-01-18T20:15:00
TXN_001354,ACC_00542,ACC_00559,161.02,2026-01-23T04:29:00
TXN_001355,ACC_00715,ACC_00745,2311.6,2026-01-22T18:48:00
TXN_001356,ACC_00237,ACC_00299,3026.16,2026-01-16T20:46:00
TXN_001357,ACC_00266,ACC_00214,4089.59,2026-01-19T11:07:00
TXN_001358,ACC_00142,ACC_00172,363.91,2026-01-30T13:22:00
TXN_001359,ACC_00469,ACC_00460,2956.77,2026-01-19T05:47:00
TXN_001360,ACC_00380,ACC_00332,803.51,2026-01-25T22:30:00
TXN_001361,ACC_00750,ACC_00709,1049.11,2026-01-16T12:09:00
TXN_001362,ACC_00956,ACC_00973,2727.19,2026-01-16T13:46:00
TXN_001363,ACC_00323,ACC_00385,3699.44,2026-01-04T13:04:00
TXN_001364,ACC_00963,ACC_00915,2984.42,2026-01-27T22:48:00
TXN_001365,ACC_00572,ACC_00513,889.11,2026-01-21T06:17:00
TXN_001366,ACC_00609,ACC_00677,3430.69,2026-01-05T22:46:00
TXN_001367,ACC_00999,ACC_00949,2476.53,2026-01-15T21:37:00
TXN_001368,ACC_00012,ACC_00028,4437.44,2026-01-07T07:44:00
TXN_001369,ACC_00097,ACC_00019,2270.34,2026-01-07T18:59:00
TXN_001370,ACC_00450,ACC_00479,2241.33,2026-01-27T07:15:00
TXN_001371,ACC_00388,ACC_00341,2855.68,2026-01-14T15:23:00
TXN_001372,ACC_00456,ACC_00492,4951.54,2026-01-16T16:01:00
TXN_001373,ACC_00902,ACC_00979,2026.95,2026-01-24T05:31:00
TXN_001374,ACC_00238,ACC_00208,4506.37,2026-01-17T19:17:00
TXN_001375,ACC_00001,ACC_00091,4105.56,2026-01-26T11:42:00
TXN_001376,ACC_00515,ACC_00537,1183.85,2026-01-02T10:03:00
TXN_001377,ACC_00951,ACC_00981,3561.75,2026-01-15T11:28:00
TXN_001378,ACC_00649,ACC_00656,1063.97,2026-01-25T19:24:00
TXN_001379,ACC_00261,ACC_00218,2781.55,2026-01-09T13:35:00
TXN_001380,ACC_00554,ACC_00520,4987.31,2026-01-14T03:05:00
TXN_001381,ACC_00218,ACC_00202,3245.46,2026-01-04T06:21:00
TXN_001382,ACC_00293,ACC_00263,2189.31,2026-01-30T22:37:00
TXN_001383,ACC_00211,ACC_00218,4031.65,2026-01-30T05:30:00
TXN_001384,ACC_00790,ACC_00778,3120.01,2026-01-20T08:58:00
TXN_001385,ACC_00766,ACC_00755,4102.16,2026-01-26T02:59:00
TXN_001386,ACC_00646,ACC_00629,2129.61,2026-01-09T10:56:00
TXN_001387,ACC_00074,ACC_00064,3563.53,2026-01-11T18:35:00
TXN_001388,ACC_00453,ACC_00470,1841.18,2026-01-27T05:31:00
TXN_001389,ACC_00073,ACC_00062,574.69,2026-01-17T18:35:00
TXN_001390,ACC_00789,ACC_00711,3653.63,2026-01-07T11:11:00
TXN_001391,ACC_00897,ACC_00900,2330.03,2026-01-13T17:12:00
TXN_001392,ACC_00167,ACC_00179,1233.7,2026-01-05T00:36:00
TXN_001393,ACC_00188,ACC_00182,3992.51,2026-01-25T12:56:00
TXN_001394,ACC_00479,ACC_00407,2679.82,2026-01-16T15:14:00
TXN_001395,ACC_00061,ACC_00059,4531.21,2026-01-24T07:57:00
TXN_001396,ACC_00994,ACC_00943,1771.04,2026-01-20T03:51:00
TXN_001397,ACC_00438,ACC_00422,3478.31,2026-01-02T14:35:00
TXN_001398,ACC_00996,ACC_00939,1309.61,2026-01-26T15:43:00
TXN_001399,ACC_00775,ACC_00722,267.58,2026-01-27T01:42:00
TXN_001400,ACC_00495,ACC_00480,1441.21,2026-01-02T05:49:00
TXN_001401,ACC_00117,ACC_00165,4258.71,2026-01-04T11:57:00
TXN_001402,ACC_00433,ACC_00417,1412.05,2026-01-29T00:36:00
TXN_001403,ACC_00402,ACC_00495,3023.07,2026-01-06T01:50:00
TXN_001404,ACC_00995,ACC_00920,2238.8,2026-01-30T23:58:00
TXN_001405,ACC_00234,ACC_00290,2429.74,2026-01-11T17:59:00
TXN_001406,ACC_00805,ACC_00844,4837.05,2026-01-04T20:11:00
TXN_001407,ACC_00920,ACC_00964,3854.14,2026-01-19T19:02:00
TXN_001408,ACC_00385,ACC_00357,844.74,2026-01-30T00:24:00
TXN_001409,ACC_00994,ACC_00945,3214.88,2026-01-03T11:20:00
TXN_001410,ACC_00107,ACC_00122,1999.74,2026-01-22T02:49:00
TXN_001411,ACC_00461,ACC_00496,1175.97,2026-01-25T05:39:00
TXN_001412,ACC_00661,ACC_00634,2656.91,2026-01-07T14:32:00
TXN_001413,ACC_00602,ACC_00637,1916.2,2026-01-21T10:13:00
TXN_001414,ACC_00568,ACC_00588,495.85,2026-01-02T20:48:00
TXN_001415,ACC_00882,ACC_00846,3056.32,2026-01-20T15:37:00
TXN_001416,ACC_00443,ACC_00435,4013.56,2026-01-13T03:43:00
TXN_001417,ACC_00484,ACC_00475,2310.93,2026-01-18T19:14:00
TXN_001418,ACC_00394,ACC_00387,3854.78,2026-01-27T19:02:00
TXN_001419,ACC_00844,ACC_00887,1573.22,2026-01-09T04:31:00
TXN_001420,ACC_00087,ACC_00002,69.69,2026-01-04T02:13:00
TXN_001421,ACC_00168,ACC_00114,1764.07,2026-01-21T07:05:00
TXN_001422,ACC_00433,ACC_00425,128.27,2026-01-02T13:10:00
TXN_001423,ACC_00108,ACC_00177,4470.9,2026-01-30T21:11:00
TXN_001424,ACC_00377,ACC_00382,3543.29,2026-01-06T13:01:00
TXN_001425,ACC_00112,ACC_00178,1886.03,2026-01-06T21:53:00
TXN_001426,ACC_00924,ACC_00915,1274.15,2026-01-09T09:15:00
TXN_001427,ACC_00785,ACC_00710,2272.68,2026-01-30T01:43:00
TXN_001428,ACC_00499,ACC_00455,1294.11,2026-01-15T17:14:00
TXN_001429,ACC_00136,ACC_00200,1920.17,2026-01-03T20:08:00
TXN_001430,ACC_00508,ACC_00534,897.87,2026-01-13T01:05:00
TXN_001431,ACC_00163,ACC_00126,1969.25,2026-01-28T18:36:00
TXN_001432,ACC_00714,ACC_00719,3845.85,2026-01-25T14:30:00
TXN_001433,ACC_00379,ACC_00383,4563.92,2026-01-05T20:03:00
TXN_001434,ACC_00414,ACC_00405,361.36,2026-01-04T07:38:00
TXN_001435,ACC_00500,ACC_00458,4483.6,2026-01-01T20:29:00
TXN_001436,ACC_00284,ACC_00282,4665.14,2026-01-01T00:56:00
TXN_001437,ACC_00635,ACC_00620,4524.04,2026-01-16T00:15:00
TXN_001438,ACC_00901,ACC_00966,2395.92,2026-01-23T07:57:00
TXN_001439,ACC_00694,ACC_00700,2705.24,2026-01-04T04:34:00
TXN_001440,ACC_00050,ACC_00089,614.81,2026-01-22T22:32:00
TXN_001441,ACC_00846,ACC_00843,2009.07,2026-01-14T18:46:00
TXN_001442,ACC_00147,ACC_00169,411.48,2026-01-16T11:26:00
TXN_001443,ACC_00798,ACC_00799,3242.48,2026-01-14T04:42:00
TXN_001444,ACC_00271,ACC_00206,3307.06,2026-01-18T11:36:00
TXN_001445,ACC_00490,ACC_00450,3156.78,2026-01-05T20:37:00
TXN_001446,ACC_00563,ACC_00511,2195.54,2026-01-29T19:10:00
TXN_001447,ACC_00318,ACC_00305,136.57,2026-01-09T18:54:00
TXN_001448,ACC_00931,ACC_00963,324.33,2026-01-18T16:38:00
TXN_001449,ACC_00883,ACC_00840,2674.36,2026-01-23T17:47:00
TXN_001450,ACC_00703,ACC_00705,289.71,2026-01-16T10:35:00
TXN_001451,ACC_00052,ACC_00016,4037.45,2026-01-10T15:12:00
TXN_001452,ACC_00859,ACC_00887,753.28,2026-01-25T10:04:00
TXN_001453,ACC_00930,ACC_00910,3679.94,2026-01-02T16:16:00
TXN_001454,ACC_00784,ACC_00703,4536.82,2026-01-22T10:41:00
TXN_001455,ACC_00906,ACC_00932,661.38,2026-01-30T12:38:00
TXN_001456,ACC_00281,ACC_00207,4105.49,2026-01-14T23:41:00
TXN_001457,ACC_00159,ACC_00179,4178.41,2026-01-08T18:26:00
TXN_001458,ACC_00114,ACC_00115,2978.94,2026-01-23T15:00:00
TXN_001459,ACC_00929,ACC_00909,2136.8,2026-01-10T05:20:00
TXN_001460,ACC_00642,ACC_00616,2733.97,2026-01-27T05:06:00
TXN_001461,ACC_00528,ACC_00598,2969.5,2026-01-03T01:47:00
TXN_001462,ACC_00509,ACC_00516,714.77,2026-01-13T11:09:00
TXN_001463,ACC_00622,ACC_00690,2771.5,2026-01-17T20:03:00
TXN_001464,ACC_00732,ACC_00775,675.52,2026-01-02T20:27:00
TXN_001465,ACC_00949,ACC_01000,88.0,2026-01-08T04:18:00
TXN_001466,ACC_00711,ACC_00701,905.27,2026-01-01T07:53:00
TXN_001467,ACC_00191,ACC_00184,4435.71,2026-01-28T00:30:00
TXN_001468,ACC_00689,ACC_00699,3464.87,2026-01-22T15:55:00
TXN_001469,ACC_00319,ACC_00382,2620.2,2026-01-13T07:56:00
TXN_001470,ACC_00631,ACC_00623,3461.45,2026-01-28T18:52:00
TXN_001471,ACC_00924,ACC_00992,3064.13,2026-01-23T18:00:00
TXN_001472,ACC_00181,ACC_00139,2099.74,2026-01-16T19:56:00
TXN_001473,ACC_00831,ACC_00825,4933.15,2026-01-06T08:20:00
TXN_001474,ACC_00180,ACC_00147,2542.63,2026-01-25T13:31:00
TXN_001475,ACC_00799,ACC_00781,1389.37,2026-01-10T11:18:00
TXN_001476,ACC_00315,ACC_00320,2492.6,2026-01-22T14:11:00
TXN_001477,ACC_00286,ACC_00206,3227.86,2026-01-03T11:00:00
TXN_001478,ACC_00427,ACC_00456,1678.13,2026-01-12T10:34:00
TXN_001479,ACC_00706,ACC_00714,4625.06,2026-01-03T09:17:00
TXN_001480,ACC_00221,ACC_00204,2579.37,2026-01-23T01:48:00
TXN_001481,ACC_00131,ACC_00193,2967.61,2026-01-21T05:51:00
TXN_001482,ACC_00554,ACC_00526,1158.02,2026-01-15T19:44:00
TXN_001483,ACC_00142,ACC_00130,1193.22,2026-01-05T11:06:00
TXN_001484,ACC_00626,ACC_00649,376.91,2026-01-11T01:01:00
TXN_001485,ACC_00963,ACC_00907,733.26,2026-01-20T20:04:00
TXN_001486,ACC_00959,ACC_00923,1873.69,2026-01-18T15:04:00
TXN_001487,ACC_00793,ACC_00725,1799.37,2026-01-29T18:20:00
TXN_001488,ACC_00426,ACC_00443,170.15,2026-01-06T18:56:00
TXN_001489,ACC_00908,ACC_00936,564.44,2026-01-07T05:05:00
TXN_001490,ACC_00759,ACC_00754,3804.09,2026-01-08T18:59:00
TXN_001491,ACC_00338,ACC_00378,3949.84,2026-01-08T03:15:00
TXN_001492,ACC_00922,ACC_00974,4276.47,2026-01-26T03:45:00
TXN_001493,ACC_00153,ACC_00167,4312.37,2026-01-23T06:21:00
TXN_001494,ACC_00376,ACC_00361,1403.06,2026-01-22T01:27:00
TXN_001495,ACC_00695,ACC_00632,1643.21,2026-01-12T06:41:00
TXN_001496,ACC_00929,ACC_00976,4569.64,2026-01-07T18:42:00
TXN_001497,ACC_00054,ACC_00006,4956.45,2026-01-02T19:45:00
TXN_001498,ACC_00805,ACC_00855,1977.66,2026-01-25T04:07:00
TXN_001499,ACC_00158,ACC_00164,424.63,2026-01-11T22:42:00
TXN_001500,ACC_00089,ACC_00094,4750.17,2026-01-19T12:08:00
TXN_001501,ACC_00246,ACC_00238,3241.72,2026-01-11T21:07:00
TXN_001502,ACC_00103,ACC_00162,817.4,2026-01-14T20:57:00
TXN_001503,ACC_00774,ACC_00796,131.82,2026-01-27T13:30:00
TXN_001504,ACC_00760,ACC_00799,4372.25,2026-01-07T07:24:00
TXN_001505,ACC_00624,ACC_00648,2326.84,2026-01-29T12:38:00
TXN_001506,ACC_00081,ACC_00010,4468.24,2026-01-18T12:23:00
TXN_001507,ACC_00568,ACC_00505,2135.25,2026-01-14T11:57:00
TXN_001508,ACC_00490,ACC_00479,2880.39,2026-01-25T16:29:00
TXN_001509,ACC_00388,ACC_00311,4405.43,2026-01-29T05:42:00
TXN_001510,ACC_00066,ACC_00087,4441.01,2026-01-17T13:34:00
TXN_001511,ACC_00150,ACC_00147,3099.48,2026-01-22T04:17:00
TXN_001512,ACC_00547,ACC_00523,2798.36,2026-01-30T11:58:00
TXN_001513,ACC_00172,ACC_00191,700.64,2026-01-10T07:36:00
TXN_001514,ACC_00531,ACC_00570,3248.7,2026-01-06T04:02:00
TXN_001515,ACC_00990,ACC_00927,1609.11,2026-01-11T06:14:00
TXN_001516,ACC_00465,ACC_00488,1392.96,2026-01-20T05:57:00
TXN_001517,ACC_00148,ACC_00145,2436.27,2026-01-21T14:09:00
TXN_001518,ACC_00816,ACC_00861,3394.76,2026-01-25T04:58:00
TXN_001519,ACC_00838,ACC_00858,1847.05,2026-01-29T06:14:00
TXN_001520,ACC_00125,ACC_00159,410.05,2026-01-04T23:21:00
TXN_001521,ACC_00237,ACC_00210,832.18,2026-01-05T23:27:00
TXN_001522,ACC_00190,ACC_00119,760.99,2026-01-23T14:07:00
TXN_001523,ACC_00367,ACC_00381,1472.92,2026-01-02T00:47:00
TXN_001524,ACC_00817,ACC_00861,2106.45,2026-01-16T18:41:00
TXN_001525,ACC_00038,ACC_00025,119.96,2026-01-03T20:45:00
TXN_001526,ACC_00367,ACC_00383,2064.34,2026-01-16T06:52:00
TXN_001527,ACC_00584,ACC_00583,2435.88,2026-01-15T20:24:00
TXN_001528,ACC_00871,ACC_00857,1527.37,2026-01-21T20:15:00
TXN_001529,ACC_00240,ACC_00222,1141.64,2026-01-12T19:59:00
TXN_001530,ACC_00537,ACC_00599,750.21,2026-01-03T03:41:00
TXN_001531,ACC_00459,ACC_00422,4621.42,2026-01-29T03:42:00
TXN_001532,ACC_00837,ACC_00824,4198.27,2026-01-08T23:32:00
TXN_001533,ACC_00221,ACC_00231,215.35,2026-01-06T07:42:00
TXN_001534,ACC_00574,ACC_00517,1309.43,2026-01-21T01:34:00
TXN_001535,ACC_00227,ACC_00272,3331.11,2026-01-02T13:53:00
TXN_001536,ACC_00519,ACC_00548,2703.93,2026-01-21T09:48:00
TXN_001537,ACC_00269,ACC_00239,4602.97,2026-01-06T12:41:00
TXN_001538,ACC_00664,ACC_00699,4739.47,2026-01-07T14:47:00
TXN_001539,ACC_00520,ACC_00501,4878.25,2026-01-25T20:32:00
TXN_001540,ACC_00583,ACC_00591,2374.81,2026-01-14T10:49:00
TXN_001541,ACC_00497,ACC_00474,3999.89,2026-01-07T16:39:00
TXN_001542,ACC_00744,ACC_00789,3660.89,2026-01-06T02:40:00
TXN_001543,ACC_00018,ACC_00087,593.21,2026-01-26T01:47:00
TXN_001544,ACC_00052,ACC_00080,2235.4,2026-01-11T00:41:00
TXN_001545,ACC_00142,ACC_00108,3210.15,2026-01-28T16:15:00
TXN_001546,ACC_00968,ACC_00929,986.62,2026-01-13T15:34:00
TXN_001547,ACC_00169,ACC_00158,4879.44,2026-01-04T23:26:00
TXN_001548,ACC_00625,ACC_00663,3019.83,2026-01-15T11:04:00
TXN_001549,ACC_00808,ACC_00886,1993.81,2026-01-17T10:22:00
TXN_001550,ACC_00648,ACC_00650,70.83,2026-01-17T23:13:00
TXN_001551,ACC_00545,ACC_00540,4372.77,2026-01-21T06:41:00
TXN_001552,ACC_00128,ACC_00194,3710.22,2026-01-21T05:12:00
TXN_001553,ACC_00657,ACC_00637,4030.31,2026-01-08T10:54:00
TXN_001554,ACC_00694,ACC_00654,4179.2,2026-01-07T08:26:00
TXN_001555,ACC_00912,ACC_00919,1523.12,2026-01-10T10:57:00
TXN_001556,ACC_00843,ACC_00809,3783.01,2026-01-27T21:10:00
TXN_001557,ACC_00101,ACC_00153,4572.91,2026-01-30T01:44:00
TXN_001558,ACC_00623,ACC_00672,3554.13,2026-01-22T00:45:00
TXN_001559,ACC_00226,ACC_00224,1454.42,2026-01-18T08:59:00
TXN_001560,ACC_00706,ACC_00739,1526.53,2026-01-27T15:12:00
TXN_001561,ACC_00895,ACC_00860,143.93,2026-01-11T05:14:00
TXN_001562,ACC_00020,ACC_00034,4780.57,2026-01-14T15:51:00
TXN_001563,ACC_00716,ACC_00784,2091.61,2026-01-14T02:13:00
TXN_001564,ACC_00789,ACC_00783,151.93,2026-01-12T03:19:00
TXN_001565,ACC_00464,ACC_00409,3730.37,2026-01-28T06:08:00
TXN_001566,ACC_00962,ACC_00973,4343.05,2026-01-20T20:18:00
TXN_001567,ACC_00789,ACC_00716,2567.5,2026-01-17T23:38:00
TXN_001568,ACC_00903,ACC_00934,2912.46,2026-01-08T09:52:00
TXN_001569,ACC_00241,ACC_00260,1793.35,2026-01-07T03:59:00
TXN_001570,ACC_00035,ACC_00047,3184.87,2026-01-20T02:13:00
TXN_001571,ACC_00507,ACC_00538,2652.77,2026-01-14T06:34:00
TXN_001572,ACC_00166,ACC_00125,924.41,2026-01-29T13:58:00
TXN_001573,ACC_00177,ACC_00197,2723.12,2026-01-08T14:33:00
TXN_001574,ACC_00588,ACC_00539,3430.36,2026-01-13T08:30:00
TXN_001575,ACC_00513,ACC_00569,1764.63,2026-01-27T09:33:00
TXN_001576,ACC_00202,ACC_00218,1414.27,2026-01-24T13:58:00
TXN_001577,ACC_00753,ACC_00744,521.07,2026-01-08T10:04:00
TXN_001578,ACC_00265,ACC_00229,3977.58,2026-01-09T13:48:00
TXN_001579,ACC_00879,ACC_00889,4231.89,2026-01-24T22:09:00
TXN_001580,ACC_00890,ACC_00897,2092.56,2026-01-06T04:28:00
TXN_001581,ACC_00115,ACC_00117,2402.8,2026-01-01T18:58:00
TXN_001582,ACC_00489,ACC_00447,4087.02,2026-01-07T07:50:00
TXN_001583,ACC_00967,ACC_00998,869.31,2026-01-16T13:36:00
TXN_001584,ACC_00404,ACC_00496,1119.57,2026-01-06T09:32:00
TXN_001585,ACC_00289,ACC_00230,635.47,2026-01-14T23:47:00
TXN_001586,ACC_00211,ACC_00255,397.9,2026-01-06T02:01:00
TXN_001587,ACC_00797,ACC_00756,989.79,2026-01-02T22:26:00
TXN_001588,ACC_00085,ACC_00066,305.73,2026-01-27T23:54:00
TXN_001589,ACC_00133,ACC_00106,1515.21,2026-01-04T00:21:00
TXN_001590,ACC_00097,ACC_00013,4601.29,2026-01-06T15:12:00
TXN_001591,ACC_00376,ACC_00326,3356.3,2026-01-09T09:49:00
TXN_001592,ACC_00012,ACC_00019,4744.47,2026-01-13T14:58:00
TXN_001593,ACC_00546,ACC_00521,3906.2,2026-01-23T18:49:00
TXN_001594,ACC_00931,ACC_00965,351.0,2026-01-26T22:50:00
TXN_001595,ACC_00998,ACC_00902,1092.82,2026-01-25T01:37:00
TXN_001596,ACC_00337,ACC_00322,31.6,2026-01-25T10:41:00
TXN_001597,ACC_00128,ACC_00165,1838.65,2026-01-22T14:30:00
TXN_001598,ACC_00924,ACC_00957,912.43,2026-01-05T21:13:00
TXN_001599,ACC_00549,ACC_00555,2576.11,2026-01-10T18:02:00
TXN_001600,ACC_00615,ACC_00698,626.84,2026-01-15T07:16:00
TXN_001601,ACC_00167,ACC_00118,3813.75,2026-01-23T13:33:00
TXN_001602,ACC_00472,ACC_00493,420.42,2026-01-02T20:21:00
TXN_001603,ACC_00715,ACC_00750,2290.16,2026-01-13T21:46:00
TXN_001604,ACC_00488,ACC_00457,2774.04,2026-01-11T06:42:00
TXN_001605,ACC_00455,ACC_00425,4474.83,2026-01-04T04:01:00
TXN_001606,ACC_00787,ACC_00748,73.8,2026-01-09T03:50:00
TXN_001607,ACC_00787,ACC_00714,2195.91,2026-01-19T00:56:00
TXN_001608,ACC_00116,ACC_00119,2009.12,2026-01-18T23:14:00
TXN_001609,ACC_00914,ACC_00995,332.9,2026-01-08T16:17:00
TXN_001610,ACC_00344,ACC_00326,4221.71,2026-01-28T01:51:00
TXN_001611,ACC_00616,ACC_00630,3628.75,2026-01-20T07:53:00
TXN_001612,ACC_00498,ACC_00492,2972.31,2026-01-27T11:36:00
TXN_001613,ACC_00646,ACC_00661,4751.19,2026-01-28T10:49:00
TXN_001614,ACC_00766,ACC_00736,3842.32,2026-01-07T16:58:00
TXN_001615,ACC_00116,ACC_00133,2491.4,2026-01-23T06:29:00
TXN_001616,ACC_00204,ACC_00213,4153.26,2026-01-03T09:43:00
TXN_001617,ACC_00787,ACC_00704,1919.34,2026-01-09T03:37:00
TXN_001618,ACC_00520,ACC_00539,3119.93,2026-01-29T07:21:00
TXN_001619,ACC_00185,ACC_00197,3840.18,2026-01-24T15:55:00
TXN_001620,ACC_00726,ACC_00738,2456.35,2026-01-23T15:50:00
TXN_001621,ACC_00470,ACC_00444,2737.63,2026-01-25T14:24:00
TXN_001622,ACC_00056,ACC_00016,2256.08,2026-01-18T11:01:00
TXN_001623,ACC_00657,ACC_00659,173.97,2026-01-02T15:18:00
TXN_001624,ACC_00885,ACC_00900,4424.65,2026-01-14T19:00:00
TXN_001625,ACC_00263,ACC_00256,1569.17,2026-01-07T02:53:00
TXN_001626,ACC_00663,ACC_00698,2848.59,2026-01-05T23:28:00
TXN_001627,ACC_00785,ACC_00771,2865.33,2026-01-25T13:09:00
TXN_001628,ACC_00772,ACC_00721,288.13,2026-01-24T01:26:00
TXN_001629,ACC_00464,ACC_00476,3088.53,2026-01-18T04:39:00
TXN_001630,ACC_00599,ACC_00537,316.51,2026-01-15T14:03:00
TXN_001631,ACC_00906,ACC_00917,1750.9,2026-01-17T16:13:00
TXN_001632,ACC_00904,ACC_00998,1712.87,2026-01-29T10:50:00
TXN_001633,ACC_00155,ACC_00145,2065.53,2026-01-17T06:20:00
TXN_001634,ACC_00085,ACC_00032,1180.76,2026-01-12T06:27:00
TXN_001635,ACC_00476,ACC_00411,4346.01,2026-01-03T23:32:00
TXN_001636,ACC_00144,ACC_00122,2696.7,2026-01-01T21:31:00
TXN_001637,ACC_00059,ACC_00085,2844.57,2026-01-20T05:27:00
TXN_001638,ACC_00635,ACC_00603,2944.07,2026-01-22T09:02:00
TXN_001639,ACC_00549,ACC_00574,1618.88,2026-01-18T18:18:00
TXN_001640,ACC_00163,ACC_00113,1686.48,2026-01-10T08:54:00
TXN_001641,ACC_00898,ACC_00886,841.47,2026-01-16T10:52:00
TXN_001642,ACC_00447,ACC_00456,2489.79,2026-01-10T04:22:00
TXN_001643,ACC_00169,ACC_00128,1333.12,2026-01-14T01:52:00
TXN_001644,ACC_00474,ACC_00452,3126.62,2026-01-11T06:43:00
TXN_001645,ACC_00192,ACC_00175,2963.4,2026-01-05T07:28:00
TXN_001646,ACC_00409,ACC_00473,2381.59,2026-01-25T04:03:00
TXN_001647,ACC_00345,ACC_00310,4120.46,2026-01-30T15:39:00
TXN_001648,ACC_00839,ACC_00856,1573.63,2026-01-25T13:46:00
TXN_001649,ACC_00652,ACC_00633,2581.69,2026-01-29T10:37:00
TXN_001650,ACC_00824,ACC_00803,3519.62,2026-01-29T13:46:00
TXN_001651,ACC_00274,ACC_00264,3307.42,2026-01-10T16:36:00
TXN_001652,ACC_00735,ACC_00782,4046.58,2026-01-25T05:52:00
TXN_001653,ACC_00673,ACC_00694,308.81,2026-01-29T12:35:00
TXN_001654,ACC_00347,ACC_00360,1209.47,2026-01-07T17:22:00
TXN_001655,ACC_00456,ACC_00453,4302.33,2026-01-15T12:03:00
TXN_001656,ACC_00182,ACC_00127,1342.0,2026-01-19T18:29:00
TXN_001657,ACC_00483,ACC_00421,3437.41,2026-01-12T16:06:00
TXN_001658,ACC_00352,ACC_00331,758.31,2026-01-06T04:02:00
TXN_001659,ACC_00032,ACC_00040,2432.06,2026-01-22T02:59:00
TXN_001660,ACC_00655,ACC_00683,1017.93,2026-01-02T16:25:00
TXN_001661,ACC_00418,ACC_00404,3950.45,2026-01-12T18:14:00
TXN_001662,ACC_00485,ACC_00471,3225.03,2026-01-09T00:13:00
TXN_001663,ACC_00093,ACC_00063,286.08,2026-01-01T21:44:00
TXN_001664,ACC_00141,ACC_00178,4337.19,2026-01-14T13:28:00
TXN_001665,ACC_00647,ACC_00686,4429.74,2026-01-30T22:05:00
TXN_001666,ACC_00693,ACC_00618,568.54,2026-01-11T17:49:00
TXN_001667,ACC_00816,ACC_00867,4748.88,2026-01-27T09:58:00
TXN_001668,ACC_00833,ACC_00864,1198.0,2026-01-05T02:34:00
TXN_001669,ACC_00199,ACC_00141,4163.35,2026-01-15T23:40:00
TXN_001670,ACC_00696,ACC_00631,1097.86,2026-01-20T05:53:00
TXN_001671,ACC_00123,ACC_00128,2202.98,2026-01-13T11:52:00
TXN_001672,ACC_00476,ACC_00408,2672.02,2026-01-23T07:36:00
TXN_001673,ACC_00141,ACC_00170,2379.52,2026-01-20T06:52:00
TXN_001674,ACC_00336,ACC_00319,2381.36,2026-01-17T12:29:00
TXN_001675,ACC_00540,ACC_00503,4834.36,2026-01-30T08:56:00
TXN_001676,ACC_00905,ACC_00995,3456.51,2026-01-03T11:43:00
TXN_001677,ACC_00333,ACC_00371,1553.25,2026-01-18T12:11:00
TXN_001678,ACC_00588,ACC_00516,4336.1,2026-01-25T08:15:00
TXN_001679,ACC_00750,ACC_00702,4638.26,2026-01-18T21:14:00
TXN_001680,ACC_00439,ACC_00412,1494.14,2026-01-11T17:11:00
TXN_001681,ACC_00257,ACC_00281,4398.54,2026-01-15T10:26:00
TXN_001682,ACC_00605,ACC_00636,4117.76,2026-01-04T15:29:00
TXN_001683,ACC_00761,ACC_00795,4633.22,2026-01-19T19:03:00
TXN_001684,ACC_00592,ACC_00555,4123.76,2026-01-05T13:39:00
TXN_001685,ACC_00465,ACC_00409,2110.14,2026-01-17T00:19:00
TXN_001686,ACC_00895,ACC_00842,3479.1,2026-01-21T15:04:00
TXN_001687,ACC_00083,ACC_00024,2222.59,2026-01-29T16:17:00
TXN_001688,ACC_00201,ACC_00252,3145.2,2026-01-10T02:32:00
TXN_001689,ACC_00574,ACC_00511,797.53,2026-01-06T01:03:00
TXN_001690,ACC_00892,ACC_00899,3818.18,2026-01-30T13:04:00
TXN_001691,ACC_00988,ACC_00953,2262.93,2026-01-15T12:52:00
TXN_001692,ACC_00234,ACC_00223,4135.58,2026-01-27T23:44:00
TXN_001693,ACC_00426,ACC_00411,1844.32,2026-01-19T20:44:00
TXN_001694,ACC_00649,ACC_00674,113.47,2026-01-11T05:11:00
TXN_001695,ACC_00072,ACC_00083,3136.87,2026-01-28T20:28:00
TXN_001696,ACC_00160,ACC_00126,3509.29,2026-01-12T21:56:00
TXN_001697,ACC_00207,ACC_00252,2150.23,2026-01-29T03:01:00
TXN_001698,ACC_00420,ACC_00412,858.91,2026-01-17T17:52:00
TXN_001699,ACC_00916,ACC_00902,2181.44,2026-01-24T22:21:00
TXN_001700,ACC_00787,ACC_00764,1130.17,2026-01-06T09:26:00
TXN_001701,ACC_00325,ACC_00335,3734.75,2026-01-14T02:31:00
TXN_001702,ACC_00617,ACC_00656,3004.41,2026-01-10T09:40:00
TXN_001703,ACC_00494,ACC_00487,2097.47,2026-01-09T14:50:00
TXN_001704,ACC_00619,ACC_00604,4880.88,2026-01-14T04:58:00
TXN_001705,ACC_00380,ACC_00358,1854.49,2026-01-12T07:13:00
TXN_001706,ACC_00711,ACC_00702,674.69,2026-01-22T08:08:00
TXN_001707,ACC_00589,ACC_00551,3569.55,2026-01-10T15:47:00
TXN_001708,ACC_00695,ACC_00677,374.55,2026-01-12T15:52:00
TXN_001709,ACC_00808,ACC_00807,4656.01,2026-01-16T03:34:00
TXN_001710,ACC_00746,ACC_00778,3550.73,2026-01-28T05:25:00
TXN_001711,ACC_00001,ACC_00033,3102.09,2026-01-23T23:05:00
TXN_001712,ACC_00451,ACC_00486,669.87,2026-01-17T21:07:00
TXN_001713,ACC_00806,ACC_00875,1308.86,2026-01-09T03:55:00
TXN_001714,ACC_00864,ACC_00844,668.28,2026-01-22T07:16:00
TXN_001715,ACC_00591,ACC_00568,717.56,2026-01-20T16:52:00
TXN_001716,ACC_00141,ACC_00106,2501.06,2026-01-06T19:40:00
TXN_001717,ACC_00496,ACC_00447,1421.8,2026-01-20T13:46:00
TXN_001718,ACC_00479,ACC_00498,2589.69,2026-01-13T00:05:00
TXN_001719,ACC_00622,ACC_00641,3820.74,2026-01-23T08:36:00
TXN_001720,ACC_00272,ACC_00285,3993.12,2026-01-29T23:23:00
TXN_001721,ACC_00025,ACC_00020,1157.0,2026-01-03T11:36:00
TXN_001722,ACC_00061,ACC_00034,3532.75,2026-01-08T10:38:00
TXN_001723,ACC_00615,ACC_00664,2213.18,2026-01-02T20:33:00
TXN_001724,ACC_00863,ACC_00859,571.33,2026-01-23T10:28:00
TXN_001725,ACC_00216,ACC_00245,1026.63,2026-01-05T06:12:00
TXN_001726,ACC_00424,ACC_00422,4114.63,2026-01-24T03:40:00
TXN_001727,ACC_00985,ACC_00975,2921.9,2026-01-10T15:59:00
TXN_001728,ACC_00068,ACC_00099,911.04,2026-01-26T23:27:00
TXN_001729,ACC_00132,ACC_00199,3387.77,2026-01-23T16:04:00
TXN_001730,ACC_00504,ACC_00537,1976.91,2026-01-06T13:14:00
TXN_001731,ACC_00914,ACC_00942,154.08,2026-01-07T23:57:00
TXN_001732,ACC_00791,ACC_00785,2275.74,2026-01-22T20:07:00
TXN_001733,ACC_00477,ACC_00485,1653.84,2026-01-01T06:20:00
TXN_001734,ACC_00084,ACC_00080,1631.33,2026-01-21T14:54:00
TXN_001735,ACC_00917,ACC_00928,4009.77,2026-01-03T05:10:00
TXN_001736,ACC_00442,ACC_00408,2740.31,2026-01-04T05:14:00
TXN_001737,ACC_00949,ACC_00912,1283.27,2026-01-19T03:39:00
TXN_001738,ACC_00399,ACC_00352,112.36,2026-01-05T01:25:00
TXN_001739,ACC_00321,ACC_00350,1431.83,2026-01-19T07:31:00
TXN_001740,ACC_00216,ACC_00239,4007.49,2026-01-23T08:08:00
TXN_001741,ACC_00488,ACC_00478,1801.63,2026-01-06T23:24:00
TXN_001742,ACC_00148,ACC_00166,2453.22,2026-01-10T02:18:00
TXN_001743,ACC_00661,ACC_00635,3005.7,2026-01-26T15:00:00
TXN_001744,ACC_00197,ACC_00155,3073.2,2026-01-17T18:12:00
TXN_001745,ACC_00681,ACC_00655,211.79,2026-01-05T05:31:00
TXN_001746,ACC_00560,ACC_00587,3241.58,2026-01-11T04:55:00
TXN_001747,ACC_00264,ACC_00268,3239.65,2026-01-29T15:38:00
TXN_001748,ACC_00138,ACC_00160,405.12,2026-01-20T21:42:00
TXN_001749,ACC_00739,ACC_00720,3424.73,2026-01-06T19:34:00
TXN_001750,ACC_00432,ACC_00467,1484.45,2026-01-20T11:11:00
TXN_001751,ACC_00071,ACC_00010,2571.94,2026-01-03T01:15:00
TXN_001752,ACC_00855,ACC_00853,2328.64,2026-01-05T07:12:00
TXN_001753,ACC_00933,ACC_00946,2931.98,2026-01-12T14:22:00
TXN_001754,ACC_00803,ACC_00815,905.97,2026-01-22T01:35:00
TXN_001755,ACC_00251,ACC_00206,2087.1,2026-01-04T18:58:00
TXN_001756,ACC_00441,ACC_00476,3789.2,2026-01-21T16:58:00
TXN_001757,ACC_00780,ACC_00734,4833.93,2026-01-16T12:49:00
TXN_001758,ACC_00228,ACC_00224,3737.68,2026-01-04T13:26:00
TXN_001759,ACC_00934,ACC_00987,2174.66,2026-01-05T20:08:00
TXN_001760,ACC_00001,ACC_00051,76.39,2026-01-06T07:26:00
TXN_001761,ACC_00759,ACC_00789,4345.21,2026-01-19T10:28:00
TXN_001762,ACC_00993,ACC_00963,3096.31,2026-01-14T18:44:00
TXN_001763,ACC_00947,ACC_00989,4025.16,2026-01-18T23:26:00
TXN_001764,ACC_00117,ACC_00118,962.1,2026-01-01T15:09:00
TXN_001765,ACC_00090,ACC_00025,1054.06,2026-01-02T05:17:00
TXN_001766,ACC_00284,ACC_00231,4212.03,2026-01-20T19:59:00
TXN_001767,ACC_00825,ACC_00812,3850.91,2026-01-14T16:40:00
TXN_001768,ACC_00261,ACC_00255,591.13,2026-01-01T23:49:00
TXN_001769,ACC_00295,ACC_00290,4819.7,2026-01-21T06:20:00
TXN_001770,ACC_00703,ACC_00758,1220.72,2026-01-27T15:13:00
TXN_001771,ACC_00473,ACC_00451,1675.91,2026-01-03T07:37:00
TXN_001772,ACC_00181,ACC_00192,4897.64,2026-01-20T15:37:00
TXN_001773,ACC_00795,ACC_00775,3658.08,2026-01-28T02:48:00
TXN_001774,ACC_00405,ACC_00463,2435.64,2026-01-19T04:33:00
TXN_001775,ACC_00993,ACC_00979,1167.21,2026-01-23T04:55:00
TXN_001776,ACC_00068,ACC_00003,2886.25,2026-01-20T04:56:00
TXN_001777,ACC_00809,ACC_00835,2091.52,2026-01-30T12:07:00
TXN_001778,ACC_00715,ACC_00764,4695.43,2026-01-29T08:09:00
TXN_001779,ACC_00558,ACC_00590,113.83,2026-01-20T20:28:00
TXN_001780,ACC_00493,ACC_00425,1725.8,2026-01-22T08:32:00
TXN_001781,ACC_00365,ACC_00329,4546.26,2026-01-27T17:52:00
TXN_001782,ACC_00578,ACC_00592,2347.65,2026-01-30T21:34:00
TXN_001783,ACC_00493,ACC_00492,4799.42,2026-01-18T18:23:00
TXN_001784,ACC_00561,ACC_00521,1043.97,2026-01-29T07:13:00
TXN_001785,ACC_00186,ACC_00162,874.72,2026-01-06T21:00:00
TXN_001786,ACC_00278,ACC_00263,3969.48,2026-01-05T14:12:00
TXN_001787,ACC_00739,ACC_00731,2788.58,2026-01-10T12:45:00
TXN_001788,ACC_00046,ACC_00034,3387.87,2026-01-17T05:59:00
TXN_001789,ACC_00265,ACC_00205,1695.3,2026-01-03T21:32:00
TXN_001790,ACC_00180,ACC_00130,2814.29,2026-01-06T11:49:00
TXN_001791,ACC_00734,ACC_00744,3849.18,2026-01-17T04:01:00
TXN_001792,ACC_00835,ACC_00820,3025.4,2026-01-24T10:56:00
TXN_001793,ACC_00191,ACC_00107,3996.94,2026-01-20T22:13:00
TXN_001794,ACC_00114,ACC_00179,3912.96,2026-01-28T17:54:00
TXN_001795,ACC_00172,ACC_00106,536.0,2026-01-24T02:06:00
TXN_001796,ACC_00127,ACC_00147,3644.46,2026-01-08T03:31:00
TXN_001797,ACC_00798,ACC_00765,3665.43,2026-01-23T16:22:00
TXN_001798,ACC_00120,ACC_00183,1679.69,2026-01-17T13:17:00
TXN_001799,ACC_00216,ACC_00226,4848.49,2026-01-20T23:37:00
TXN_001800,ACC_00032,ACC_00061,1440.92,2026-01-16T12:48:00
TXN_001801,ACC_00211,ACC_00235,3578.85,2026-01-17T22:47:00
TXN_001802,ACC_00647,ACC_00681,766.54,2026-01-12T04:05:00
TXN_001803,ACC_00854,ACC_00830,4010.83,2026-01-07T06:43:00
TXN_001804,ACC_00653,ACC_00659,3975.09,2026-01-24T11:46:00
TXN_001805,ACC_00504,ACC_00557,3853.06,2026-01-07T15:01:00
TXN_001806,ACC_00809,ACC_00811,1580.87,2026-01-16T09:31:00
TXN_001807,ACC_00256,ACC_00208,3798.37,2026-01-18T21:33:00
TXN_001808,ACC_00274,ACC_00208,4900.43,2026-01-29T17:53:00
TXN_001809,ACC_00838,ACC_00854,4430.06,2026-01-19T07:05:00
TXN_001810,ACC_00839,ACC_00893,4547.06,2026-01-15T06:38:00
TXN_001811,ACC_00036,ACC_00068,4603.05,2026-01-28T18:43:00
TXN_001812,ACC_00658,ACC_00683,4439.02,2026-01-10T08:03:00
TXN_001813,ACC_00980,ACC_00984,3490.38,2026-01-21T02:56:00
TXN_001814,ACC_00700,ACC_00626,430.56,2026-01-14T17:21:00
TXN_001815,ACC_00843,ACC_00850,2607.14,2026-01-06T17:37:00
TXN_001816,ACC_00837,ACC_00828,2563.24,2026-01-05T05:23:00
TXN_001817,ACC_00467,ACC_00444,808.54,2026-01-29T22:20:00
TXN_001818,ACC_00070,ACC_00076,1214.29,2026-01-12T18:33:00
TXN_001819,ACC_00493,ACC_00455,561.11,2026-01-23T23:53:00
TXN_001820,ACC_00048,ACC_00034,2542.42,2026-01-29T12:50:00
TXN_001821,ACC_00107,ACC_00197,4707.3,2026-01-30T15:01:00
TXN_001822,ACC_00739,ACC_00774,2271.2,2026-01-01T05:41:00
TXN_001823,ACC_00396,ACC_00375,3576.09,2026-01-26T17:46:00
TXN_001824,ACC_00877,ACC_00830,1503.02,2026-01-16T22:39:00
TXN_001825,ACC_00987,ACC_00918,2603.14,2026-01-18T04:30:00
TXN_001826,ACC_00314,ACC_00342,2916.02,2026-01-24T12:06:00
TXN_001827,ACC_00559,ACC_00513,3561.09,2026-01-07T16:04:00
TXN_001828,ACC_00611,ACC_00612,2130.18,2026-01-03T19:55:00
TXN_001829,ACC_00261,ACC_00228,399.58,2026-01-21T07:19:00
TXN_001830,ACC_00852,ACC_00876,2599.54,2026-01-26T10:32:00
TXN_001831,ACC_00634,ACC_00675,3185.94,2026-01-23T16:51:00
TXN_001832,ACC_00789,ACC_00763,4120.82,2026-01-19T23:23:00
TXN_001833,ACC_00265,ACC_00217,3558.64,2026-01-23T01:29:00
TXN_001834,ACC_00291,ACC_00266,599.11,2026-01-25T01:57:00
TXN_001835,ACC_00359,ACC_00361,3735.02,2026-01-02T11:36:00
TXN_001836,ACC_00848,ACC_00816,4263.07,2026-01-28T09:06:00
TXN_001837,ACC_00116,ACC_00148,1455.06,2026-01-27T00:31:00
TXN_001838,ACC_00820,ACC_00816,1531.57,2026-01-17T21:44:00
TXN_001839,ACC_00539,ACC_00538,149.61,2026-01-23T02:45:00
TXN_001840,ACC_00219,ACC_00276,252.77,2026-01-20T04:40:00
TXN_001841,ACC_00437,ACC_00428,4097.43,2026-01-09T07:58:00
TXN_001842,ACC_00701,ACC_00716,1749.76,2026-01-25T22:03:00
TXN_001843,ACC_00054,ACC_00062,1555.41,2026-01-27T01:56:00
TXN_001844,ACC_00744,ACC_00749,4173.96,2026-01-22T15:04:00
TXN_001845,ACC_00917,ACC_00998,2528.77,2026-01-07T07:18:00
TXN_001846,ACC_00798,ACC_00758,753.42,2026-01-21T10:30:00
TXN_001847,ACC_00512,ACC_00580,2054.05,2026-01-29T09:07:00
TXN_001848,ACC_00351,ACC_00344,238.64,2026-01-25T14:54:00
TXN_001849,ACC_00795,ACC_00736,451.76,2026-01-30T09:30:00
TXN_001850,ACC_00291,ACC_00204,3154.24,2026-01-27T00:46:00
TXN_001851,ACC_00472,ACC_00483,3223.13,2026-01-06T15:12:00
TXN_001852,ACC_00125,ACC_00180,2888.51,2026-01-25T15:49:00
TXN_001853,ACC_00073,ACC_00067,3755.29,2026-01-09T14:52:00
TXN_001854,ACC_00803,ACC_00816,4681.55,2026-01-30T22:59:00
TXN_001855,ACC_00203,ACC_00236,1233.98,2026-01-10T08:47:00
TXN_001856,ACC_00957,ACC_00911,3038.21,2026-01-25T06:46:00
TXN_001857,ACC_00676,ACC_00606,4311.25,2026-01-23T08:49:00
TXN_001858,ACC_00044,ACC_00056,2080.53,2026-01-09T05:09:00
TXN_001859,ACC_00841,ACC_00849,464.22,2026-01-12T16:54:00
TXN_001860,ACC_00170,ACC_00122,728.73,2026-01-13T23:40:00
TXN_001861,ACC_00499,ACC_00412,1540.9,2026-01-08T00:27:00
TXN_001862,ACC_00687,ACC_00622,3076.23,2026-01-03T16:20:00
TXN_001863,ACC_00524,ACC_00504,1497.14,2026-01-03T15:53:00
TXN_001864,ACC_00141,ACC_00119,4466.12,2026-01-19T18:54:00
TXN_001865,ACC_00449,ACC_00416,1020.77,2026-01-03T08:39:00
TXN_001866,ACC_00976,ACC_00931,2548.02,2026-01-23T10:27:00
TXN_001867,ACC_00850,ACC_00815,312.55,2026-01-13T06:08:00
TXN_001868,ACC_00771,ACC_00753,2426.02,2026-01-03T23:29:00
TXN_001869,ACC_00682,ACC_00630,1353.11,2026-01-01T20:20:00
TXN_001870,ACC_00987,ACC_00913,3817.26,2026-01-12T05:02:00
TXN_001871,ACC_00239,ACC_00273,2235.45,2026-01-19T12:16:00
TXN_001872,ACC_00827,ACC_00819,2706.79,2026-01-17T23:44:00
TXN_001873,ACC_00232,ACC_00269,4807.15,2026-01-20T06:51:00
TXN_001874,ACC_00858,ACC_00806,4065.09,2026-01-01T01:05:00
TXN_001875,ACC_00938,ACC_00984,12.71,2026-01-08T14:49:00
TXN_001876,ACC_00735,ACC_00777,4199.04,2026-01-12T10:02:00
TXN_001877,ACC_00645,ACC_00681,2929.94,2026-01-10T16:23:00
TXN_001878,ACC_00837,ACC_00806,3698.52,2026-01-08T08:18:00
TXN_001879,ACC_00909,ACC_00939,1982.57,2026-01-05T01:59:00
TXN_001880,ACC_00118,ACC_00193,4994.12,2026-01-26T07:49:00
TXN_001881,ACC_00627,ACC_00679,4787.51,2026-01-23T23:23:00
TXN_001882,ACC_00588,ACC_00544,1314.19,2026-01-29T21:46:00
TXN_001883,ACC_00735,ACC_00732,1714.73,2026-01-15T15:18:00
TXN_001884,ACC_00777,ACC_00743,4570.95,2026-01-01T17:20:00
TXN_001885,ACC_00283,ACC_00201,2387.88,2026-01-28T16:57:00
TXN_001886,ACC_00087,ACC_00023,2783.4,2026-01-19T19:17:00
TXN_001887,ACC_00798,ACC_00751,414.93,2026-01-25T11:46:00
TXN_001888,ACC_00169,ACC_00104,3364.51,2026-01-21T06:15:00
TXN_001889,ACC_00549,ACC_00577,1939.89,2026-01-17T06:59:00
TXN_001890,ACC_00016,ACC_00060,4681.88,2026-01-17T20:39:00
TXN_001891,ACC_00702,ACC_00729,3794.52,2026-01-01T21:36:00
TXN_001892,ACC_00525,ACC_00512,3129.93,2026-01-28T22:02:00
TXN_001893,ACC_00330,ACC_00364,193.61,2026-01-17T12:29:00
TXN_001894,ACC_00791,ACC_00778,45.61,2026-01-10T12:22:00
TXN_001895,ACC_00615,ACC_00636,2506.62,2026-01-26T21:36:00
TXN_001896,ACC_00271,ACC_00225,3364.16,2026-01-26T17:54:00
TXN_001897,ACC_00973,ACC_00923,2944.94,2026-01-03T23:23:00
TXN_001898,ACC_00117,ACC_00134,4278.84,2026-01-26T22:29:00
TXN_001899,ACC_00894,ACC_00836,4239.86,2026-01-09T17:33:00
TXN_001900,ACC_00089,ACC_00087,3076.14,2026-01-25T06:06:00
TXN_001901,ACC_00859,ACC_00801,3208.42,2026-01-20T10:31:00
TXN_001902,ACC_00042,ACC_00056,1377.44,2026-01-19T12:25:00
TXN_001903,ACC_00860,ACC_00864,2591.11,2026-01-17T10:49:00
TXN_001904,ACC_00093,ACC_00029,1396.89,2026-01-03T03:17:00
TXN_001905,ACC_00669,ACC_00658,35.74,2026-01-15T09:25:00
TXN_001906,ACC_00343,ACC_00311,4040.29,2026-01-27T00:34:00
TXN_001907,ACC_00389,ACC_00355,4585.81,2026-01-04T09:18:00
TXN_001908,ACC_00322,ACC_00343,323.59,2026-01-15T03:28:00
TXN_001909,ACC_00104,ACC_00162,4042.21,2026-01-20T15:48:00
TXN_001910,ACC_00981,ACC_00943,1243.3,2026-01-12T09:30:00
TXN_001911,ACC_00731,ACC_00744,4109.95,2026-01-03T11:27:00
TXN_001912,ACC_00831,ACC_00810,3101.64,2026-01-28T07:19:00
TXN_001913,ACC_00181,ACC_00158,632.88,2026-01-27T08:21:00
TXN_001914,ACC_00005,ACC_00049,4451.52,2026-01-15T06:11:00
TXN_001915,ACC_00117,ACC_00108,283.4,2026-01-21T02:41:00
TXN_001916,ACC_00981,ACC_00956,518.12,2026-01-03T23:51:00
TXN_001917,ACC_00072,ACC_00007,4251.15,2026-01-14T10:07:00
TXN_001918,ACC_00613,ACC_00680,1173.23,2026-01-19T17:02:00
TXN_001919,ACC_00985,ACC_00980,2272.52,2026-01-01T11:35:00
TXN_001920,ACC_00755,ACC_00780,515.38,2026-01-29T04:21:00
TXN_001921,ACC_00059,ACC_00067,2943.19,2026-01-15T22:28:00
TXN_001922,ACC_00114,ACC_00102,3569.36,2026-01-28T02:05:00
TXN_001923,ACC_00925,ACC_00974,3190.45,2026-01-06T17:36:00
TXN_001924,ACC_00446,ACC_00454,3625.87,2026-01-22T21:48:00
TXN_001925,ACC_00724,ACC_00732,3987.16,2026-01-07T06:22:00
TXN_001926,ACC_00017,ACC_00040,2184.88,2026-01-27T14:27:00
TXN_001927,ACC_00540,ACC_00575,3879.72,2026-01-25T15:04:00
TXN_001928,ACC_00261,ACC_00240,1721.07,2026-01-28T10:59:00
TXN_001929,ACC_00502,ACC_00567,3291.81,2026-01-27T16:32:00
TXN_001930,ACC_00208,ACC_00231,4097.73,2026-01-24T01:53:00
TXN_001931,ACC_00807,ACC_00855,985.08,2026-01-16T15:32:00
TXN_001932,ACC_00382,ACC_00326,1714.34,2026-01-04T02:42:00
TXN_001933,ACC_00789,ACC_00760,3465.15,2026-01-28T07:06:00
TXN_001934,ACC_00973,ACC_00943,1505.16,2026-01-29T00:56:00
TXN_001935,ACC_00521,ACC_00514,4381.77,2026-01-21T16:13:00
TXN_001936,ACC_00064,ACC_00029,3197.45,2026-01-01T04:02:00
TXN_001937,ACC_00360,ACC_00380,1202.71,2026-01-10T16:48:00
TXN_001938,ACC_00595,ACC_00549,2007.56,2026-01-10T08:15:00
TXN_001939,ACC_00047,ACC_00002,1795.85,2026-01-04T08:32:00
TXN_001940,ACC_00815,ACC_00819,2207.64,2026-01-14T05:23:00
TXN_001941,ACC_00998,ACC_00947,4876.79,2026-01-02T23:57:00
TXN_001942,ACC_00326,ACC_00337,1102.54,2026-01-08T22:12:00
TXN_001943,ACC_00493,ACC_00423,4239.2,2026-01-16T11:10:00
TXN_001944,ACC_00323,ACC_00326,888.63,2026-01-01T23:28:00
TXN_001945,ACC_00413,ACC_00403,1900.82,2026-01-07T05:54:00
TXN_001946,ACC_00144,ACC_00127,2286.46,2026-01-14T21:13:00
TXN_001947,ACC_00548,ACC_00585,4706.4,2026-01-08T19:10:00
TXN_001948,ACC_00956,ACC_00992,601.28,2026-01-03T23:24:00
TXN_001949,ACC_00225,ACC_00269,3474.83,2026-01-18T05:05:00
TXN_001950,ACC_00577,ACC_00555,1230.3,2026-01-29T22:50:00
TXN_001951,ACC_00098,ACC_00079,953.62,2026-01-27T17:30:00
TXN_001952,ACC_00838,ACC_00820,1243.39,2026-01-15T21:54:00
TXN_001953,ACC_00417,ACC_00466,4430.31,2026-01-27T13:58:00
TXN_001954,ACC_00394,ACC_00311,3957.08,2026-01-22T10:05:00
TXN_001955,ACC_00909,ACC_00922,1946.7,2026-01-24T03:32:00
TXN_001956,ACC_00848,ACC_00864,2326.69,2026-01-24T14:46:00
TXN_001957,ACC_00592,ACC_00548,3475.6,2026-01-24T21:57:00
TXN_001958,ACC_00761,ACC_00735,2010.72,2026-01-27T10:48:00
TXN_001959,ACC_00984,ACC_00905,1105.44,2026-01-10T10:19:00
TXN_001960,ACC_00358,ACC_00331,1100.78,2026-01-19T00:25:00
TXN_001961,ACC_00649,ACC_00674,4678.14,2026-01-08T03:42:00
TXN_001962,ACC_00533,ACC_00571,680.31,2026-01-04T20:34:00
TXN_001963,ACC_00138,ACC_00157,1764.36,2026-01-24T14:41:00
TXN_001964,ACC_00906,ACC_00960,3109.42,2026-01-24T07:31:00
TXN_001965,ACC_00658,ACC_00660,2050.67,2026-01-20T16:24:00
TXN_001966,ACC_00741,ACC_00735,133.34,2026-01-18T09:39:00
TXN_001967,ACC_00730,ACC_00734,388.68,2026-01-30T08:53:00
TXN_001968,ACC_00138,ACC_00165,2737.79,2026-01-24T08:06:00
TXN_001969,ACC_00136,ACC_00130,601.75,2026-01-05T11:29:00
TXN_001970,ACC_00505,ACC_00570,1675.45,2026-01-10T02:47:00
TXN_001971,ACC_00533,ACC_00539,961.31,2026-01-13T11:47:00
TXN_001972,ACC_00918,ACC_00997,4562.79,2026-01-25T17:14:00
TXN_001973,ACC_00099,ACC_00039,4113.32,2026-01-13T19:51:00
TXN_001974,ACC_00652,ACC_00675,69.33,2026-01-30T19:46:00
TXN_001975,ACC_00898,ACC_00820,1145.62,2026-01-19T02:10:00
TXN_001976,ACC_00361,ACC_00330,2939.15,2026-01-24T11:25:00
TXN_001977,ACC_00897,ACC_00860,1709.89,2026-01-21T23:58:00
TXN_001978,ACC_00141,ACC_00125,3852.95,2026-01-20T12:21:00
TXN_001979,ACC_00627,ACC_00657,4266.19,2026-01-21T11:29:00
TXN_001980,ACC_00048,ACC_00018,4370.01,2026-01-27T06:47:00
TXN_001981,ACC_00495,ACC_00402,4053.9,2026-01-23T17:54:00
TXN_001982,ACC_00544,ACC_00529,2134.34,2026-01-20T01:49:00
TXN_001983,ACC_00698,ACC_00700,1505.19,2026-01-25T11:12:00
TXN_001984,ACC_00903,ACC_00973,4611.5,2026-01-02T11:10:00
TXN_001985,ACC_00243,ACC_00273,3997.74,2026-01-29T15:57:00
TXN_001986,ACC_00974,ACC_00951,1028.98,2026-01-18T08:30:00
TXN_001987,ACC_00609,ACC_00669,949.81,2026-01-18T14:05:00
TXN_001988,ACC_00143,ACC_00173,3198.63,2026-01-21T13:11:00
TXN_001989,ACC_00412,ACC_00422,3377.68,2026-01-05T17:56:00
TXN_001990,ACC_00205,ACC_00289,2448.18,2026-01-28T11:02:00
TXN_001991,ACC_00226,ACC_00209,1426.25,2026-01-18T13:29:00
TXN_001992,ACC_00338,ACC_00385,359.2,2026-01-24T20:46:00
TXN_001993,ACC_00048,ACC_00067,867.41,2026-01-01T12:03:00
TXN_001994,ACC_00651,ACC_00621,654.4,2026-01-06T00:57:00
TXN_001995,ACC_00662,ACC_00696,1951.07,2026-01-04T03:06:00
TXN_001996,ACC_00317,ACC_00327,2166.68,2026-01-15T02:20:00
TXN_001997,ACC_00721,ACC_00778,4696.38,2026-01-27T04:09:00
TXN_001998,ACC_00926,ACC_00965,1384.45,2026-01-21T21:18:00
TXN_001999,ACC_00019,ACC_00058,4124.67,2026-01-03T21:52:00
TXN_002000,ACC_00932,ACC_00968,4552.41,2026-01-15T23:14:00
TXN_002001,ACC_00759,ACC_00760,205.03,2026-01-27T05:17:00
TXN_002002,ACC_00137,ACC_00183,1740.44,2026-01-21T18:24:00
TXN_002003,ACC_00451,ACC_00479,2081.11,2026-01-08T23:17:00
TXN_002004,ACC_00280,ACC_00294,2294.56,2026-01-20T15:56:00
TXN_002005,ACC_00290,ACC_00273,1973.82,2026-01-05T08:20:00
TXN_002006,ACC_00031,ACC_00021,4413.95,2026-01-13T11:02:00
TXN_002007,ACC_00838,ACC_00886,3493.24,2026-01-04T00:54:00
TXN_002008,ACC_00364,ACC_00353,614.94,2026-01-26T03:49:00
TXN_002009,ACC_00510,ACC_00597,2526.93,2026-01-05T18:55:00
TXN_002010,ACC_00553,ACC_00558,1271.31,2026-01-08T12:02:00
TXN_002011,ACC_00806,ACC_00860,375.25,2026-01-02T05:10:00
TXN_002012,ACC_00749,ACC_00744,4280.31,2026-01-19T04:11:00
TXN_002013,ACC_00605,ACC_00602,582.27,2026-01-12T09:43:00
TXN_002014,ACC_00242,ACC_00286,2428.95,2026-01-22T03:04:00
TXN_002015,ACC_00111,ACC_00171,1219.05,2026-01-30T21:38:00
TXN_002016,ACC_00718,ACC_00761,4209.4,2026-01-13T16:53:00
TXN_002017,ACC_00203,ACC_00278,894.41,2026-01-05T13:47:00
TXN_002018,ACC_00169,ACC_00195,850.58,2026-01-18T18:54:00
TXN_002019,ACC_00087,ACC_00035,2208.88,2026-01-07T23:39:00
TXN_002020,ACC_00228,ACC_00292,4464.51,2026-01-02T13:37:00
TXN_002021,ACC_00828,ACC_00857,4184.14,2026-01-03T04:09:00
TXN_002022,ACC_00883,ACC_00885,1959.19,2026-01-05T16:16:00
TXN_002023,ACC_00457,ACC_00407,33.28,2026-01-28T05:23:00
TXN_002024,ACC_00699,ACC_00626,1879.48,2026-01-12T08:44:00
TXN_002025,ACC_00326,ACC_00312,2114.2,2026-01-01T17:31:00
TXN_002026,ACC_00044,ACC_00025,1110.63,2026-01-03T21:00:00
TXN_002027,ACC_00186,ACC_00122,229.62,2026-01-08T14:27:00
TXN_002028,ACC_00814,ACC_00842,2814.65,2026-01-15T16:27:00
TXN_002029,ACC_00380,ACC_00327,1981.37,2026-01-25T15:41:00
TXN_002030,ACC_00616,ACC_00630,538.37,2026-01-10T17:30:00
TXN_002031,ACC_00523,ACC_00502,3273.42,2026-01-19T07:14:00
TXN_002032,ACC_00050,ACC_00028,1108.28,2026-01-21T21:06:00
TXN_002033,ACC_00484,ACC_00480,229.26,2026-01-17T19:01:00
TXN_002034,ACC_00353,ACC_00339,2502.88,2026-01-28T06:07:00
TXN_002035,ACC_00192,ACC_00169,865.58,2026-01-26T21:43:00
TXN_002036,ACC_00177,ACC_00142,3484.61,2026-01-29T17:04:00
TXN_002037,ACC_00243,ACC_00223,3810.96,2026-01-29T21:58:00
TXN_002038,ACC_00586,ACC_00562,1682.18,2026-01-04T01:44:00
TXN_002039,ACC_00975,ACC_00958,2560.02,2026-01-18T09:39:00
TXN_002040,ACC_00365,ACC_00376,1170.7,2026-01-01T14:31:00
TXN_002041,ACC_00998,ACC_00916,1189.62,2026-01-15T01:20:00
TXN_002042,ACC_00697,ACC_00632,406.15,2026-01-29T04:56:00
TXN_002043,ACC_00248,ACC_00264,1018.04,2026-01-14T11:58:00
TXN_002044,ACC_00627,ACC_00683,1197.94,2026-01-02T17:24:00
TXN_002045,ACC_00957,ACC_00995,679.99,2026-01-15T23:01:00
TXN_002046,ACC_00583,ACC_00598,2609.16,2026-01-02T19:15:00
TXN_002047,ACC_00683,ACC_00637,1152.76,2026-01-02T01:52:00
TXN_002048,ACC_00544,ACC_00532,2701.17,2026-01-10T08:48:00
TXN_002049,ACC_00388,ACC_00390,3044.24,2026-01-11T02:58:00
TXN_002050,ACC_00667,ACC_00642,2217.38,2026-01-09T08:28:00
TXN_002051,ACC_00009,ACC_00063,4768.77,2026-01-04T04:26:00
TXN_002052,ACC_00082,ACC_00019,636.55,2026-01-10T07:03:00
TXN_002053,ACC_00276,ACC_00271,1189.19,2026-01-10T07:13:00
TXN_002054,ACC_00155,ACC_00193,1564.2,2026-01-22T06:10:00
TXN_002055,ACC_00332,ACC_00355,3033.2,2026-01-09T00:42:00
TXN_002056,ACC_00437,ACC_00474,4838.95,2026-01-21T09:37:00
TXN_002057,ACC_00335,ACC_00362,4755.56,2026-01-04T15:23:00
TXN_002058,ACC_00551,ACC_00549,2358.86,2026-01-08T15:14:00
TXN_002059,ACC_00665,ACC_00679,3804.02,2026-01-20T17:25:00
TXN_002060,ACC_00703,ACC_00798,2142.71,2026-01-18T08:36:00
TXN_002061,ACC_00198,ACC_00139,2690.62,2026-01-28T02:05:00
TXN_002062,ACC_00894,ACC_00823,1908.45,2026-01-12T17:01:00
TXN_002063,ACC_00459,ACC_00437,2815.09,2026-01-18T01:45:00
TXN_002064,ACC_00710,ACC_00743,3577.17,2026-01-07T05:15:00
TXN_002065,ACC_00320,ACC_00325,74.04,2026-01-01T04:33:00
TXN_002066,ACC_00894,ACC_00893,2462.35,2026-01-18T00:47:00
TXN_002067,ACC_00651,ACC_00696,1926.35,2026-01-17T23:34:00
TXN_002068,ACC_00483,ACC_00476,2049.85,2026-01-04T05:48:00
TXN_002069,ACC_00016,ACC_00050,820.19,2026-01-26T17:47:00
TXN_002070,ACC_00633,ACC_00699,2552.95,2026-01-16T20:44:00
TXN_002071,ACC_00782,ACC_00789,3485.31,2026-01-17T18:09:00
TXN_002072,ACC_00655,ACC_00695,1219.34,2026-01-12T05:33:00
TXN_002073,ACC_00047,ACC_00081,3490.38,2026-01-02T06:51:00
TXN_002074,ACC_00234,ACC_00278,4721.88,2026-01-21T17:29:00
TXN_002075,ACC_00233,ACC_00232,2895.93,2026-01-28T09:42:00
TXN_002076,ACC_00202,ACC_00215,3225.54,2026-01-05T04:49:00
TXN_002077,ACC_00651,ACC_00691,4870.99,2026-01-27T16:14:00
TXN_002078,ACC_00167,ACC_00125,837.46,2026-01-20T05:58:00
TXN_002079,ACC_00633,ACC_00689,2508.23,2026-01-14T18:06:00
TXN_002080,ACC_00885,ACC_00849,1546.81,2026-01-27T16:09:00
TXN_002081,ACC_00697,ACC_00694,555.28,2026-01-05T01:04:00
TXN_002082,ACC_01000,ACC_00945,1352.42,2026-01-07T11:52:00
TXN_002083,ACC_00396,ACC_00351,42.04,2026-01-15T00:31:00
TXN_002084,ACC_00263,ACC_00201,358.51,2026-01-05T09:48:00
TXN_002085,ACC_00668,ACC_00654,1448.82,2026-01-30T18:54:00
TXN_002086,ACC_00622,ACC_00623,940.14,2026-01-18T01:13:00
TXN_002087,ACC_00226,ACC_00263,2518.04,2026-01-09T06:46:00
TXN_002088,ACC_00158,ACC_00173,936.33,2026-01-10T16:11:00
TXN_002089,ACC_00096,ACC_00024,1304.17,2026-01-09T17:35:00
TXN_002090,ACC_00657,ACC_00681,554.89,2026-01-29T10:02:00
TXN_002091,ACC_00211,ACC_00238,1894.87,2026-01-04T21:36:00
TXN_002092,ACC_00409,ACC_00444,2932.38,2026-01-02T08:24:00
TXN_002093,ACC_00763,ACC_00787,57.44,2026-01-05T14:06:00
TXN_002094,ACC_00497,ACC_00401,3948.14,2026-01-27T12:11:00
TXN_002095,ACC_00013,ACC_00028,3961.01,2026-01-24T18:31:00
TXN_002096,ACC_00678,ACC_00667,4661.32,2026-01-13T02:21:00
TXN_002097,ACC_00797,ACC_00744,2152.97,2026-01-28T12:08:00
TXN_002098,ACC_00588,ACC_00544,4086.07,2026-01-15T08:18:00
TXN_002099,ACC_00586,ACC_00552,3057.94,2026-01-18T05:21:00
TXN_002100,ACC_00543,ACC_00513,2290.03,2026-01-01T03:22:00
TXN_002101,ACC_00693,ACC_00618,3013.53,2026-01-02T04:02:00
TXN_002102,ACC_00836,ACC_00890,1848.47,2026-01-12T07:28:00
TXN_002103,ACC_00988,ACC_00985,2579.42,2026-01-22T15:02:00
TXN_002104,ACC_00301,ACC_00382,92.99,2026-01-15T15:54:00
TXN_002105,ACC_00506,ACC_00595,3392.87,2026-01-15T19:33:00
TXN_002106,ACC_00378,ACC_00363,3698.63,2026-01-19T05:05:00
TXN_002107,ACC_00145,ACC_00155,4934.49,2026-01-22T16:03:00
TXN_002108,ACC_00194,ACC_00150,3039.8,2026-01-14T08:58:00
TXN_002109,ACC_00267,ACC_00274,168.41,2026-01-23T23:11:00
TXN_002110,ACC_00712,ACC_00739,4936.23,2026-01-25T23:22:00
TXN_002111,ACC_00722,ACC_00758,2416.02,2026-01-06T06:21:00
TXN_002112,ACC_00831,ACC_00832,860.46,2026-01-10T15:10:00
TXN_002113,ACC_00114,ACC_00156,809.57,2026-01-02T07:55:00
TXN_002114,ACC_00550,ACC_00599,1109.68,2026-01-13T18:13:00
TXN_002115,ACC_00486,ACC_00461,3330.73,2026-01-06T14:27:00
TXN_002116,ACC_00882,ACC_00893,461.3,2026-01-23T09:21:00
TXN_002117,ACC_00529,ACC_00574,332.69,2026-01-28T08:06:00
TXN_002118,ACC_00549,ACC_00592,3273.06,2026-01-18T08:51:00
TXN_002119,ACC_00856,ACC_00830,1302.88,2026-01-11T04:10:00
TXN_002120,ACC_00412,ACC_00415,1707.79,2026-01-05T01:21:00
TXN_002121,ACC_00925,ACC_00996,2868.47,2026-01-06T06:49:00
TXN_002122,ACC_00241,ACC_00249,3687.22,2026-01-27T06:08:00
TXN_002123,ACC_00408,ACC_00476,957.39,2026-01-25T09:01:00
TXN_002124,ACC_00655,ACC_00641,3989.62,2026-01-17T14:42:00
TXN_002125,ACC_00267,ACC_00285,2957.97,2026-01-28T09:07:00
TXN_002126,ACC_00151,ACC_00102,4263.29,2026-01-25T11:57:00
TXN_002127,ACC_00519,ACC_00538,2504.16,2026-01-10T23:06:00
TXN_002128,ACC_00719,ACC_00777,737.89,2026-01-13T21:32:00
TXN_002129,ACC_00077,ACC_00041,2516.87,2026-01-15T01:23:00
TXN_002130,ACC_00136,ACC_00191,2396.63,2026-01-27T02:55:00
TXN_002131,ACC_00364,ACC_00338,303.47,2026-01-18T03:27:00
TXN_002132,ACC_00520,ACC_00592,4241.87,2026-01-10T14:02:00
TXN_002133,ACC_00390,ACC_00395,4616.56,2026-01-03T09:24:00
TXN_002134,ACC_00263,ACC_00294,1502.52,2026-01-18T19:57:00
TXN_002135,ACC_00203,ACC_00271,1693.68,2026-01-18T20:28:00
TXN_002136,ACC_00745,ACC_00797,1961.4,2026-01-18T19:28:00
TXN_002137,ACC_00894,ACC_00837,3484.92,2026-01-13T20:25:00
TXN_002138,ACC_00390,ACC_00371,495.62,2026-01-18T22:06:00
TXN_002139,ACC_00597,ACC_00575,4250.55,2026-01-03T11:07:00
TXN_002140,ACC_00459,ACC_00484,2890.02,2026-01-08T10:47:00
TXN_002141,ACC_00790,ACC_00762,4487.12,2026-01-14T05:56:00
TXN_002142,ACC_00328,ACC_00396,3679.24,2026-01-09T21:42:00
TXN_002143,ACC_00047,ACC_00093,518.72,2026-01-27T04:47:00
TXN_002144,ACC_00249,ACC_00255,4630.67,2026-01-08T15:44:00
TXN_002145,ACC_00146,ACC_00161,4725.87,2026-01-09T04:12:00
TXN_002146,ACC_00166,ACC_00184,2971.03,2026-01-16T09:43:00
TXN_002147,ACC_00281,ACC_00293,1232.56,2026-01-19T09:16:00
TXN_002148,ACC_00131,ACC_00151,1520.42,2026-01-23T05:42:00
TXN_002149,ACC_00923,ACC_00984,3881.49,2026-01-18T02:00:00
TXN_002150,ACC_00200,ACC_00160,1916.68,2026-01-30T14:18:00
TXN_002151,ACC_00748,ACC_00702,591.97,2026-01-06T11:04:00
TXN_002152,ACC_00163,ACC_00183,1132.43,2026-01-24T04:46:00
TXN_002153,ACC_00974,ACC_00962,3471.69,2026-01-13T10:58:00
TXN_002154,ACC_00176,ACC_00124,2426.12,2026-01-18T11:23:00
TXN_002155,ACC_00639,ACC_00674,506.21,2026-01-06T16:47:00
TXN_002156,ACC_00192,ACC_00169,2032.6,2026-01-09T09:56:00
TXN_002157,ACC_00051,ACC_00072,3919.54,2026-01-25T09:54:00
TXN_002158,ACC_00863,ACC_00809,4187.35,2026-01-24T14:46:00
TXN_002159,ACC_00892,ACC_00884,3770.01,2026-01-06T15:32:00
TXN_002160,ACC_00385,ACC_00316,4311.4,2026-01-09T05:20:00
TXN_002161,ACC_00201,ACC_00272,4004.56,2026-01-21T08:29:00
TXN_002162,ACC_00106,ACC_00117,1039.09,2026-01-27T04:08:00
TXN_002163,ACC_00212,ACC_00272,4258.74,2026-01-12T16:27:00
TXN_002164,ACC_00011,ACC_00016,1499.9,2026-01-24T00:50:00
TXN_002165,ACC_00822,ACC_00855,10.43,2026-01-30T22:53:00
TXN_002166,ACC_00406,ACC_00467,3299.2,2026-01-14T08:28:00
TXN_002167,ACC_00718,ACC_00774,3478.56,2026-01-23T07:41:00
TXN_002168,ACC_00846,ACC_00878,2557.85,2026-01-25T11:52:00
TXN_002169,ACC_00185,ACC_00106,193.3,2026-01-11T18:58:00
TXN_002170,ACC_00239,ACC_00228,3014.7,2026-01-07T02:35:00
TXN_002171,ACC_00376,ACC_00346,651.18,2026-01-13T14:59:00
TXN_002172,ACC_00955,ACC_00910,1282.29,2026-01-26T00:34:00
TXN_002173,ACC_00684,ACC_00621,2285.78,2026-01-19T04:58:00
TXN_002174,ACC_00487,ACC_00455,2684.16,2026-01-07T12:27:00
TXN_002175,ACC_00181,ACC_00194,4976.84,2026-01-13T06:15:00
TXN_002176,ACC_00392,ACC_00348,3290.02,2026-01-26T15:38:00
TXN_002177,ACC_00878,ACC_00821,4109.62,2026-01-20T02:24:00
TXN_002178,ACC_00556,ACC_00549,4820.45,2026-01-02T04:18:00
TXN_002179,ACC_00310,ACC_00335,2662.04,2026-01-06T16:07:00
TXN_002180,ACC_00853,ACC_00809,3204.49,2026-01-15T23:44:00
TXN_002181,ACC_00543,ACC_00600,740.18,2026-01-13T10:27:00
TXN_002182,ACC_00336,ACC_00302,1892.01,2026-01-05T10:59:00
TXN_002183,ACC_00349,ACC_00314,886.9,2026-01-06T14:53:00
TXN_002184,ACC_00476,ACC_00463,2649.51,2026-01-05T08:21:00
TXN_002185,ACC_00937,ACC_00971,3041.26,2026-01-13T08:03:00
TXN_002186,ACC_00022,ACC_00041,911.56,2026-01-18T17:30:00
TXN_002187,ACC_00871,ACC_00877,2389.54,2026-01-19T07:48:00
TXN_002188,ACC_00234,ACC_00202,3568.98,2026-01-24T08:57:00
TXN_002189,ACC_00219,ACC_00249,3679.76,2026-01-26T19:55:00
TXN_002190,ACC_00093,ACC_00082,3540.44,2026-01-17T20:18:00
TXN_002191,ACC_00387,ACC_00378,3536.87,2026-01-20T00:50:00
TXN_002192,ACC_00257,ACC_00246,2516.12,2026-01-22T07:54:00
TXN_002193,ACC_00455,ACC_00467,1532.89,2026-01-11T09:52:00
TXN_002194,ACC_00140,ACC_00153,4227.78,2026-01-15T05:35:00
TXN_002195,ACC_00110,ACC_00194,4724.89,2026-01-11T22:11:00
TXN_002196,ACC_00274,ACC_00208,3719.61,2026-01-04T20:23:00
TXN_002197,ACC_00864,ACC_00802,3388.39,2026-01-20T07:06:00
TXN_002198,ACC_00262,ACC_00264,3428.76,2026-01-24T10:31:00
TXN_002199,ACC_00890,ACC_00816,79.36,2026-01-19T10:52:00
TXN_002200,ACC_00396,ACC_00301,3515.93,2026-01-20T08:11:00
TXN_002201,ACC_00532,ACC_00595,3423.55,2026-01-25T00:50:00
TXN_002202,ACC_00078,ACC_00058,3375.87,2026-01-08T16:04:00
TXN_002203,ACC_00829,ACC_00823,1841.58,2026-01-04T10:03:00
TXN_002204,ACC_00266,ACC_00246,2119.38,2026-01-03T07:36:00
TXN_002205,ACC_00622,ACC_00648,1696.41,2026-01-06T03:40:00
TXN_002206,ACC_00370,ACC_00399,1457.42,2026-01-06T08:44:00
TXN_002207,ACC_00738,ACC_00734,21.15,2026-01-10T16:43:00
TXN_002208,ACC_00951,ACC_00928,4646.25,2026-01-14T20:56:00
TXN_002209,ACC_00805,ACC_00860,4243.28,2026-01-29T02:44:00
TXN_002210,ACC_00046,ACC_00001,2307.17,2026-01-29T00:19:00
TXN_002211,ACC_00446,ACC_00414,1755.11,2026-01-01T05:37:00
TXN_002212,ACC_00252,ACC_00246,515.68,2026-01-01T09:40:00
TXN_002213,ACC_00726,ACC_00711,2576.45,2026-01-25T01:54:00
TXN_002214,ACC_00253,ACC_00216,44.48,2026-01-23T04:23:00
TXN_002215,ACC_00429,ACC_00461,1877.8,2026-01-18T23:50:00
TXN_002216,ACC_00555,ACC_00524,4059.6,2026-01-25T09:55:00
TXN_002217,ACC_00157,ACC_00185,817.55,2026-01-20T23:53:00
TXN_002218,ACC_00596,ACC_00556,1802.59,2026-01-01T06:20:00
TXN_002219,ACC_00315,ACC_00325,210.88,2026-01-13T23:11:00
TXN_002220,ACC_00654,ACC_00696,4505.98,2026-01-16T01:46:00
TXN_002221,ACC_00286,ACC_00226,4798.9,2026-01-22T19:31:00
TXN_002222,ACC_00416,ACC_00454,2755.12,2026-01-23T06:11:00
TXN_002223,ACC_00242,ACC_00297,2514.27,2026-01-19T04:46:00
TXN_002224,ACC_00617,ACC_00615,3965.64,2026-01-05T21:49:00
TXN_002225,ACC_00220,ACC_00245,78.11,2026-01-23T18:08:00
TXN_002226,ACC_00307,ACC_00387,2154.03,2026-01-16T13:42:00
TXN_002227,ACC_00995,ACC_00902,2406.16,2026-01-20T18:24:00
TXN_002228,ACC_00463,ACC_00411,1246.26,2026-01-20T12:31:00
TXN_002229,ACC_00294,ACC_00266,1254.84,2026-01-09T12:06:00
TXN_002230,ACC_00134,ACC_00190,3334.99,2026-01-12T06:10:00
TXN_002231,ACC_00626,ACC_00661,3508.71,2026-01-05T16:34:00
TXN_002232,ACC_00879,ACC_00824,4962.83,2026-01-09T14:04:00
TXN_002233,ACC_00981,ACC_00982,1154.63,2026-01-07T18:26:00
TXN_002234,ACC_00252,ACC_00205,4952.09,2026-01-13T11:07:00
TXN_002235,ACC_00255,ACC_00203,1006.22,2026-01-29T01:20:00
TXN_002236,ACC_00049,ACC_00053,1539.17,2026-01-24T21:24:00
TXN_002237,ACC_00329,ACC_00344,2401.18,2026-01-20T09:23:00
TXN_002238,ACC_00855,ACC_00883,1528.41,2026-01-03T08:25:00
TXN_002239,ACC_00447,ACC_00436,3560.81,2026-01-16T23:24:00
TXN_002240,ACC_00341,ACC_00307,214.04,2026-01-09T06:31:00
TXN_002241,ACC_00085,ACC_00096,1067.77,2026-01-15T15:18:00
TXN_002242,ACC_00736,ACC_00778,2160.23,2026-01-05T14:03:00
TXN_002243,ACC_00463,ACC_00447,1528.74,2026-01-16T05:07:00
TXN_002244,ACC_00186,ACC_00102,3854.61,2026-01-26T02:40:00
TXN_002245,ACC_00243,ACC_00247,3717.23,2026-01-17T10:43:00
TXN_002246,ACC_00968,ACC_00978,1198.88,2026-01-17T21:52:00
TXN_002247,ACC_00427,ACC_00475,445.28,2026-01-18T11:29:00
TXN_002248,ACC_00117,ACC_00181,610.57,2026-01-28T09:21:00
TXN_002249,ACC_00984,ACC_00925,3526.25,2026-01-09T18:43:00
TXN_002250,ACC_00110,ACC_00170,1721.06,2026-01-29T04:07:00
TXN_002251,ACC_00798,ACC_00726,3606.64,2026-01-25T06:47:00
TXN_002252,ACC_00017,ACC_00025,2756.97,2026-01-20T00:47:00
TXN_002253,ACC_00498,ACC_00472,4475.62,2026-01-16T19:23:00
TXN_002254,ACC_00781,ACC_00792,4555.14,2026-01-06T08:15:00
TXN_002255,ACC_00162,ACC_00154,4657.35,2026-01-24T20:05:00
TXN_002256,ACC_00803,ACC_00822,1378.0,2026-01-28T06:26:00
TXN_002257,ACC_00238,ACC_00206,313.36,2026-01-26T18:24:00
TXN_002258,ACC_00395,ACC_00351,3426.62,2026-01-23T12:42:00
TXN_002259,ACC_00810,ACC_00822,3756.13,2026-01-20T22:08:00
TXN_002260,ACC_00672,ACC_00700,2010.24,2026-01-18T18:15:00
TXN_002261,ACC_00427,ACC_00424,808.42,2026-01-01T03:55:00
TXN_002262,ACC_00376,ACC_00390,4396.98,2026-01-01T09:40:00
TXN_002263,ACC_00859,ACC_00865,1301.58,2026-01-24T21:31:00
TXN_002264,ACC_00338,ACC_00391,2765.23,2026-01-13T05:17:00
TXN_002265,ACC_00229,ACC_00206,1198.7,2026-01-25T06:47:00
TXN_002266,ACC_00082,ACC_00019,4636.97,2026-01-13T15:23:00
TXN_002267,ACC_00407,ACC_00483,4947.79,2026-01-12T07:58:00
TXN_002268,ACC_00369,ACC_00315,3246.74,2026-01-01T01:31:00
TXN_002269,ACC_00948,ACC_00942,4732.67,2026-01-04T18:55:00
TXN_002270,ACC_00834,ACC_00893,2047.63,2026-01-07T01:56:00
TXN_002271,ACC_00938,ACC_00942,3133.52,2026-01-03T14:32:00
TXN_002272,ACC_00046,ACC_00029,891.91,2026-01-13T17:29:00
TXN_002273,ACC_00069,ACC_00085,541.15,2026-01-27T13:04:00
TXN_002274,ACC_00684,ACC_00633,3175.18,2026-01-29T12:00:00
TXN_002275,ACC_00827,ACC_00857,1628.07,2026-01-11T00:59:00
TXN_002276,ACC_00375,ACC_00381,786.65,2026-01-18T23:57:00
TXN_002277,ACC_00394,ACC_00393,1849.51,2026-01-20T17:56:00
TXN_002278,ACC_00712,ACC_00764,2302.36,2026-01-09T06:15:00
TXN_002279,ACC_00225,ACC_00273,4717.34,2026-01-23T07:46:00
TXN_002280,ACC_00283,ACC_00237,1557.7,2026-01-01T22:59:00
TXN_002281,ACC_00251,ACC_00288,947.36,2026-01-28T15:54:00
TXN_002282,ACC_00210,ACC_00255,2280.57,2026-01-12T03:52:00
TXN_002283,ACC_00613,ACC_00693,695.08,2026-01-24T23:22:00
TXN_002284,ACC_00078,ACC_00013,1926.11,2026-01-18T04:44:00
TXN_002285,ACC_00102,ACC_00198,4674.04,2026-01-30T07:56:00
TXN_002286,ACC_00232,ACC_00299,1345.61,2026-01-04T19:18:00
TXN_002287,ACC_00902,ACC_00914,3683.3,2026-01-25T16:24:00
TXN_002288,ACC_00591,ACC_00511,704.76,2026-01-10T04:59:00
TXN_002289,ACC_00957,ACC_00921,1665.46,2026-01-14T23:44:00
TXN_002290,ACC_00232,ACC_00208,3463.29,2026-01-25T17:40:00
TXN_002291,ACC_00816,ACC_00803,523.05,2026-01-03T00:38:00
TXN_002292,ACC_00414,ACC_00466,717.76,2026-01-19T21:36:00
TXN_002293,ACC_00304,ACC_00330,1933.06,2026-01-20T10:32:00
TXN_002294,ACC_00584,ACC_00537,4609.24,2026-01-11T06:43:00
TXN_002295,ACC_00688,ACC_00692,2464.18,2026-01-06T02:46:00
TXN_002296,ACC_00129,ACC_00114,1792.97,2026-01-13T19:48:00
TXN_002297,ACC_00943,ACC_00916,4617.36,2026-01-17T09:45:00
TXN_002298,ACC_00106,ACC_00178,898.56,2026-01-07T21:02:00
TXN_002299,ACC_00843,ACC_00877,3400.37,2026-01-09T06:05:00
TXN_002300,ACC_00286,ACC_00288,3127.54,2026-01-14T17:23:00
TXN_002301,ACC_00445,ACC_00414,4582.01,2026-01-13T08:06:00
TXN_002302,ACC_00534,ACC_00592,3946.39,2026-01-04T11:24:00
TXN_002303,ACC_00300,ACC_00284,1608.08,2026-01-07T16:06:00
TXN_002304,ACC_00658,ACC_00693,4075.1,2026-01-22T18:34:00
TXN_002305,ACC_00174,ACC_00155,731.89,2026-01-13T16:10:00
TXN_002306,ACC_00517,ACC_00524,1769.52,2026-01-18T12:32:00
TXN_002307,ACC_00755,ACC_00762,3012.7,2026-01-19T20:08:00
TXN_002308,ACC_00518,ACC_00584,1922.09,2026-01-12T04:35:00
TXN_002309,ACC_00864,ACC_00869,2468.08,2026-01-25T07:01:00
TXN_002310,ACC_00830,ACC_00850,2909.01,2026-01-04T19:19:00
TXN_002311,ACC_00668,ACC_00674,3518.44,2026-01-10T23:34:00
TXN_002312,ACC_00347,ACC_00301,4969.59,2026-01-10T06:02:00
TXN_002313,ACC_00047,ACC_00072,4788.5,2026-01-22T13:39:00
TXN_002314,ACC_00108,ACC_00145,4245.27,2026-01-17T10:09:00
TXN_002315,ACC_00238,ACC_00259,4177.91,2026-01-07T13:26:00
TXN_002316,ACC_00854,ACC_00832,4140.83,2026-01-10T14:10:00
TXN_002317,ACC_00096,ACC_00018,4810.64,2026-01-06T08:03:00
TXN_002318,ACC_00249,ACC_00294,3483.65,2026-01-02T04:46:00
TXN_002319,ACC_00648,ACC_00607,3317.11,2026-01-05T19:47:00
TXN_002320,ACC_00162,ACC_00177,160.63,2026-01-08T04:46:00
TXN_002321,ACC_00519,ACC_00511,394.56,2026-01-12T03:39:00
TXN_002322,ACC_00954,ACC_00920,2354.13,2026-01-09T07:15:00
TXN_002323,ACC_00296,ACC_00268,2356.22,2026-01-14T15:08:00
TXN_002324,ACC_00557,ACC_00583,1440.98,2026-01-01T14:25:00
TXN_002325,ACC_00208,ACC_00283,3024.83,2026-01-02T11:04:00
TXN_002326,ACC_00265,ACC_00221,1987.99,2026-01-01T11:52:00
TXN_002327,ACC_00688,ACC_00659,3559.92,2026-01-26T05:17:00
TXN_002328,ACC_00474,ACC_00465,3549.67,2026-01-14T22:16:00
TXN_002329,ACC_00621,ACC_00635,2612.29,2026-01-05T04:25:00
TXN_002330,ACC_00296,ACC_00228,3099.03,2026-01-19T05:20:00
TXN_002331,ACC_00351,ACC_00324,3029.37,2026-01-26T10:53:00
TXN_002332,ACC_00189,ACC_00160,1572.82,2026-01-22T17:27:00
TXN_002333,ACC_00649,ACC_00622,4018.66,2026-01-03T11:42:00
TXN_002334,ACC_00625,ACC_00635,530.96,2026-01-05T22:24:00
TXN_002335,ACC_00578,ACC_00600,149.96,2026-01-16T06:25:00
TXN_002336,ACC_00421,ACC_00470,335.94,2026-01-05T20:17:00
TXN_002337,ACC_00902,ACC_00997,946.84,2026-01-15T01:38:00
TXN_002338,ACC_00382,ACC_00305,1353.15,2026-01-11T22:30:00
TXN_002339,ACC_00973,ACC_00906,4932.6,2026-01-26T15:45:00
TXN_002340,ACC_00706,ACC_00707,475.12,2026-01-15T07:36:00
TXN_002341,ACC_00402,ACC_00446,4794.11,2026-01-13T20:27:00
TXN_002342,ACC_00825,ACC_00841,3631.18,2026-01-18T18:41:00
TXN_002343,ACC_00290,ACC_00287,1663.28,2026-01-05T10:21:00
TXN_002344,ACC_00813,ACC_00865,128.19,2026-01-07T20:02:00
TXN_002345,ACC_00662,ACC_00676,1457.7,2026-01-02T16:51:00
TXN_002346,ACC_00288,ACC_00260,4427.17,2026-01-04T14:01:00
TXN_002347,ACC_00192,ACC_00130,4039.31,2026-01-10T19:32:00
TXN_002348,ACC_00299,ACC_00292,4967.15,2026-01-08T07:54:00
TXN_002349,ACC_00867,ACC_00894,3260.46,2026-01-28T16:54:00
TXN_002350,ACC_00558,ACC_00517,1461.3,2026-01-16T10:18:00
TXN_002351,ACC_00956,ACC_00906,1203.16,2026-01-18T15:23:00
TXN_002352,ACC_00978,ACC_00910,2838.84,2026-01-07T22:27:00
TXN_002353,ACC_00713,ACC_00702,3833.92,2026-01-07T11:46:00
TXN_002354,ACC_00471,ACC_00412,479.63,2026-01-23T16:56:00
TXN_002355,ACC_00522,ACC_00538,350.13,2026-01-08T08:22:00
TXN_002356,ACC_00947,ACC_00946,364.96,2026-01-05T01:27:00
TXN_002357,ACC_00734,ACC_00761,3818.1,2026-01-12T15:38:00
TXN_002358,ACC_00784,ACC_00718,4858.69,2026-01-06T15:24:00
TXN_002359,ACC_00706,ACC_00747,2010.69,2026-01-14T01:04:00
TXN_002360,ACC_00988,ACC_00917,1839.99,2026-01-21T01:30:00
TXN_002361,ACC_00941,ACC_00948,3414.18,2026-01-04T19:11:00
TXN_002362,ACC_00858,ACC_00834,3106.86,2026-01-02T22:36:00
TXN_002363,ACC_00095,ACC_00032,49.64,2026-01-26T12:32:00
TXN_002364,ACC_00138,ACC_00149,2854.97,2026-01-08T04:48:00
TXN_002365,ACC_00129,ACC_00150,3349.06,2026-01-22T00:55:00
TXN_002366,ACC_00560,ACC_00583,4501.63,2026-01-25T08:29:00
TXN_002367,ACC_00714,ACC_00711,3661.57,2026-01-09T04:54:00
TXN_002368,ACC_00699,ACC_00656,2013.59,2026-01-10T01:52:00
TXN_002369,ACC_00141,ACC_00144,2436.61,2026-01-28T12:07:00
TXN_002370,ACC_00715,ACC_00736,201.03,2026-01-21T16:31:00
TXN_002371,ACC_00261,ACC_00219,1075.22,2026-01-30T03:17:00
TXN_002372,ACC_00905,ACC_00977,321.38,2026-01-18T07:22:00
TXN_002373,ACC_00556,ACC_00561,279.85,2026-01-10T17:06:00
TXN_002374,ACC_00098,ACC_00088,1356.54,2026-01-20T05:56:00
TXN_002375,ACC_00211,ACC_00219,1376.79,2026-01-04T03:38:00
TXN_002376,ACC_00139,ACC_00192,4357.73,2026-01-21T13:04:00
TXN_002377,ACC_00828,ACC_00886,928.55,2026-01-12T19:23:00
TXN_002378,ACC_00012,ACC_00055,4817.2,2026-01-16T13:34:00
TXN_002379,ACC_00422,ACC_00426,4710.29,2026-01-16T21:30:00
TXN_002380,ACC_00761,ACC_00769,4828.29,2026-01-08T07:30:00
TXN_002381,ACC_00646,ACC_00689,1951.8,2026-01-26T22:56:00
TXN_002382,ACC_00072,ACC_00077,398.27,2026-01-10T00:52:00
TXN_002383,ACC_00979,ACC_00919,3323.67,2026-01-15T17:36:00
TXN_002384,ACC_00502,ACC_00520,4669.76,2026-01-21T20:58:00
TXN_002385,ACC_00741,ACC_00715,1321.39,2026-01-19T11:52:00
TXN_002386,ACC_00058,ACC_00017,2252.15,2026-01-29T20:49:00
TXN_002387,ACC_00913,ACC_00905,3731.08,2026-01-10T22:47:00
TXN_002388,ACC_00354,ACC_00390,3874.18,2026-01-25T20:28:00
TXN_002389,ACC_00949,ACC_00928,1056.72,2026-01-16T20:12:00
TXN_002390,ACC_00387,ACC_00374,1857.58,2026-01-01T15:41:00
TXN_002391,ACC_00503,ACC_00539,2515.41,2026-01-14T23:17:00
TXN_002392,ACC_00190,ACC_00164,4995.25,2026-01-30T12:47:00
TXN_002393,ACC_00653,ACC_00646,4142.65,2026-01-17T00:42:00
TXN_002394,ACC_00667,ACC_00698,575.77,2026-01-16T06:48:00
TXN_002395,ACC_00259,ACC_00255,892.71,2026-01-17T23:32:00
TXN_002396,ACC_00921,ACC_00970,1914.0,2026-01-20T20:05:00
TXN_002397,ACC_00682,ACC_00637,4690.13,2026-01-29T05:36:00
TXN_002398,ACC_00112,ACC_00114,3251.63,2026-01-05T01:54:00
TXN_002399,ACC_00953,ACC_00914,3752.22,2026-01-23T14:12:00
TXN_002400,ACC_00970,ACC_00913,2226.08,2026-01-29T19:58:00
TXN_002401,ACC_00905,ACC_00986,4260.01,2026-01-14T04:39:00
TXN_002402,ACC_00329,ACC_00400,2762.42,2026-01-21T16:34:00
TXN_002403,ACC_00126,ACC_00161,1759.56,2026-01-06T15:55:00
TXN_002404,ACC_00753,ACC_00783,47.95,2026-01-19T00:19:00
TXN_002405,ACC_00529,ACC_00565,1345.37,2026-01-13T21:46:00
TXN_002406,ACC_00440,ACC_00454,30.75,2026-01-11T23:50:00
TXN_002407,ACC_00605,ACC_00602,775.34,2026-01-02T04:40:00
TXN_002408,ACC_00567,ACC_00595,1594.18,2026-01-28T07:18:00
TXN_002409,ACC_00274,ACC_00256,2783.14,2026-01-12T00:08:00
TXN_002410,ACC_00625,ACC_00679,1972.66,2026-01-30T07:53:00
TXN_002411,ACC_00074,ACC_00055,4697.56,2026-01-06T20:45:00
TXN_002412,ACC_00694,ACC_00623,4521.82,2026-01-19T08:18:00
TXN_002413,ACC_00821,ACC_00856,506.89,2026-01-11T12:16:00
TXN_002414,ACC_00265,ACC_00216,2888.9,2026-01-29T17:42:00
TXN_002415,ACC_00698,ACC_00681,4188.32,2026-01-12T20:14:00
TXN_002416,ACC_00242,ACC_00227,475.39,2026-01-05T05:51:00
TXN_002417,ACC_00602,ACC_00681,773.71,2026-01-28T00:01:00
TXN_002418,ACC_00991,ACC_00970,2863.25,2026-01-04T14:02:00
TXN_002419,ACC_00096,ACC_00094,4917.24,2026-01-06T22:35:00
TXN_002420,ACC_00524,ACC_00531,4490.57,2026-01-30T16:43:00
TXN_002421,ACC_00425,ACC_00469,3634.3,2026-01-12T03:52:00
TXN_002422,ACC_00699,ACC_00634,1382.07,2026-01-03T08:31:00
TXN_002423,ACC_00281,ACC_00203,4924.14,2026-01-30T01:17:00
TXN_002424,ACC_00115,ACC_00159,622.19,2026-01-28T02:52:00
TXN_002425,ACC_00237,ACC_00234,472.96,2026-01-09T05:17:00
TXN_002426,ACC_00747,ACC_00727,512.35,2026-01-18T18:51:00
TXN_002427,ACC_00053,ACC_00010,4796.49,2026-01-23T03:24:00
TXN_002428,ACC_00127,ACC_00188,1882.52,2026-01-20T02:39:00
TXN_002429,ACC_00582,ACC_00558,907.23,2026-01-08T07:58:00
TXN_002430,ACC_00023,ACC_00085,3159.75,2026-01-26T19:38:00
TXN_002431,ACC_00016,ACC_00044,2424.72,2026-01-16T18:46:00
TXN_002432,ACC_00977,ACC_00970,800.36,2026-01-01T05:28:00
TXN_002433,ACC_00416,ACC_00425,157.48,2026-01-28T14:02:00
TXN_002434,ACC_00067,ACC_00066,1089.37,2026-01-07T22:24:00
TXN_002435,ACC_00515,ACC_00528,1644.42,2026-01-02T08:13:00
TXN_002436,ACC_00311,ACC_00394,1345.28,2026-01-06T18:15:00
TXN_002437,ACC_00726,ACC_00712,3543.34,2026-01-16T20:42:00
TXN_002438,ACC_00460,ACC_00496,2185.95,2026-01-23T13:32:00
TXN_002439,ACC_00625,ACC_00633,997.4,2026-01-08T20:55:00
TXN_002440,ACC_00451,ACC_00414,3967.83,2026-01-27T13:29:00
TXN_002441,ACC_00940,ACC_00922,4769.27,2026-01-10T08:49:00
TXN_002442,ACC_00756,ACC_00758,2985.69,2026-01-20T06:50:00
TXN_002443,ACC_00441,ACC_00480,3040.41,2026-01-05T21:28:00
TXN_002444,ACC_00626,ACC_00673,1876.06,2026-01-17T01:28:00
TXN_002445,ACC_00158,ACC_00122,4790.91,2026-01-02T12:52:00
TXN_002446,ACC_00476,ACC_00453,3023.37,2026-01-14T08:33:00
TXN_002447,ACC_00846,ACC_00851,582.1,2026-01-02T08:42:00
TXN_002448,ACC_00555,ACC_00524,1234.14,2026-01-17T06:45:00
TXN_002449,ACC_00385,ACC_00348,733.75,2026-01-17T22:17:00
TXN_002450,ACC_00516,ACC_00502,3444.58,2026-01-15T11:59:00
TXN_002451,ACC_00528,ACC_00560,3978.24,2026-01-26T19:49:00
TXN_002452,ACC_00372,ACC_00309,1425.24,2026-01-18T13:10:00
TXN_002453,ACC_00368,ACC_00328,2809.18,2026-01-05T16:24:00
TXN_002454,ACC_00986,ACC_00910,4464.39,2026-01-27T02:54:00
TXN_002455,ACC_00688,ACC_00697,1595.74,2026-01-20T19:21:00
TXN_002456,ACC_00526,ACC_00507,2498.27,2026-01-23T11:30:00
TXN_002457,ACC_00454,ACC_00416,2269.4,2026-01-06T15:32:00
TXN_002458,ACC_00942,ACC_00976,1189.75,2026-01-18T10:10:00
TXN_002459,ACC_00037,ACC_00003,3918.7,2026-01-30T07:03:00
TXN_002460,ACC_00901,ACC_00960,663.98,2026-01-13T22:36:00
TXN_002461,ACC_00605,ACC_00669,205.21,2026-01-25T00:11:00
TXN_002462,ACC_00009,ACC_00061,4150.95,2026-01-05T07:53:00
TXN_002463,ACC_00693,ACC_00639,1592.78,2026-01-13T12:01:00
TXN_002464,ACC_00552,ACC_00511,3875.32,2026-01-26T07:47:00
TXN_002465,ACC_00779,ACC_00707,1499.23,2026-01-18T21:37:00
TXN_002466,ACC_00764,ACC_00783,4216.95,2026-01-06T12:36:00
TXN_002467,ACC_00914,ACC_00904,248.69,2026-01-11T04:41:00
TXN_002468,ACC_00018,ACC_00014,4308.33,2026-01-15T16:38:00
TXN_002469,ACC_00629,ACC_00622,963.89,2026-01-05T00:08:00
TXN_002470,ACC_00569,ACC_00501,1305.84,2026-01-03T09:20:00
TXN_002471,ACC_00015,ACC_00007,384.46,2026-01-14T20:21:00
TXN_002472,ACC_00589,ACC_00579,1356.86,2026-01-18T06:34:00
TXN_002473,ACC_00218,ACC_00275,608.31,2026-01-21T23:12:00
TXN_002474,ACC_00519,ACC_00597,4440.11,2026-01-27T14:01:00
TXN_002475,ACC_00682,ACC_00658,2613.6,2026-01-06T13:39:00
TXN_002476,ACC_00374,ACC_00362,4881.98,2026-01-23T07:19:00
TXN_002477,ACC_00599,ACC_00594,1136.89,2026-01-22T23:14:00
TXN_002478,ACC_00499,ACC_00438,1771.52,2026-01-04T18:26:00
TXN_002479,ACC_00385,ACC_00383,3477.88,2026-01-10T08:53:00
TXN_002480,ACC_00164,ACC_00108,75.51,2026-01-10T16:04:00
TXN_002481,ACC_00360,ACC_00350,2443.35,2026-01-09T13:15:00
TXN_002482,ACC_00527,ACC_00576,2574.5,2026-01-25T00:19:00
TXN_002483,ACC_00598,ACC_00540,3279.89,2026-01-21T15:54:00
TXN_002484,ACC_00814,ACC_00817,4584.32,2026-01-10T22:58:00
TXN_002485,ACC_00658,ACC_00680,1023.07,2026-01-24T08:50:00
TXN_002486,ACC_00625,ACC_00609,2121.24,2026-01-13T15:28:00
TXN_002487,ACC_00474,ACC_00483,744.98,2026-01-05T15:28:00
TXN_002488,ACC_00196,ACC_00115,92.77,2026-01-11T22:45:00
TXN_002489,ACC_00724,ACC_00735,2386.44,2026-01-02T07:13:00
TXN_002490,ACC_00858,ACC_00846,600.45,2026-01-13T02:04:00
TXN_002491,ACC_00811,ACC_00846,1068.21,2026-01-20T15:17:00
TXN_002492,ACC_00665,ACC_00656,1675.36,2026-01-24T02:47:00
TXN_002493,ACC_00735,ACC_00748,255.18,2026-01-05T10:50:00
TXN_002494,ACC_00694,ACC_00655,1477.09,2026-01-09T19:49:00
TXN_002495,ACC_00623,ACC_00677,2652.52,2026-01-13T13:23:00
TXN_002496,ACC_00767,ACC_00756,3408.99,2026-01-05T23:15:00
TXN_002497,ACC_00315,ACC_00329,275.16,2026-01-06T05:48:00
TXN_002498,ACC_00074,ACC_00035,338.58,2026-01-11T20:47:00
TXN_002499,ACC_00136,ACC_00129,3500.57,2026-01-29T05:26:00
TXN_002500,ACC_00651,ACC_00613,3672.28,2026-01-11T00:10:00
TXN_002501,ACC_00464,ACC_00427,3930.78,2026-01-08T18:48:00
TXN_002502,ACC_00582,ACC_00537,1447.01,2026-01-28T03:19:00
TXN_002503,ACC_00013,ACC_00024,4539.83,2026-01-23T21:40:00
TXN_002504,ACC_00962,ACC_00995,4264.29,2026-01-14T21:29:00
TXN_002505,ACC_00322,ACC_00341,841.56,2026-01-04T03:51:00
TXN_002506,ACC_00559,ACC_00519,3333.5,2026-01-01T13:54:00
TXN_002507,ACC_00643,ACC_00603,4872.11,2026-01-09T01:53:00
TXN_002508,ACC_00122,ACC_00187,2974.09,2026-01-01T10:37:00
TXN_002509,ACC_00775,ACC_00701,4367.36,2026-01-23T05:21:00
TXN_002510,ACC_00715,ACC_00706,2840.66,2026-01-01T18:59:00
TXN_002511,ACC_00430,ACC_00468,844.85,2026-01-23T21:34:00
TXN_002512,ACC_00300,ACC_00213,1529.97,2026-01-05T13:13:00
TXN_002513,ACC_00558,ACC_00563,4949.07,2026-01-16T23:08:00
TXN_002514,ACC_00485,ACC_00463,1827.8,2026-01-12T12:55:00
TXN_002515,ACC_00046,ACC_00039,4457.95,2026-01-16T04:31:00
TXN_002516,ACC_00962,ACC_00915,3432.06,2026-01-13T06:50:00
TXN_002517,ACC_00019,ACC_00053,3300.24,2026-01-11T00:34:00
TXN_002518,ACC_00246,ACC_00264,1229.4,2026-01-02T09:45:00
TXN_002519,ACC_00647,ACC_00627,977.27,2026-01-05T01:30:00
TXN_002520,ACC_00682,ACC_00614,4386.95,2026-01-13T11:11:00
TXN_002521,ACC_00858,ACC_00868,1333.89,2026-01-08T23:05:00
TXN_002522,ACC_00543,ACC_00551,2092.3,2026-01-27T19:30:00
TXN_002523,ACC_00440,ACC_00425,2901.79,2026-01-02T20:53:00
TXN_002524,ACC_00579,ACC_00516,3978.71,2026-01-20T17:27:00
TXN_002525,ACC_00945,ACC_00937,4847.65,2026-01-06T00:21:00
TXN_002526,ACC_00788,ACC_00719,3407.81,2026-01-22T05:20:00
TXN_002527,ACC_00838,ACC_00880,3324.96,2026-01-26T09:38:00
TXN_002528,ACC_00463,ACC_00437,4000.93,2026-01-03T22:34:00
TXN_002529,ACC_00059,ACC_00006,1422.26,2026-01-10T21:22:00
TXN_002530,ACC_00916,ACC_00907,1536.05,2026-01-23T05:25:00
TXN_002531,ACC_00646,ACC_00685,259.01,2026-01-01T00:42:00
TXN_002532,ACC_00245,ACC_00237,3329.98,2026-01-23T20:18:00
TXN_002533,ACC_00820,ACC_00812,721.79,2026-01-13T07:38:00
TXN_002534,ACC_00356,ACC_00375,1461.1,2026-01-04T16:09:00
TXN_002535,ACC_00061,ACC_00046,4060.43,2026-01-12T07:40:00
TXN_002536,ACC_00655,ACC_00652,4466.24,2026-01-05T11:11:00
TXN_002537,ACC_00477,ACC_00440,2823.9,2026-01-08T21:17:00
TXN_002538,ACC_00575,ACC_00518,1257.6,2026-01-10T01:54:00
TXN_002539,ACC_00671,ACC_00626,1531.93,2026-01-14T16:50:00
TXN_002540,ACC_00473,ACC_00481,2733.7,2026-01-21T23:42:00
TXN_002541,ACC_00656,ACC_00613,2637.59,2026-01-07T07:23:00
TXN_002542,ACC_00565,ACC_00588,2347.21,2026-01-17T06:32:00
TXN_002543,ACC_00660,ACC_00654,2311.81,2026-01-19T16:06:00
TXN_002544,ACC_00804,ACC_00899,451.26,2026-01-20T03:45:00
TXN_002545,ACC_00279,ACC_00239,2905.81,2026-01-12T01:02:00
TXN_002546,ACC_00517,ACC_00580,4500.56,2026-01-25T17:23:00
TXN_002547,ACC_00407,ACC_00497,638.42,2026-01-18T20:53:00
TXN_002548,ACC_00060,ACC_00098,2306.5,2026-01-24T13:48:00
TXN_002549,ACC_00011,ACC_00008,4151.17,2026-01-13T07:06:00
TXN_002550,ACC_00143,ACC_00177,4111.48,2026-01-05T10:23:00
TXN_002551,ACC_00962,ACC_00989,4322.93,2026-01-16T01:52:00
TXN_002552,ACC_00195,ACC_00175,3699.42,2026-01-24T05:57:00
TXN_002553,ACC_00090,ACC_00027,729.32,2026-01-24T11:53:00
TXN_002554,ACC_00718,ACC_00729,4262.76,2026-01-30T02:41:00
TXN_002555,ACC_00481,ACC_00440,4030.03,2026-01-01T07:02:00
TXN_002556,ACC_00989,ACC_00926,345.04,2026-01-06T05:17:00
TXN_002557,ACC_00278,ACC_00216,493.35,2026-01-24T15:47:00
TXN_002558,ACC_00314,ACC_00361,4165.3,2026-01-02T02:55:00
TXN_002559,ACC_00751,ACC_00708,1506.62,2026-01-06T13:03:00
TXN_002560,ACC_00724,ACC_00731,1308.75,2026-01-25T21:09:00
TXN_002561,ACC_00988,ACC_00957,3089.62,2026-01-30T22:53:00
TXN_002562,ACC_00619,ACC_00682,932.19,2026-01-01T23:39:00
TXN_002563,ACC_00322,ACC_00366,1009.75,2026-01-25T21:07:00
TXN_002564,ACC_00738,ACC_00786,4795.87,2026-01-05T13:14:00
TXN_002565,ACC_00748,ACC_00786,1962.03,2026-01-13T12:34:00
TXN_002566,ACC_00160,ACC_00154,749.35,2026-01-20T08:01:00
TXN_002567,ACC_00459,ACC_00416,1953.25,2026-01-26T16:16:00
TXN_002568,ACC_00939,ACC_00905,3255.61,2026-01-30T08:37:00
TXN_002569,ACC_00957,ACC_00906,4814.35,2026-01-17T03:27:00
TXN_002570,ACC_00793,ACC_00759,55.51,2026-01-13T14:27:00
TXN_002571,ACC_00246,ACC_00265,1061.79,2026-01-23T21:38:00
TXN_002572,ACC_00850,ACC_00866,880.74,2026-01-03T20:33:00
TXN_002573,ACC_00246,ACC_00284,1703.06,2026-01-26T15:06:00
TXN_002574,ACC_00236,ACC_00298,1521.62,2026-01-30T23:11:00
TXN_002575,ACC_00609,ACC_00683,1888.85,2026-01-23T00:22:00
TXN_002576,ACC_00778,ACC_00785,2884.43,2026-01-09T05:01:00
TXN_002577,ACC_00900,ACC_00885,1303.54,2026-01-24T21:54:00
TXN_002578,ACC_00576,ACC_00575,2926.62,2026-01-16T20:12:00
TXN_002579,ACC_00609,ACC_00606,4261.64,2026-01-02T08:14:00
TXN_002580,ACC_00230,ACC_00213,2502.18,2026-01-05T20:01:00
TXN_002581,ACC_00742,ACC_00798,4906.83,2026-01-11T12:53:00
TXN_002582,ACC_00314,ACC_00323,3781.51,2026-01-18T11:31:00
TXN_002583,ACC_00609,ACC_00608,1259.91,2026-01-28T20:21:00
TXN_002584,ACC_00096,ACC_00010,3819.13,2026-01-21T02:16:00
TXN_002585,ACC_00981,ACC_00904,1612.58,2026-01-08T22:07:00
TXN_002586,ACC_00749,ACC_00718,2873.16,2026-01-30T00:12:00
TXN_002587,ACC_00326,ACC_00333,2193.2,2026-01-23T08:24:00
TXN_002588,ACC_00429,ACC_00426,2175.97,2026-01-08T09:02:00
TXN_002589,ACC_00825,ACC_00812,130.97,2026-01-27T11:49:00
TXN_002590,ACC_00127,ACC_00105,4467.52,2026-01-07T09:31:00
TXN_002591,ACC_00600,ACC_00553,2737.44,2026-01-26T20:43:00
TXN_002592,ACC_00144,ACC_00124,2645.49,2026-01-30T05:29:00
TXN_002593,ACC_00327,ACC_00374,2509.24,2026-01-22T13:26:00
TXN_002594,ACC_00580,ACC_00572,4009.96,2026-01-07T06:35:00
TXN_002595,ACC_00755,ACC_00781,4371.14,2026-01-18T02:49:00
TXN_002596,ACC_00911,ACC_00917,1498.15,2026-01-24T12:58:00
TXN_002597,ACC_00164,ACC_00130,3011.43,2026-01-03T08:13:00
TXN_002598,ACC_00503,ACC_00529,4612.14,2026-01-14T04:38:00
TXN_002599,ACC_00450,ACC_00491,349.08,2026-01-17T06:55:00
TXN_002600,ACC_00237,ACC_00210,2881.03,2026-01-25T07:43:00
TXN_002601,ACC_00879,ACC_00865,2002.11,2026-01-15T05:02:00
TXN_002602,ACC_00070,ACC_00090,2918.03,2026-01-06T01:06:00
TXN_002603,ACC_00484,ACC_00404,1696.85,2026-01-02T11:15:00
TXN_002604,ACC_00426,ACC_00443,705.05,2026-01-03T16:52:00
TXN_002605,ACC_00894,ACC_00843,1185.73,2026-01-03T20:04:00
TXN_002606,ACC_00173,ACC_00179,1735.77,2026-01-02T14:37:00
TXN_002607,ACC_00154,ACC_00177,4647.52,2026-01-28T20:56:00
TXN_002608,ACC_00862,ACC_00817,3619.42,2026-01-13T07:28:00
TXN_002609,ACC_00105,ACC_00164,1133.97,2026-01-24T02:26:00
TXN_002610,ACC_00556,ACC_00562,3909.89,2026-01-14T19:24:00
TXN_002611,ACC_00303,ACC_00308,3870.33,2026-01-02T04:47:00
TXN_002612,ACC_00369,ACC_00378,3412.89,2026-01-18T06:23:00
TXN_002613,ACC_00071,ACC_00062,1941.75,2026-01-03T08:57:00
TXN_002614,ACC_00690,ACC_00617,3509.68,2026-01-20T13:22:00
TXN_002615,ACC_00818,ACC_00815,598.78,2026-01-20T22:21:00
TXN_002616,ACC_00948,ACC_00946,1722.2,2026-01-09T19:30:00
TXN_002617,ACC_00031,ACC_00030,2947.2,2026-01-05T04:28:00
TXN_002618,ACC_00353,ACC_00396,2844.56,2026-01-25T09:41:00
TXN_002619,ACC_00093,ACC_00032,392.29,2026-01-03T14:07:00
TXN_002620,ACC_00257,ACC_00224,228.16,2026-01-13T20:40:00
TXN_002621,ACC_00578,ACC_00584,4990.46,2026-01-12T02:46:00
TXN_002622,ACC_00278,ACC_00251,3291.34,2026-01-22T18:52:00
TXN_002623,ACC_00110,ACC_00133,1037.25,2026-01-25T17:48:00
TXN_002624,ACC_00529,ACC_00557,4707.72,2026-01-14T18:38:00
TXN_002625,ACC_00838,ACC_00884,2638.95,2026-01-12T02:44:00
TXN_002626,ACC_00441,ACC_00490,2522.19,2026-01-25T15:22:00
TXN_002627,ACC_00045,ACC_00053,2436.18,2026-01-29T07:14:00
TXN_002628,ACC_00127,ACC_00118,1160.37,2026-01-24T17:03:00
TXN_002629,ACC_00827,ACC_00816,3627.3,2026-01-17T22:44:00
TXN_002630,ACC_00205,ACC_00231,3253.04,2026-01-21T00:54:00
TXN_002631,ACC_00715,ACC_00703,4183.26,2026-01-23T16:56:00
TXN_002632,ACC_00436,ACC_00476,1509.06,2026-01-18T11:37:00
TXN_002633,ACC_00108,ACC_00136,1925.84,2026-01-28T18:00:00
TXN_002634,ACC_00049,ACC_00050,231.63,2026-01-21T04:59:00
TXN_002635,ACC_00349,ACC_00324,2667.13,2026-01-20T14:51:00
TXN_002636,ACC_00405,ACC_00470,4686.75,2026-01-16T19:53:00
TXN_002637,ACC_00997,ACC_00944,4053.12,2026-01-12T22:45:00
TXN_002638,ACC_00928,ACC_00997,1711.31,2026-01-02T05:52:00
TXN_002639,ACC_00956,ACC_00955,4038.91,2026-01-03T14:23:00
TXN_002640,ACC_00850,ACC_00893,4293.99,2026-01-14T01:56:00
TXN_002641,ACC_00860,ACC_00855,3598.91,2026-01-27T01:26:00
TXN_002642,ACC_00834,ACC_00821,2341.99,2026-01-18T08:28:00
TXN_002643,ACC_00317,ACC_00302,3999.95,2026-01-13T18:35:00
TXN_002644,ACC_00411,ACC_00432,1486.17,2026-01-25T16:53:00
TXN_002645,ACC_00951,ACC_00905,1378.61,2026-01-29T00:20:00
TXN_002646,ACC_00485,ACC_00433,4053.19,2026-01-30T17:17:00
TXN_002647,ACC_00902,ACC_00916,2846.52,2026-01-14T23:12:00
TXN_002648,ACC_00534,ACC_00523,2318.99,2026-01-21T04:45:00
TXN_002649,ACC_00702,ACC_00760,4829.77,2026-01-02T16:25:00
TXN_002650,ACC_00782,ACC_00772,2048.97,2026-01-10T21:56:00
TXN_002651,ACC_00911,ACC_00936,2761.72,2026-01-28T18:38:00
TXN_002652,ACC_00157,ACC_00124,3832.22,2026-01-12T17:48:00
TXN_002653,ACC_00434,ACC_00464,1144.82,2026-01-06T18:57:00
TXN_002654,ACC_00219,ACC_00280,257.4,2026-01-30T20:30:00
TXN_002655,ACC_00184,ACC_00105,3425.36,2026-01-09T09:15:00
TXN_002656,ACC_00775,ACC_00741,2771.5,2026-01-02T21:49:00
TXN_002657,ACC_00308,ACC_00392,4876.66,2026-01-12T18:57:00
TXN_002658,ACC_00087,ACC_00046,3594.41,2026-01-25T14:18:00
TXN_002659,ACC_00931,ACC_00945,396.62,2026-01-05T23:14:00
TXN_002660,ACC_00715,ACC_00766,1192.52,2026-01-04T12:35:00
TXN_002661,ACC_00574,ACC_00548,366.25,2026-01-19T22:20:00
TXN_002662,ACC_00637,ACC_00619,1639.44,2026-01-02T02:58:00
TXN_002663,ACC_00543,ACC_00553,1879.83,2026-01-30T16:08:00
TXN_002664,ACC_00480,ACC_00404,1847.83,2026-01-08T07:06:00
TXN_002665,ACC_00420,ACC_00476,540.1,2026-01-02T03:53:00
TXN_002666,ACC_00341,ACC_00366,3919.5,2026-01-24T03:04:00
TXN_002667,ACC_00528,ACC_00549,172.67,2026-01-27T12:26:00
TXN_002668,ACC_00249,ACC_00298,401.44,2026-01-30T13:06:00
TXN_002669,ACC_00129,ACC_00173,4989.09,2026-01-23T21:57:00
TXN_002670,ACC_00894,ACC_00854,3667.9,2026-01-25T12:41:00
TXN_002671,ACC_00807,ACC_00878,3299.4,2026-01-22T11:54:00
TXN_002672,ACC_00857,ACC_00841,983.17,2026-01-13T06:01:00
TXN_002673,ACC_00938,ACC_00932,1222.94,2026-01-15T23:00:00
TXN_002674,ACC_00530,ACC_00559,3743.46,2026-01-15T07:51:00
TXN_002675,ACC_00189,ACC_00131,3666.66,2026-01-21T06:04:00
TXN_002676,ACC_00647,ACC_00611,2806.68,2026-01-17T00:27:00
TXN_002677,ACC_00147,ACC_00184,3030.04,2026-01-23T00:49:00
TXN_002678,ACC_00754,ACC_00730,4140.83,2026-01-26T21:52:00
TXN_002679,ACC_00269,ACC_00232,3373.78,2026-01-19T13:13:00
TXN_002680,ACC_00278,ACC_00234,1714.44,2026-01-14T01:21:00
TXN_002681,ACC_00111,ACC_00153,2530.08,2026-01-20T03:52:00
TXN_002682,ACC_00274,ACC_00264,4408.39,2026-01-29T19:00:00
TXN_002683,ACC_00324,ACC_00359,842.19,2026-01-01T16:56:00
TXN_002684,ACC_00634,ACC_00698,3559.8,2026-01-26T05:44:00
TXN_002685,ACC_00796,ACC_00713,4348.6,2026-01-06T18:03:00
TXN_002686,ACC_00604,ACC_00689,4949.77,2026-01-08T14:20:00
TXN_002687,ACC_00266,ACC_00268,4522.26,2026-01-18T15:55:00
TXN_002688,ACC_00517,ACC_00552,1214.76,2026-01-26T08:19:00
TXN_002689,ACC_00416,ACC_00444,2961.48,2026-01-16T07:42:00
TXN_002690,ACC_00914,ACC_00993,378.03,2026-01-03T01:24:00
TXN_002691,ACC_00558,ACC_00553,2254.27,2026-01-29T17:02:00
TXN_002692,ACC_00638,ACC_00697,3503.57,2026-01-22T17:07:00
TXN_002693,ACC_00293,ACC_00299,4582.55,2026-01-27T19:57:00
TXN_002694,ACC_00811,ACC_00820,2971.83,2026-01-01T08:30:00
TXN_002695,ACC_00587,ACC_00584,1903.08,2026-01-21T15:22:00
TXN_002696,ACC_00723,ACC_00766,1403.7,2026-01-27T18:20:00
TXN_002697,ACC_00130,ACC_00139,1712.17,2026-01-23T10:48:00
TXN_002698,ACC_00967,ACC_00968,2546.06,2026-01-27T09:19:00
TXN_002699,ACC_00637,ACC_00642,1599.71,2026-01-18T11:30:00
TXN_002700,ACC_00219,ACC_00206,2158.38,2026-01-10T14:07:00
TXN_002701,ACC_00474,ACC_00479,506.34,2026-01-15T07:22:00
TXN_002702,ACC_00422,ACC_00416,1376.5,2026-01-14T02:24:00
TXN_002703,ACC_00729,ACC_00722,4696.63,2026-01-14T03:05:00
TXN_002704,ACC_00478,ACC_00497,4623.33,2026-01-05T19:54:00
TXN_002705,ACC_00419,ACC_00413,2765.3,2026-01-10T09:55:00
TXN_002706,ACC_00897,ACC_00822,2995.97,2026-01-02T05:52:00
TXN_002707,ACC_00070,ACC_00069,43.26,2026-01-09T21:08:00
TXN_002708,ACC_00048,ACC_00027,4709.61,2026-01-13T19:50:00
TXN_002709,ACC_00955,ACC_00994,2609.26,2026-01-21T05:52:00
TXN_002710,ACC_00738,ACC_00715,2227.58,2026-01-06T11:00:00
TXN_002711,ACC_00664,ACC_00634,4323.87,2026-01-04T22:52:00
TXN_002712,ACC_00494,ACC_00486,4842.51,2026-01-06T07:12:00
TXN_002713,ACC_00196,ACC_00129,1642.31,2026-01-04T09:12:00
TXN_002714,ACC_00843,ACC_00836,3156.81,2026-01-21T15:18:00
TXN_002715,ACC_00887,ACC_00900,3536.98,2026-01-04T08:55:00
TXN_002716,ACC_00505,ACC_00556,4662.52,2026-01-05T13:42:00
TXN_002717,ACC_00841,ACC_00825,3309.04,2026-01-26T09:40:00
TXN_002718,ACC_00082,ACC_00081,1237.11,2026-01-01T08:42:00
TXN_002719,ACC_00949,ACC_00929,1333.78,2026-01-09T21:43:00
TXN_002720,ACC_00263,ACC_00224,1420.17,2026-01-23T14:33:00
TXN_002721,ACC_00382,ACC_00312,4287.21,2026-01-24T11:56:00
TXN_002722,ACC_00301,ACC_00356,2458.55,2026-01-04T01:28:00
TXN_002723,ACC_00927,ACC_00991,203.68,2026-01-09T02:32:00
TXN_002724,ACC_00479,ACC_00449,2923.66,2026-01-29T17:14:00
TXN_002725,ACC_00562,ACC_00568,4772.13,2026-01-30T21:33:00
TXN_002726,ACC_00430,ACC_00438,2456.21,2026-01-23T01:48:00
TXN_002727,ACC_00677,ACC_00646,2409.99,2026-01-25T17:33:00
TXN_002728,ACC_00129,ACC_00115,2103.77,2026-01-14T01:46:00
TXN_002729,ACC_00742,ACC_00732,587.94,2026-01-20T08:03:00
TXN_002730,ACC_00741,ACC_00785,1744.42,2026-01-06T04:00:00
TXN_002731,ACC_00691,ACC_00617,4202.2,2026-01-23T00:22:00
TXN_002732,ACC_00777,ACC_00753,154.52,2026-01-11T16:31:00
TXN_002733,ACC_00465,ACC_00428,313.41,2026-01-19T14:44:00
TXN_002734,ACC_00534,ACC_00587,2062.03,2026-01-15T10:55:00
TXN_002735,ACC_00755,ACC_00752,4562.72,2026-01-12T20:45:00
TXN_002736,ACC_00463,ACC_00494,1705.81,2026-01-10T23:08:00
TXN_002737,ACC_00040,ACC_00058,1114.34,2026-01-19T15:37:00
TXN_002738,ACC_00269,ACC_00227,560.47,2026-01-29T10:58:00
TXN_002739,ACC_00979,ACC_00943,3028.76,2026-01-06T21:08:00
TXN_002740,ACC_00093,ACC_00003,460.36,2026-01-18T06:10:00
TXN_002741,ACC_00546,ACC_00599,326.69,2026-01-26T03:54:00
TXN_002742,ACC_00067,ACC_00027,2682.01,2026-01-17T11:30:00
TXN_002743,ACC_00269,ACC_00251,1458.04,2026-01-11T10:29:00
TXN_002744,ACC_00248,ACC_00243,1085.92,2026-01-19T19:32:00
TXN_002745,ACC_00302,ACC_00305,3778.06,2026-01-01T21:52:00
TXN_002746,ACC_00814,ACC_00865,3958.8,2026-01-19T02:39:00
TXN_002747,ACC_00021,ACC_00037,130.98,2026-01-14T17:16:00
TXN_002748,ACC_00305,ACC_00335,4066.85,2026-01-06T15:03:00
TXN_002749,ACC_00684,ACC_00652,4093.3,2026-01-06T23:17:00
TXN_002750,ACC_00411,ACC_00410,2527.5,2026-01-04T08:42:00
TXN_002751,ACC_00603,ACC_00602,3028.31,2026-01-25T15:40:00
TXN_002752,ACC_00213,ACC_00295,3965.17,2026-01-27T18:27:00
TXN_002753,ACC_00378,ACC_00340,2131.51,2026-01-15T17:35:00
TXN_002754,ACC_00039,ACC_00036,1021.31,2026-01-21T21:14:00
TXN_002755,ACC_00484,ACC_00474,1889.14,2026-01-22T10:53:00
TXN_002756,ACC_00612,ACC_00629,2809.37,2026-01-19T11:49:00
TXN_002757,ACC_00737,ACC_00790,2537.9,2026-01-25T06:24:00
TXN_002758,ACC_00603,ACC_00664,4757.77,2026-01-18T21:57:00
TXN_002759,ACC_00892,ACC_00814,1128.06,2026-01-21T13:59:00
TXN_002760,ACC_00051,ACC_00099,2240.96,2026-01-11T13:31:00
TXN_002761,ACC_00773,ACC_00714,1559.94,2026-01-30T06:07:00
TXN_002762,ACC_00281,ACC_00211,2808.82,2026-01-05T08:11:00
TXN_002763,ACC_00363,ACC_00376,428.61,2026-01-12T09:01:00
TXN_002764,ACC_00679,ACC_00661,3617.93,2026-01-24T19:41:00
TXN_002765,ACC_00998,ACC_00930,3839.37,2026-01-03T16:22:00
TXN_002766,ACC_00453,ACC_00440,4173.27,2026-01-16T09:02:00
TXN_002767,ACC_00042,ACC_00089,2997.66,2026-01-26T17:28:00
TXN_002768,ACC_00035,ACC_00089,3777.64,2026-01-10T12:31:00
TXN_002769,ACC_00770,ACC_00764,4797.78,2026-01-15T05:53:00
TXN_002770,ACC_00342,ACC_00360,2577.01,2026-01-22T23:33:00
TXN_002771,ACC_00114,ACC_00155,1884.67,2026-01-04T12:39:00
TXN_002772,ACC_00021,ACC_00067,839.32,2026-01-06T12:41:00
TXN_002773,ACC_00715,ACC_00705,2480.97,2026-01-20T07:19:00
TXN_002774,ACC_00863,ACC_00818,2096.56,2026-01-25T21:33:00
TXN_002775,ACC_00038,ACC_00016,4978.76,2026-01-20T19:39:00
TXN_002776,ACC_00467,ACC_00442,4448.83,2026-01-28T23:51:00
TXN_002777,ACC_00984,ACC_00922,1458.08,2026-01-07T10:34:00
TXN_002778,ACC_00379,ACC_00392,2601.71,2026-01-17T21:30:00
TXN_002779,ACC_00461,ACC_00460,4681.65,2026-01-10T14:03:00
TXN_002780,ACC_00222,ACC_00268,59.01,2026-01-22T13:35:00
TXN_002781,ACC_00623,ACC_00620,344.57,2026-01-22T09:54:00
TXN_002782,ACC_00040,ACC_00090,1004.35,2026-01-09T12:59:00
TXN_002783,ACC_00169,ACC_00159,482.63,2026-01-16T01:34:00
TXN_002784,ACC_00960,ACC_00977,343.19,2026-01-08T02:53:00
TXN_002785,ACC_00829,ACC_00845,80.51,2026-01-29T14:50:00
TXN_002786,ACC_00336,ACC_00337,2926.5,2026-01-20T09:29:00
TXN_002787,ACC_00448,ACC_00480,4672.2,2026-01-19T08:28:00
TXN_002788,ACC_00870,ACC_00883,396.61,2026-01-10T05:16:00
TXN_002789,ACC_00214,ACC_00294,1407.13,2026-01-10T20:24:00
TXN_002790,ACC_00473,ACC_00414,3986.45,2026-01-06T18:23:00
TXN_002791,ACC_00983,ACC_00999,1657.5,2026-01-18T10:16:00
TXN_002792,ACC_00978,ACC_00936,3345.8,2026-01-29T00:42:00
TXN_002793,ACC_00727,ACC_00722,3918.99,2026-01-01T02:55:00
TXN_002794,ACC_00312,ACC_00379,725.23,2026-01-07T16:00:00
TXN_002795,ACC_00701,ACC_00742,4480.81,2026-01-04T12:57:00
TXN_002796,ACC_00018,ACC_00066,2132.77,2026-01-21T00:15:00
TXN_002797,ACC_00742,ACC_00739,3802.44,2026-01-23T18:32:00
TXN_002798,ACC_00372,ACC_00351,3871.86,2026-01-18T04:07:00
TXN_002799,ACC_00746,ACC_00740,1591.69,2026-01-24T18:08:00
TXN_002800,ACC_00178,ACC_00128,4727.99,2026-01-08T13:26:00
TXN_002801,ACC_00492,ACC_00419,2806.82,2026-01-20T21:35:00
TXN_002802,ACC_00789,ACC_00733,2793.95,2026-01-06T11:20:00
TXN_002803,ACC_00684,ACC_00645,136.22,2026-01-09T02:26:00
TXN_002804,ACC_00560,ACC_00599,3645.17,2026-01-16T17:54:00
TXN_002805,ACC_00379,ACC_00372,1918.46,2026-01-09T16:36:00
TXN_002806,ACC_00296,ACC_00202,2215.98,2026-01-09T21:54:00
TXN_002807,ACC_00825,ACC_00801,1558.85,2026-01-27T16:16:00
TXN_002808,ACC_00148,ACC_00133,4608.6,2026-01-23T21:11:00
TXN_002809,ACC_00935,ACC_00905,1382.01,2026-01-30T10:56:00
TXN_002810,ACC_00751,ACC_00706,1378.13,2026-01-12T12:23:00
TXN_002811,ACC_00074,ACC_00004,4986.19,2026-01-22T10:14:00
TXN_002812,ACC_00763,ACC_00723,3752.18,2026-01-22T13:07:00
TXN_002813,ACC_00814,ACC_00805,153.9,2026-01-17T19:37:00
TXN_002814,ACC_00291,ACC_00295,4355.86,2026-01-09T01:13:00
TXN_002815,ACC_00211,ACC_00254,289.68,2026-01-06T10:26:00
TXN_002816,ACC_00041,ACC_00013,1394.62,2026-01-25T18:17:00
TXN_002817,ACC_00384,ACC_00379,1670.0,2026-01-01T18:12:00
TXN_002818,ACC_00591,ACC_00522,3613.46,2026-01-27T16:59:00
TXN_002819,ACC_00567,ACC_00502,2087.73,2026-01-19T08:22:00
TXN_002820,ACC_00009,ACC_00025,746.09,2026-01-23T19:47:00
TXN_002821,ACC_00411,ACC_00423,232.1,2026-01-21T04:18:00
TXN_002822,ACC_00926,ACC_00989,2052.17,2026-01-24T00:06:00
TXN_002823,ACC_00040,ACC_00036,1759.92,2026-01-26T12:16:00
TXN_002824,ACC_00560,ACC_00573,2835.28,2026-01-04T22:02:00
TXN_002825,ACC_00712,ACC_00715,920.68,2026-01-05T02:55:00
TXN_002826,ACC_00124,ACC_00141,3136.86,2026-01-27T21:41:00
TXN_002827,ACC_00099,ACC_00022,1095.45,2026-01-01T11:24:00
TXN_002828,ACC_00559,ACC_00511,1545.83,2026-01-12T05:29:00
TXN_002829,ACC_00396,ACC_00397,1559.33,2026-01-07T00:58:00
TXN_002830,ACC_00691,ACC_00637,1402.03,2026-01-09T02:25:00
TXN_002831,ACC_00941,ACC_00953,4178.02,2026-01-11T06:48:00
TXN_002832,ACC_00426,ACC_00423,1304.18,2026-01-14T10:08:00
TXN_002833,ACC_00734,ACC_00712,1782.21,2026-01-23T07:05:00
TXN_002834,ACC_00545,ACC_00599,2619.98,2026-01-30T05:02:00
TXN_002835,ACC_00205,ACC_00275,786.96,2026-01-18T13:15:00
TXN_002836,ACC_00927,ACC_00990,1741.14,2026-01-20T17:53:00
TXN_002837,ACC_00427,ACC_00444,2762.54,2026-01-23T22:14:00
TXN_002838,ACC_00412,ACC_00466,1298.49,2026-01-10T14:09:00
TXN_002839,ACC_00734,ACC_00705,2589.98,2026-01-06T05:56:00
TXN_002840,ACC_00261,ACC_00218,2938.24,2026-01-22T06:21:00
TXN_002841,ACC_00573,ACC_00549,2946.07,2026-01-30T23:02:00
TXN_002842,ACC_00042,ACC_00090,3151.07,2026-01-05T18:15:00
TXN_002843,ACC_00021,ACC_00054,1680.22,2026-01-22T15:22:00
TXN_002844,ACC_00124,ACC_00146,822.1,2026-01-14T22:32:00
TXN_002845,ACC_00824,ACC_00897,2200.65,2026-01-01T23:45:00
TXN_002846,ACC_00959,ACC_00976,3475.55,2026-01-27T05:06:00
TXN_002847,ACC_00661,ACC_00632,3619.63,2026-01-12T11:52:00
TXN_002848,ACC_00944,ACC_00962,1507.86,2026-01-19T06:09:00
TXN_002849,ACC_00398,ACC_00365,2110.72,2026-01-05T21:48:00
TXN_002850,ACC_00474,ACC_00452,152.49,2026-01-27T23:47:00
TXN_002851,ACC_00822,ACC_00839,4826.53,2026-01-28T03:55:00
TXN_002852,ACC_00826,ACC_00873,658.16,2026-01-07T08:25:00
TXN_002853,ACC_00507,ACC_00512,3966.39,2026-01-15T01:48:00
TXN_002854,ACC_00245,ACC_00259,835.06,2026-01-19T00:31:00
TXN_002855,ACC_00085,ACC_00019,4415.94,2026-01-10T02:53:00
TXN_002856,ACC_00440,ACC_00411,1188.56,2026-01-09T09:37:00
TXN_002857,ACC_00356,ACC_00312,779.15,2026-01-12T03:18:00
TXN_002858,ACC_00900,ACC_00848,2391.95,2026-01-01T05:24:00
TXN_002859,ACC_00513,ACC_00561,3437.06,2026-01-26T00:33:00
TXN_002860,ACC_00361,ACC_00386,4158.42,2026-01-18T03:00:00
TXN_002861,ACC_00398,ACC_00313,651.23,2026-01-18T15:20:00
TXN_002862,ACC_00252,ACC_00299,4491.13,2026-01-15T21:17:00
TXN_002863,ACC_00677,ACC_00651,367.57,2026-01-25T07:23:00
TXN_002864,ACC_00786,ACC_00795,144.21,2026-01-27T16:32:00
TXN_002865,ACC_00923,ACC_00999,1851.97,2026-01-11T16:51:00
TXN_002866,ACC_00565,ACC_00501,2999.86,2026-01-28T18:54:00
TXN_002867,ACC_00610,ACC_00683,699.02,2026-01-11T11:18:00
TXN_002868,ACC_00306,ACC_00328,2182.65,2026-01-14T17:47:00
TXN_002869,ACC_00550,ACC_00584,2134.3,2026-01-09T04:28:00
TXN_002870,ACC_00440,ACC_00450,183.79,2026-01-22T21:00:00
TXN_002871,ACC_00623,ACC_00621,3414.88,2026-01-19T02:57:00
TXN_002872,ACC_00160,ACC_00111,3433.47,2026-01-16T18:14:00
TXN_002873,ACC_00184,ACC_00152,812.81,2026-01-01T13:21:00
TXN_002874,ACC_00274,ACC_00265,3434.63,2026-01-18T11:25:00
TXN_002875,ACC_00063,ACC_00084,2118.06,2026-01-19T06:46:00
TXN_002876,ACC_00039,ACC_00055,3712.9,2026-01-12T18:30:00
TXN_002877,ACC_00178,ACC_00158,1870.4,2026-01-23T20:23:00
TXN_002878,ACC_00792,ACC_00743,4859.13,2026-01-25T08:23:00
TXN_002879,ACC_00123,ACC_00155,3800.46,2026-01-25T04:46:00
TXN_002880,ACC_00120,ACC_00101,4741.52,2026-01-16T08:13:00
TXN_002881,ACC_00934,ACC_00926,4066.05,2026-01-24T10:24:00
TXN_002882,ACC_00756,ACC_00707,1415.75,2026-01-22T03:38:00
TXN_002883,ACC_00163,ACC_00159,259.87,2026-01-17T16:58:00
TXN_002884,ACC_00988,ACC_00948,2134.26,2026-01-12T11:36:00
TXN_002885,ACC_00499,ACC_00404,1343.51,2026-01-25T16:49:00
TXN_002886,ACC_00446,ACC_00454,2239.38,2026-01-01T19:08:00
TXN_002887,ACC_00482,ACC_00405,567.3,2026-01-28T02:44:00
TXN_002888,ACC_00069,ACC_00095,1250.65,2026-01-19T00:46:00
TXN_002889,ACC_00169,ACC_00113,3636.67,2026-01-06T17:41:00
TXN_002890,ACC_00756,ACC_00736,4859.55,2026-01-16T17:15:00
TXN_002891,ACC_00932,ACC_00994,2849.65,2026-01-24T19:51:00
TXN_002892,ACC_00010,ACC_00042,201.05,2026-01-17T23:11:00
TXN_002893,ACC_00993,ACC_00982,1915.75,2026-01-05T14:27:00
TXN_002894,ACC_00144,ACC_00182,2118.42,2026-01-14T17:50:00
TXN_002895,ACC_00024,ACC_00096,3610.75,2026-01-12T16:33:00
TXN_002896,ACC_00156,ACC_00115,2858.77,2026-01-09T17:19:00
TXN_002897,ACC_00479,ACC_00466,4272.68,2026-01-25T12:54:00
TXN_002898,ACC_00389,ACC_00307,2870.95,2026-01-18T00:45:00
TXN_002899,ACC_00398,ACC_00356,3736.88,2026-01-13T12:08:00
TXN_002900,ACC_00236,ACC_00265,3027.07,2026-01-03T01:57:00
TXN_002901,ACC_00287,ACC_00237,35.2,2026-01-13T09:50:00
TXN_002902,ACC_00303,ACC_00354,657.54,2026-01-30T21:51:00
TXN_002903,ACC_00460,ACC_00477,1597.62,2026-01-29T21:25:00
TXN_002904,ACC_00329,ACC_00303,1113.08,2026-01-15T18:33:00
TXN_002905,ACC_00937,ACC_00994,4136.61,2026-01-28T17:32:00
TXN_002906,ACC_00954,ACC_00982,1650.47,2026-01-28T02:09:00
TXN_002907,ACC_00661,ACC_00672,1721.32,2026-01-01T13:43:00
TXN_002908,ACC_00545,ACC_00557,2315.12,2026-01-07T21:46:00
TXN_002909,ACC_00727,ACC_00769,3368.2,2026-01-08T17:41:00
TXN_002910,ACC_00452,ACC_00405,4838.94,2026-01-27T00:01:00
TXN_002911,ACC_00772,ACC_00745,1045.68,2026-01-04T18:45:00
TXN_002912,ACC_00848,ACC_00839,3756.78,2026-01-14T06:44:00
TXN_002913,ACC_00787,ACC_00760,787.94,2026-01-02T08:17:00
TXN_002914,ACC_00922,ACC_00980,2828.81,2026-01-17T00:04:00
TXN_002915,ACC_00698,ACC_00603,2786.63,2026-01-13T22:04:00
TXN_002916,ACC_00731,ACC_00749,667.17,2026-01-25T11:11:00
TXN_002917,ACC_00916,ACC_00913,1099.34,2026-01-19T00:15:00
TXN_002918,ACC_00174,ACC_00138,4325.82,2026-01-09T03:06:00
TXN_002919,ACC_00671,ACC_00653,3758.89,2026-01-17T00:30:00
TXN_002920,ACC_00677,ACC_00636,3854.79,2026-01-15T12:52:00
TXN_002921,ACC_00186,ACC_00188,3811.15,2026-01-29T19:32:00
TXN_002922,ACC_00565,ACC_00569,1966.95,2026-01-25T05:38:00
TXN_002923,ACC_00664,ACC_00697,1438.55,2026-01-22T02:43:00
TXN_002924,ACC_00721,ACC_00723,1449.15,2026-01-19T04:57:00
TXN_002925,ACC_00843,ACC_00898,3284.39,2026-01-22T02:50:00
TXN_002926,ACC_00150,ACC_00175,2096.32,2026-01-30T17:21:00
TXN_002927,ACC_00653,ACC_00625,154.91,2026-01-29T23:08:00
TXN_002928,ACC_00318,ACC_00379,2521.77,2026-01-29T05:07:00
TXN_002929,ACC_00177,ACC_00174,4727.99,2026-01-19T14:29:00
TXN_002930,ACC_00579,ACC_00532,2850.84,2026-01-08T13:49:00
TXN_002931,ACC_00788,ACC_00712,123.37,2026-01-17T20:27:00
TXN_002932,ACC_00984,ACC_00950,2561.56,2026-01-26T02:59:00
TXN_002933,ACC_00321,ACC_00359,3618.07,2026-01-17T19:06:00
TXN_002934,ACC_00323,ACC_00361,1620.39,2026-01-10T02:13:00
TXN_002935,ACC_00409,ACC_00404,2892.24,2026-01-10T10:06:00
TXN_002936,ACC_00732,ACC_00788,2223.83,2026-01-28T10:54:00
TXN_002937,ACC_00323,ACC_00360,3210.48,2026-01-23T18:22:00
TXN_002938,ACC_00943,ACC_00921,2316.44,2026-01-12T03:27:00
TXN_002939,ACC_00101,ACC_00196,3413.3,2026-01-02T11:18:00
TXN_002940,ACC_00667,ACC_00661,361.12,2026-01-18T12:52:00
TXN_002941,ACC_00634,ACC_00692,613.7,2026-01-25T10:55:00
TXN_002942,ACC_00983,ACC_00969,2198.22,2026-01-02T01:54:00
TXN_002943,ACC_00038,ACC_00051,1823.23,2026-01-02T19:35:00
TXN_002944,ACC_00881,ACC_00884,2148.66,2026-01-21T00:38:00
TXN_002945,ACC_00114,ACC_00119,3792.12,2026-01-12T22:43:00
TXN_002946,ACC_00997,ACC_00915,1838.66,2026-01-08T16:32:00
TXN_002947,ACC_00519,ACC_00532,1058.32,2026-01-22T23:07:00
TXN_002948,ACC_00143,ACC_00183,2296.63,2026-01-04T08:54:00
TXN_002949,ACC_00797,ACC_00732,1718.79,2026-01-12T19:59:00
TXN_002950,ACC_00743,ACC_00758,2845.47,2026-01-12T17:43:00
TXN_002951,ACC_00905,ACC_00998,748.64,2026-01-07T08:56:00
TXN_002952,ACC_00404,ACC_00429,2822.06,2026-01-17T21:04:00
TXN_002953,ACC_00440,ACC_00492,2842.52,2026-01-08T04:54:00
TXN_002954,ACC_00461,ACC_00492,3369.66,2026-01-21T00:26:00
TXN_002955,ACC_00296,ACC_00289,741.17,2026-01-06T20:24:00
TXN_002956,ACC_00450,ACC_00433,1147.31,2026-01-29T23:30:00
TXN_002957,ACC_00375,ACC_00339,2925.33,2026-01-07T18:03:00
TXN_002958,ACC_00447,ACC_00493,3729.83,2026-01-24T03:31:00
TXN_002959,ACC_00852,ACC_00862,4501.02,2026-01-29T03:31:00
TXN_002960,ACC_00583,ACC_00520,4264.53,2026-01-27T17:18:00
TXN_002961,ACC_00567,ACC_00548,4328.39,2026-01-18T04:51:00
TXN_002962,ACC_00783,ACC_00722,2415.44,2026-01-24T21:41:00
TXN_002963,ACC_00749,ACC_00702,1718.41,2026-01-03T22:43:00
TXN_002964,ACC_00427,ACC_00429,1398.79,2026-01-07T19:56:00
TXN_002965,ACC_00184,ACC_00126,2498.96,2026-01-17T05:23:00
TXN_002966,ACC_00982,ACC_00902,4491.69,2026-01-24T20:28:00
TXN_002967,ACC_00347,ACC_00386,1998.47,2026-01-02T11:52:00
TXN_002968,ACC_00143,ACC_00165,1364.65,2026-01-04T01:23:00
TXN_002969,ACC_00895,ACC_00869,4852.48,2026-01-04T14:46:00
TXN_002970,ACC_00058,ACC_00073,1247.38,2026-01-24T19:11:00
TXN_002971,ACC_00495,ACC_00424,4289.04,2026-01-30T14:51:00
TXN_002972,ACC_00389,ACC_00392,895.38,2026-01-21T18:08:00
TXN_002973,ACC_00935,ACC_00971,465.88,2026-01-13T15:04:00
TXN_002974,ACC_00394,ACC_00309,2617.56,2026-01-07T00:46:00
TXN_002975,ACC_00027,ACC_00030,2932.53,2026-01-12T02:26:00
TXN_002976,ACC_00962,ACC_00960,2689.3,2026-01-05T11:20:00
TXN_002977,ACC_00041,ACC_00082,990.16,2026-01-04T07:47:00
TXN_002978,ACC_00157,ACC_00111,995.01,2026-01-22T15:57:00
TXN_002979,ACC_00876,ACC_00828,2441.28,2026-01-28T05:29:00
TXN_002980,ACC_00902,ACC_00975,4307.08,2026-01-20T13:24:00
TXN_002981,ACC_00193,ACC_00157,982.05,2026-01-30T05:55:00
TXN_002982,ACC_00997,ACC_00959,1266.22,2026-01-01T00:32:00
TXN_002983,ACC_00677,ACC_00635,3159.33,2026-01-23T10:03:00
TXN_002984,ACC_00565,ACC_00562,1425.94,2026-01-24T09:38:00
TXN_002985,ACC_00434,ACC_00469,1712.3,2026-01-12T07:59:00
TXN_002986,ACC_00865,ACC_00840,2205.82,2026-01-29T11:40:00
TXN_002987,ACC_00263,ACC_00201,4467.9,2026-01-15T12:39:00
TXN_002988,ACC_00861,ACC_00864,902.19,2026-01-08T10:10:00
TXN_002989,ACC_00687,ACC_00639,4627.22,2026-01-05T07:17:00
TXN_002990,ACC_00744,ACC_00782,4114.56,2026-01-25T12:17:00
TXN_002991,ACC_00400,ACC_00314,1073.95,2026-01-11T13:11:00
TXN_002992,ACC_00840,ACC_00841,2364.66,2026-01-25T03:20:00
TXN_002993,ACC_00479,ACC_00427,3362.72,2026-01-26T23:41:00
TXN_002994,ACC_00521,ACC_00525,3931.2,2026-01-19T00:47:00
TXN_002995,ACC_00279,ACC_00285,1635.15,2026-01-08T03:37:00
TXN_002996,ACC_00861,ACC_00884,3945.86,2026-01-28T02:08:00
TXN_002997,ACC_00430,ACC_00434,4672.31,2026-01-22T11:31:00
TXN_002998,ACC_00448,ACC_00419,1675.27,2026-01-14T22:29:00
TXN_002999,ACC_00596,ACC_00541,1547.0,2026-01-21T11:12:00
TXN_003000,ACC_00951,ACC_00998,38.31,2026-01-19T23:36:00
TXN_003001,ACC_00608,ACC_00653,3232.51,2026-01-17T02:14:00
TXN_003002,ACC_00259,ACC_00299,107.2,2026-01-13T11:30:00
TXN_003003,ACC_00327,ACC_00385,1481.04,2026-01-12T15:32:00
TXN_003004,ACC_00504,ACC_00542,3956.69,2026-01-20T10:56:00
TXN_003005,ACC_00572,ACC_00595,3989.4,2026-01-10T01:51:00
TXN_003006,ACC_00965,ACC_00957,543.1,2026-01-13T11:14:00
TXN_003007,ACC_00321,ACC_00342,4708.06,2026-01-22T19:56:00
TXN_003008,ACC_00961,ACC_00906,3442.13,2026-01-18T18:03:00
TXN_003009,ACC_00732,ACC_00736,2934.71,2026-01-28T14:41:00
TXN_003010,ACC_00013,ACC_00008,1720.03,2026-01-30T02:38:00
TXN_003011,ACC_00848,ACC_00857,564.04,2026-01-13T22:27:00
TXN_003012,ACC_00296,ACC_00210,4886.12,2026-01-15T18:29:00
TXN_003013,ACC_00620,ACC_00676,2874.7,2026-01-14T14:25:00
TXN_003014,ACC_00812,ACC_00857,1645.93,2026-01-12T03:51:00
TXN_003015,ACC_00898,ACC_00885,2787.81,2026-01-12T20:46:00
TXN_003016,ACC_00489,ACC_00403,3862.78,2026-01-07T09:25:00
TXN_003017,ACC_00190,ACC_00192,4786.43,2026-01-15T06:55:00
TXN_003018,ACC_00599,ACC_00558,928.86,2026-01-10T18:37:00
TXN_003019,ACC_00730,ACC_00759,1671.73,2026-01-17T11:37:00
TXN_003020,ACC_00433,ACC_00478,709.95,2026-01-02T01:16:00
TXN_003021,ACC_00655,ACC_00651,3992.5,2026-01-23T03:13:00
TXN_003022,ACC_00808,ACC_00866,90.84,2026-01-17T23:56:00
TXN_003023,ACC_00605,ACC_00665,3952.79,2026-01-15T21:14:00
TXN_003024,ACC_00737,ACC_00774,3175.53,2026-01-16T04:32:00
TXN_003025,ACC_00173,ACC_00112,3905.14,2026-01-26T09:48:00
TXN_003026,ACC_00821,ACC_00866,2873.89,2026-01-04T23:49:00
TXN_003027,ACC_00779,ACC_00784,3762.02,2026-01-09T16:30:00
TXN_003028,ACC_00636,ACC_00660,4447.89,2026-01-21T12:55:00
TXN_003029,ACC_00284,ACC_00243,916.55,2026-01-04T07:45:00
TXN_003030,ACC_00944,ACC_00959,3907.75,2026-01-25T00:24:00
TXN_003031,ACC_00603,ACC_00652,1476.13,2026-01-27T03:46:00
TXN_003032,ACC_00950,ACC_00903,1133.9,2026-01-01T09:19:00
TXN_003033,ACC_00620,ACC_00634,2926.04,2026-01-11T03:27:00
TXN_003034,ACC_00569,ACC_00559,3330.36,2026-01-30T17:55:00
TXN_003035,ACC_00946,ACC_00992,771.5,2026-01-27T06:04:00
TXN_003036,ACC_00227,ACC_00240,513.47,2026-01-09T06:20:00
TXN_003037,ACC_00878,ACC_00806,2704.98,2026-01-06T19:04:00
TXN_003038,ACC_00142,ACC_00141,3294.25,2026-01-11T11:20:00
TXN_003039,ACC_00339,ACC_00321,4955.11,2026-01-20T07:25:00
TXN_003040,ACC_00328,ACC_00399,146.21,2026-01-17T04:07:00
TXN_003041,ACC_00716,ACC_00749,2225.32,2026-01-02T03:46:00
TXN_003042,ACC_00349,ACC_00307,2198.35,2026-01-21T08:02:00
TXN_003043,ACC_00327,ACC_00399,2955.18,2026-01-18T07:36:00
TXN_003044,ACC_00112,ACC_00123,4567.28,2026-01-24T01:27:00
TXN_003045,ACC_00816,ACC_00821,610.59,2026-01-10T12:58:00
TXN_003046,ACC_00795,ACC_00778,3750.92,2026-01-17T07:27:00
TXN_003047,ACC_00554,ACC_00525,4925.91,2026-01-10T13:44:00
TXN_003048,ACC_00847,ACC_00862,2548.59,2026-01-12T14:50:00
TXN_003049,ACC_00703,ACC_00701,4019.02,2026-01-18T07:05:00
TXN_003050,ACC_00613,ACC_00646,4729.2,2026-01-17T09:38:00
TXN_003051,ACC_00156,ACC_00184,1154.5,2026-01-14T16:26:00
TXN_003052,ACC_00184,ACC_00183,4380.95,2026-01-18T17:38:00
TXN_003053,ACC_00036,ACC_00094,4487.68,2026-01-30T11:05:00
TXN_003054,ACC_00019,ACC_00032,2827.25,2026-01-09T01:43:00
TXN_003055,ACC_00267,ACC_00220,3478.4,2026-01-07T09:09:00
TXN_003056,ACC_00008,ACC_00077,4333.06,2026-01-10T13:11:00
TXN_003057,ACC_00448,ACC_00480,4118.02,2026-01-19T21:09:00
TXN_003058,ACC_00623,ACC_00667,3712.41,2026-01-07T21:20:00
TXN_003059,ACC_00247,ACC_00215,159.6,2026-01-08T09:21:00
TXN_003060,ACC_00340,ACC_00352,1872.19,2026-01-29T11:00:00
TXN_003061,ACC_00480,ACC_00442,3918.51,2026-01-02T07:06:00
TXN_003062,ACC_00504,ACC_00561,3677.4,2026-01-02T13:22:00
TXN_003063,ACC_00253,ACC_00206,1891.41,2026-01-25T13:15:00
TXN_003064,ACC_00993,ACC_00968,799.28,2026-01-08T17:24:00
TXN_003065,ACC_00045,ACC_00029,2105.22,2026-01-05T04:37:00
TXN_003066,ACC_00115,ACC_00161,4917.01,2026-01-22T03:17:00
TXN_003067,ACC_00857,ACC_00818,4049.03,2026-01-28T10:55:00
TXN_003068,ACC_00040,ACC_00061,4498.75,2026-01-22T08:48:00
TXN_003069,ACC_00417,ACC_00442,2704.53,2026-01-30T20:56:00
TXN_003070,ACC_00986,ACC_00992,2394.17,2026-01-05T09:17:00
TXN_003071,ACC_00926,ACC_00917,2578.52,2026-01-10T23:32:00
TXN_003072,ACC_00229,ACC_00285,3718.49,2026-01-04T17:46:00
TXN_003073,ACC_00637,ACC_00679,1256.4,2026-01-05T18:56:00
TXN_003074,ACC_00424,ACC_00494,1649.84,2026-01-14T16:53:00
TXN_003075,ACC_00786,ACC_00776,2589.35,2026-01-24T15:53:00
TXN_003076,ACC_00498,ACC_00417,2115.88,2026-01-15T22:12:00
TXN_003077,ACC_00275,ACC_00295,3742.2,2026-01-02T13:22:00
TXN_003078,ACC_00681,ACC_00607,4897.86,2026-01-10T00:09:00
TXN_003079,ACC_00019,ACC_00082,4178.54,2026-01-02T13:15:00
TXN_003080,ACC_00321,ACC_00351,68.45,2026-01-15T16:17:00
TXN_003081,ACC_00762,ACC_00745,3147.28,2026-01-09T13:04:00
TXN_003082,ACC_00952,ACC_00958,2271.44,2026-01-10T18:39:00
TXN_003083,ACC_00470,ACC_00457,3727.35,2026-01-06T08:41:00
TXN_003084,ACC_00844,ACC_00824,1711.51,2026-01-12T14:50:00
TXN_003085,ACC_00799,ACC_00771,3319.61,2026-01-21T18:25:00
TXN_003086,ACC_00598,ACC_00567,324.96,2026-01-12T23:07:00
TXN_003087,ACC_00555,ACC_00583,4824.12,2026-01-02T03:45:00
TXN_003088,ACC_00213,ACC_00230,4152.09,2026-01-21T19:38:00
TXN_003089,ACC_00171,ACC_00192,640.23,2026-01-14T10:59:00
TXN_003090,ACC_00540,ACC_00558,2770.96,2026-01-20T20:24:00
TXN_003091,ACC_00165,ACC_00124,4101.93,2026-01-19T02:14:00
TXN_003092,ACC_00825,ACC_00819,3881.8,2026-01-11T02:19:00
TXN_003093,ACC_00394,ACC_00396,2632.62,2026-01-17T02:35:00
TXN_003094,ACC_00273,ACC_00268,244.51,2026-01-24T21:29:00
TXN_003095,ACC_00847,ACC_00870,3471.54,2026-01-11T11:41:00
TXN_003096,ACC_00822,ACC_00848,509.69,2026-01-08T05:23:00
TXN_003097,ACC_00282,ACC_00280,4217.76,2026-01-11T07:08:00
TXN_003098,ACC_00270,ACC_00279,4292.89,2026-01-20T07:08:00
TXN_003099,ACC_00407,ACC_00452,1954.96,2026-01-14T11:51:00
TXN_003100,ACC_00854,ACC_00861,1616.39,2026-01-22T07:11:00
TXN_003101,ACC_00401,ACC_00410,3544.62,2026-01-12T10:31:00
TXN_003102,ACC_00427,ACC_00494,2973.98,2026-01-28T21:41:00
TXN_003103,ACC_00108,ACC_00197,710.11,2026-01-19T16:14:00
TXN_003104,ACC_00721,ACC_00798,1962.28,2026-01-12T00:50:00
TXN_003105,ACC_00283,ACC_00254,2961.17,2026-01-18T19:04:00
TXN_003106,ACC_00345,ACC_00310,4817.15,2026-01-11T07:11:00
TXN_003107,ACC_00418,ACC_00452,3632.64,2026-01-06T14:51:00
TXN_003108,ACC_00987,ACC_00920,2222.47,2026-01-10T08:49:00
TXN_003109,ACC_00498,ACC_00442,3187.42,2026-01-01T11:45:00
TXN_003110,ACC_00840,ACC_00868,3860.57,2026-01-05T16:04:00
TXN_003111,ACC_00961,ACC_00930,1501.12,2026-01-20T22:42:00
TXN_003112,ACC_00170,ACC_00196,2277.29,2026-01-28T18:19:00
TXN_003113,ACC_00197,ACC_00193,4377.43,2026-01-16T12:52:00
TXN_003114,ACC_00049,ACC_00033,3138.22,2026-01-06T03:14:00
TXN_003115,ACC_00675,ACC_00622,3794.71,2026-01-23T04:15:00
TXN_003116,ACC_00367,ACC_00314,4988.05,2026-01-05T00:44:00
TXN_003117,ACC_00977,ACC_00947,4348.11,2026-01-11T23:33:00
TXN_003118,ACC_00790,ACC_00756,292.7,2026-01-20T04:34:00
TXN_003119,ACC_00199,ACC_00136,4524.61,2026-01-13T13:19:00
TXN_003120,ACC_00843,ACC_00854,4915.6,2026-01-12T10:25:00
TXN_003121,ACC_00102,ACC_00113,1221.29,2026-01-23T02:20:00
TXN_003122,ACC_00729,ACC_00776,3331.49,2026-01-20T17:47:00
TXN_003123,ACC_00200,ACC_00191,2807.75,2026-01-23T04:52:00
TXN_003124,ACC_00949,ACC_00978,4353.26,2026-01-24T14:51:00
TXN_003125,ACC_00606,ACC_00678,2955.81,2026-01-05T21:44:00
TXN_003126,ACC_00174,ACC_00113,4833.98,2026-01-06T08:18:00
TXN_003127,ACC_00347,ACC_00375,2114.93,2026-01-28T11:31:00
TXN_003128,ACC_00692,ACC_00696,1743.05,2026-01-02T19:32:00
TXN_003129,ACC_00759,ACC_00774,196.01,2026-01-24T18:59:00
TXN_003130,ACC_00681,ACC_00696,3348.65,2026-01-20T15:38:00
TXN_003131,ACC_00028,ACC_00073,130.48,2026-01-09T05:24:00
TXN_003132,ACC_00513,ACC_00538,4011.46,2026-01-19T18:10:00
TXN_003133,ACC_00733,ACC_00746,1768.37,2026-01-16T15:47:00
TXN_003134,ACC_00336,ACC_00358,1629.32,2026-01-03T04:12:00
TXN_003135,ACC_00499,ACC_00421,2796.8,2026-01-10T12:41:00
TXN_003136,ACC_00883,ACC_00842,3769.06,2026-01-19T06:20:00
TXN_003137,ACC_00264,ACC_00212,1765.51,2026-01-16T04:33:00
TXN_003138,ACC_00895,ACC_00830,4145.13,2026-01-15T09:44:00
TXN_003139,ACC_00193,ACC_00112,2036.27,2026-01-30T02:27:00
TXN_003140,ACC_00964,ACC_00982,3785.26,2026-01-09T11:22:00
TXN_003141,ACC_00334,ACC_00391,1759.46,2026-01-23T02:13:00
TXN_003142,ACC_00747,ACC_00797,4796.95,2026-01-08T05:54:00
TXN_003143,ACC_00503,ACC_00515,2913.42,2026-01-09T15:18:00
TXN_003144,ACC_00890,ACC_00883,1488.06,2026-01-26T12:11:00
TXN_003145,ACC_00869,ACC_00823,3096.17,2026-01-19T02:41:00
TXN_003146,ACC_00126,ACC_00112,3561.21,2026-01-05T02:53:00
TXN_003147,ACC_00634,ACC_00619,2668.81,2026-01-16T11:32:00
TXN_003148,ACC_00618,ACC_00650,4226.6,2026-01-05T17:11:00
TXN_003149,ACC_00479,ACC_00473,1625.94,2026-01-04T17:47:00
TXN_003150,ACC_00357,ACC_00306,2744.46,2026-01-12T04:35:00
TXN_003151,ACC_00404,ACC_00464,4167.91,2026-01-11T05:10:00
TXN_003152,ACC_00332,ACC_00329,3243.0,2026-01-21T00:59:00
TXN_003153,ACC_00319,ACC_00302,1225.96,2026-01-14T12:10:00
TXN_003154,ACC_00079,ACC_00062,2078.48,2026-01-20T23:27:00
TXN_003155,ACC_00873,ACC_00825,938.43,2026-01-19T18:22:00
TXN_003156,ACC_00875,ACC_00852,2881.53,2026-01-29T13:07:00
TXN_003157,ACC_00696,ACC_00634,4019.1,2026-01-17T13:33:00
TXN_003158,ACC_00456,ACC_00448,4501.26,2026-01-17T14:08:00
TXN_003159,ACC_00341,ACC_00370,394.43,2026-01-17T06:01:00
TXN_003160,ACC_00242,ACC_00290,3979.83,2026-01-12T05:40:00
TXN_003161,ACC_00917,ACC_00913,3544.69,2026-01-24T02:16:00
TXN_003162,ACC_00841,ACC_00814,1146.84,2026-01-28T11:49:00
TXN_003163,ACC_00592,ACC_00590,4882.7,2026-01-30T08:28:00
TXN_003164,ACC_00360,ACC_00335,4184.7,2026-01-27T03:14:00
TXN_003165,ACC_00780,ACC_00757,2959.4,2026-01-23T15:00:00
TXN_003166,ACC_00122,ACC_00103,2247.86,2026-01-26T11:37:00
TXN_003167,ACC_00045,ACC_00062,328.25,2026-01-07T17:31:00
TXN_003168,ACC_00509,ACC_00593,2853.07,2026-01-13T13:33:00
TXN_003169,ACC_00092,ACC_00077,2159.84,2026-01-23T08:05:00
TXN_003170,ACC_00251,ACC_00228,1556.03,2026-01-21T13:49:00
TXN_003171,ACC_00443,ACC_00430,3994.1,2026-01-26T22:26:00
TXN_003172,ACC_00853,ACC_00819,4901.09,2026-01-25T13:24:00
TXN_003173,ACC_00941,ACC_00901,274.32,2026-01-28T17:50:00
TXN_003174,ACC_00576,ACC_00516,3073.11,2026-01-04T05:33:00
TXN_003175,ACC_00853,ACC_00894,3665.46,2026-01-08T08:04:00
TXN_003176,ACC_00377,ACC_00400,4180.34,2026-01-09T03:53:00
TXN_003177,ACC_00084,ACC_00064,1665.63,2026-01-06T10:31:00
TXN_003178,ACC_00152,ACC_00174,4026.52,2026-01-18T15:11:00
TXN_003179,ACC_00690,ACC_00661,4237.86,2026-01-07T07:17:00
TXN_003180,ACC_00213,ACC_00240,895.28,2026-01-17T03:55:00
TXN_003181,ACC_00633,ACC_00664,930.99,2026-01-05T03:06:00
TXN_003182,ACC_00626,ACC_00630,4928.32,2026-01-16T23:36:00
TXN_003183,ACC_00144,ACC_00158,2624.1,2026-01-05T06:42:00
TXN_003184,ACC_00078,ACC_00008,305.14,2026-01-26T08:31:00
TXN_003185,ACC_00513,ACC_00522,4818.36,2026-01-01T01:53:00
TXN_003186,ACC_00802,ACC_00801,1929.92,2026-01-15T21:01:00
TXN_003187,ACC_00073,ACC_00048,4779.0,2026-01-04T03:47:00
TXN_003188,ACC_00382,ACC_00380,917.12,2026-01-23T16:10:00
TXN_003189,ACC_00345,ACC_00313,3002.59,2026-01-08T00:56:00
TXN_003190,ACC_00923,ACC_00957,2541.57,2026-01-09T01:52:00
TXN_003191,ACC_00704,ACC_00780,4677.11,2026-01-02T18:21:00
TXN_003192,ACC_00140,ACC_00138,1751.78,2026-01-05T21:43:00
TXN_003193,ACC_00276,ACC_00267,4502.15,2026-01-08T14:49:00
TXN_003194,ACC_00725,ACC_00778,4986.74,2026-01-08T01:34:00
TXN_003195,ACC_00559,ACC_00585,4160.53,2026-01-25T22:32:00
TXN_003196,ACC_00715,ACC_00786,336.66,2026-01-26T05:37:00
TXN_003197,ACC_00347,ACC_00319,4802.33,2026-01-11T21:32:00
TXN_003198,ACC_00725,ACC_00752,1798.02,2026-01-02T21:25:00
TXN_003199,ACC_00785,ACC_00791,502.91,2026-01-27T21:40:00
TXN_003200,ACC_00812,ACC_00885,1609.56,2026-01-30T19:13:00
TXN_003201,ACC_00873,ACC_00874,2613.15,2026-01-25T05:00:00
TXN_003202,ACC_00883,ACC_00826,1608.38,2026-01-13T20:37:00
TXN_003203,ACC_00798,ACC_00726,4721.79,2026-01-14T07:59:00
TXN_003204,ACC_00652,ACC_00656,421.12,2026-01-18T03:51:00
TXN_003205,ACC_00063,ACC_00014,2810.65,2026-01-15T15:10:00
TXN_003206,ACC_00950,ACC_00940,4961.51,2026-01-23T15:31:00
TXN_003207,ACC_00499,ACC_00488,2642.48,2026-01-03T12:12:00
TXN_003208,ACC_00025,ACC_00012,4461.54,2026-01-14T23:27:00
TXN_003209,ACC_00970,ACC_00923,1575.13,2026-01-30T04:04:00
TXN_003210,ACC_00069,ACC_00004,4834.17,2026-01-03T03:33:00
TXN_003211,ACC_00625,ACC_00646,271.65,2026-01-25T11:22:00
TXN_003212,ACC_00695,ACC_00666,4247.61,2026-01-24T20:19:00
TXN_003213,ACC_00848,ACC_00888,4554.2,2026-01-03T00:50:00
TXN_003214,ACC_00159,ACC_00124,3564.93,2026-01-11T02:00:00
TXN_003215,ACC_00192,ACC_00127,1041.62,2026-01-23T12:58:00
TXN_003216,ACC_00902,ACC_00906,1038.09,2026-01-18T08:41:00
TXN_003217,ACC_00138,ACC_00101,3301.38,2026-01-11T22:34:00
TXN_003218,ACC_00523,ACC_00550,1865.2,2026-01-11T09:26:00
TXN_003219,ACC_00606,ACC_00620,2997.77,2026-01-07T10:44:00
TXN_003220,ACC_00986,ACC_00934,3405.17,2026-01-20T05:51:00
TXN_003221,ACC_00427,ACC_00484,2051.93,2026-01-13T09:46:00
TXN_003222,ACC_00054,ACC_00053,1397.65,2026-01-18T03:55:00
TXN_003223,ACC_00400,ACC_00363,3004.65,2026-01-12T12:48:00
TXN_003224,ACC_00606,ACC_00690,653.15,2026-01-21T10:34:00
TXN_003225,ACC_00310,ACC_00382,585.24,2026-01-06T04:56:00
TXN_003226,ACC_00709,ACC_00724,1643.62,2026-01-25T10:28:00
TXN_003227,ACC_00488,ACC_00492,1431.19,2026-01-19T02:56:00
TXN_003228,ACC_00437,ACC_00473,551.38,2026-01-12T21:37:00
TXN_003229,ACC_00151,ACC_00126,2778.2,2026-01-04T22:29:00
TXN_003230,ACC_00726,ACC_00717,4977.84,2026-01-24T14:02:00
TXN_003231,ACC_00762,ACC_00714,1150.94,2026-01-06T01:41:00
TXN_003232,ACC_00624,ACC_00611,1216.34,2026-01-04T01:37:00
TXN_003233,ACC_00948,ACC_00957,2215.7,2026-01-07T11:55:00
TXN_003234,ACC_00085,ACC_00065,3845.06,2026-01-09T14:24:00
TXN_003235,ACC_00506,ACC_00573,4743.46,2026-01-01T15:31:00
TXN_003236,ACC_00533,ACC_00523,2315.56,2026-01-16T22:25:00
TXN_003237,ACC_00051,ACC_00049,4734.64,2026-01-07T23:13:00
TXN_003238,ACC_00809,ACC_00829,3139.8,2026-01-09T08:56:00
TXN_003239,ACC_00585,ACC_00593,136.3,2026-01-20T23:21:00
TXN_003240,ACC_00709,ACC_00732,2647.5,2026-01-28T09:10:00
TXN_003241,ACC_00821,ACC_00819,4821.24,2026-01-25T21:36:00
TXN_003242,ACC_00015,ACC_00088,2055.52,2026-01-03T23:08:00
TXN_003243,ACC_00803,ACC_00880,3623.16,2026-01-08T17:35:00
TXN_003244,ACC_00548,ACC_00505,4508.58,2026-01-07T12:43:00
TXN_003245,ACC_00301,ACC_00349,2817.93,2026-01-01T03:44:00
TXN_003246,ACC_00699,ACC_00673,4286.45,2026-01-06T10:40:00
TXN_003247,ACC_00073,ACC_00070,108.77,2026-01-04T08:44:00
TXN_003248,ACC_00774,ACC_00783,1419.52,2026-01-18T13:40:00
TXN_003249,ACC_00950,ACC_00958,3417.58,2026-01-11T19:35:00
TXN_003250,ACC_00933,ACC_00945,2280.37,2026-01-29T23:26:00
TXN_003251,ACC_00259,ACC_00269,1126.96,2026-01-17T09:21:00
TXN_003252,ACC_00482,ACC_00494,4815.57,2026-01-08T22:26:00
TXN_003253,ACC_00633,ACC_00621,3702.63,2026-01-17T18:02:00
TXN_003254,ACC_00639,ACC_00619,2305.06,2026-01-02T22:28:00
TXN_003255,ACC_00830,ACC_00852,4202.28,2026-01-06T16:33:00
TXN_003256,ACC_00527,ACC_00552,4419.27,2026-01-20T03:59:00
TXN_003257,ACC_00794,ACC_00758,4762.35,2026-01-21T04:50:00
TXN_003258,ACC_00747,ACC_00744,3330.21,2026-01-15T20:05:00
TXN_003259,ACC_00293,ACC_00268,1237.58,2026-01-10T08:54:00
TXN_003260,ACC_00373,ACC_00325,1823.44,2026-01-29T03:58:00
TXN_003261,ACC_00771,ACC_00798,1880.34,2026-01-19T13:52:00
TXN_003262,ACC_00428,ACC_00451,2356.46,2026-01-07T10:22:00
TXN_003263,ACC_00884,ACC_00858,4524.33,2026-01-14T16:01:00
TXN_003264,ACC_00953,ACC_00907,1093.72,2026-01-10T01:48:00
TXN_003265,ACC_00821,ACC_00885,4686.24,2026-01-18T11:44:00
TXN_003266,ACC_00624,ACC_00657,3472.91,2026-01-02T02:02:00
TXN_003267,ACC_00673,ACC_00686,1373.87,2026-01-08T20:14:00
TXN_003268,ACC_00999,ACC_00920,2015.36,2026-01-30T04:24:00
TXN_003269,ACC_00320,ACC_00353,2348.21,2026-01-15T09:41:00
TXN_003270,ACC_00298,ACC_00263,3055.69,2026-01-15T09:23:00
TXN_003271,ACC_00968,ACC_00995,4380.82,2026-01-29T14:02:00
TXN_003272,ACC_00109,ACC_00111,53.26,2026-01-01T23:26:00
TXN_003273,ACC_00043,ACC_00012,4658.5,2026-01-15T06:12:00
TXN_003274,ACC_00526,ACC_00596,4790.2,2026-01-07T20:29:00
TXN_003275,ACC_00409,ACC_00447,4547.14,2026-01-29T08:44:00
TXN_003276,ACC_00958,ACC_00961,3520.98,2026-01-16T09:51:00
TXN_003277,ACC_00439,ACC_00413,807.46,2026-01-26T13:43:00
TXN_003278,ACC_00221,ACC_00254,2666.2,2026-01-06T09:22:00
TXN_003279,ACC_00953,ACC_00921,2766.08,2026-01-26T13:29:00
TXN_003280,ACC_00790,ACC_00736,4880.86,2026-01-12T08:24:00
TXN_003281,ACC_00257,ACC_00213,686.64,2026-01-02T19:00:00
TXN_003282,ACC_00661,ACC_00649,860.59,2026-01-22T16:52:00
TXN_003283,ACC_00076,ACC_00089,4655.4,2026-01-17T11:49:00
TXN_003284,ACC_00974,ACC_00924,4471.0,2026-01-21T08:36:00
TXN_003285,ACC_00786,ACC_00773,4429.16,2026-01-16T15:33:00
TXN_003286,ACC_00148,ACC_00109,683.37,2026-01-09T01:35:00
TXN_003287,ACC_00487,ACC_00451,563.75,2026-01-07T19:16:00
TXN_003288,ACC_00382,ACC_00342,3559.93,2026-01-14T07:19:00
TXN_003289,ACC_00146,ACC_00178,89.62,2026-01-23T12:23:00
TXN_003290,ACC_00954,ACC_00922,4257.75,2026-01-17T14:54:00
TXN_003291,ACC_00366,ACC_00336,4522.36,2026-01-24T16:27:00
TXN_003292,ACC_00063,ACC_00041,269.54,2026-01-08T14:16:00
TXN_003293,ACC_00390,ACC_00340,2250.17,2026-01-12T23:23:00
TXN_003294,ACC_00644,ACC_00606,3752.49,2026-01-13T10:00:00
TXN_003295,ACC_00785,ACC_00711,2760.86,2026-01-16T03:38:00
TXN_003296,ACC_00280,ACC_00202,105.87,2026-01-27T02:34:00
TXN_003297,ACC_00626,ACC_00661,1948.1,2026-01-18T07:04:00
TXN_003298,ACC_00490,ACC_00449,1840.3,2026-01-16T06:36:00
TXN_003299,ACC_00855,ACC_00853,670.38,2026-01-16T13:41:00
TXN_003300,ACC_00593,ACC_00534,972.59,2026-01-26T03:20:00
TXN_003301,ACC_00435,ACC_00411,4594.69,2026-01-21T11:22:00
TXN_003302,ACC_00186,ACC_00141,4480.14,2026-01-24T03:44:00
TXN_003303,ACC_00017,ACC_00098,1222.38,2026-01-05T20:55:00
TXN_003304,ACC_00248,ACC_00209,2863.82,2026-01-08T00:12:00
TXN_003305,ACC_00400,ACC_00312,58.13,2026-01-04T10:22:00
TXN_003306,ACC_00095,ACC_00044,361.21,2026-01-29T02:25:00
TXN_003307,ACC_00981,ACC_00959,4368.27,2026-01-29T17:13:00
TXN_003308,ACC_00179,ACC_00116,3523.7,2026-01-03T13:20:00
TXN_003309,ACC_00396,ACC_00311,467.6,2026-01-09T10:41:00
TXN_003310,ACC_00101,ACC_00156,1058.99,2026-01-11T14:34:00
TXN_003311,ACC_00150,ACC_00142,2651.37,2026-01-29T11:09:00
TXN_003312,ACC_00726,ACC_00791,3031.23,2026-01-23T13:00:00
TXN_003313,ACC_00261,ACC_00237,4326.39,2026-01-27T22:24:00
TXN_003314,ACC_00057,ACC_00024,41.5,2026-01-24T02:25:00
TXN_003315,ACC_00226,ACC_00234,4392.1,2026-01-07T13:10:00
TXN_003316,ACC_00925,ACC_00990,3517.31,2026-01-06T15:27:00
TXN_003317,ACC_00125,ACC_00124,3783.87,2026-01-15T15:03:00
TXN_003318,ACC_00321,ACC_00351,4181.84,2026-01-29T21:54:00
TXN_003319,ACC_00477,ACC_00453,3206.57,2026-01-24T01:24:00
TXN_003320,ACC_00355,ACC_00333,3679.86,2026-01-16T16:34:00
TXN_003321,ACC_00801,ACC_00884,1414.43,2026-01-12T10:53:00
TXN_003322,ACC_00209,ACC_00208,2474.68,2026-01-03T20:34:00
TXN_003323,ACC_00080,ACC_00097,408.96,2026-01-20T13:46:00
TXN_003324,ACC_00702,ACC_00796,1598.81,2026-01-05T00:22:00
TXN_003325,ACC_00590,ACC_00588,3394.2,2026-01-28T13:22:00
TXN_003326,ACC_00173,ACC_00134,2259.43,2026-01-15T12:30:00
TXN_003327,ACC_00748,ACC_00764,3819.43,2026-01-14T15:56:00
TXN_003328,ACC_00570,ACC_00596,1148.28,2026-01-09T15:50:00
TXN_003329,ACC_00206,ACC_00289,2054.56,2026-01-17T01:27:00
TXN_003330,ACC_00742,ACC_00752,4344.72,2026-01-22T02:24:00
TXN_003331,ACC_00758,ACC_00720,3691.92,2026-01-07T11:11:00
TXN_003332,ACC_00654,ACC_00604,3943.44,2026-01-07T08:17:00
TXN_003333,ACC_00681,ACC_00620,1834.89,2026-01-19T04:16:00
TXN_003334,ACC_00685,ACC_00623,2968.76,2026-01-07T20:58:00
TXN_003335,ACC_00228,ACC_00213,1962.55,2026-01-01T17:54:00
TXN_003336,ACC_00235,ACC_00244,118.19,2026-01-10T00:00:00
TXN_003337,ACC_00621,ACC_00639,1395.57,2026-01-26T00:00:00
TXN_003338,ACC_00363,ACC_00378,2169.95,2026-01-23T17:11:00
TXN_003339,ACC_00263,ACC_00286,1773.31,2026-01-03T17:16:00
TXN_003340,ACC_00109,ACC_00142,3043.01,2026-01-22T16:41:00
TXN_003341,ACC_00231,ACC_00267,4020.07,2026-01-23T11:49:00
TXN_003342,ACC_00663,ACC_00602,3161.23,2026-01-15T00:25:00
TXN_003343,ACC_00581,ACC_00540,2150.7,2026-01-29T03:32:00
TXN_003344,ACC_00177,ACC_00117,1416.67,2026-01-25T02:30:00
TXN_003345,ACC_00589,ACC_00517,2830.99,2026-01-17T19:39:00
TXN_003346,ACC_00709,ACC_00703,1856.34,2026-01-21T08:19:00
TXN_003347,ACC_00327,ACC_00342,4551.63,2026-01-11T14:58:00
TXN_003348,ACC_00582,ACC_00561,2779.43,2026-01-13T18:24:00
TXN_003349,ACC_00943,ACC_00990,4510.26,2026-01-09T20:18:00
TXN_003350,ACC_00581,ACC_00574,3543.44,2026-01-11T10:02:00
TXN_003351,ACC_00931,ACC_00932,2820.86,2026-01-23T05:40:00
TXN_003352,ACC_00041,ACC_00066,1926.88,2026-01-05T08:24:00
TXN_003353,ACC_00280,ACC_00242,2650.89,2026-01-04T16:48:00
TXN_003354,ACC_00778,ACC_00794,343.96,2026-01-13T02:33:00
TXN_003355,ACC_00700,ACC_00625,3562.42,2026-01-13T13:41:00
TXN_003356,ACC_00600,ACC_00508,1240.46,2026-01-22T13:27:00
TXN_003357,ACC_00042,ACC_00046,2417.94,2026-01-29T05:55:00
TXN_003358,ACC_00235,ACC_00241,4926.57,2026-01-23T01:25:00
TXN_003359,ACC_00969,ACC_00926,949.09,2026-01-30T09:25:00
TXN_003360,ACC_00978,ACC_00916,3669.77,2026-01-14T10:53:00
TXN_003361,ACC_00368,ACC_00365,1248.65,2026-01-13T20:31:00
TXN_003362,ACC_00655,ACC_00690,1497.9,2026-01-01T11:55:00
TXN_003363,ACC_00319,ACC_00338,153.82,2026-01-02T03:36:00
TXN_003364,ACC_00611,ACC_00648,3881.23,2026-01-22T03:50:00
TXN_003365,ACC_00258,ACC_00281,2780.77,2026-01-18T09:16:00
TXN_003366,ACC_00957,ACC_00998,547.65,2026-01-15T07:04:00
TXN_003367,ACC_00459,ACC_00436,3534.42,2026-01-10T00:01:00
TXN_003368,ACC_00737,ACC_00721,651.39,2026-01-27T16:35:00
TXN_003369,ACC_00016,ACC_00007,2767.35,2026-01-15T20:39:00
TXN_003370,ACC_00519,ACC_00541,2755.13,2026-01-18T01:37:00
TXN_003371,ACC_00683,ACC_00642,898.21,2026-01-19T00:01:00
TXN_003372,ACC_00998,ACC_00905,1421.72,2026-01-30T07:00:00
TXN_003373,ACC_00997,ACC_00973,4417.47,2026-01-02T19:00:00
TXN_003374,ACC_00093,ACC_00092,2488.42,2026-01-07T00:02:00
TXN_003375,ACC_00118,ACC_00120,2618.68,2026-01-05T15:41:00
TXN_003376,ACC_00312,ACC_00397,4861.87,2026-01-17T09:33:00
TXN_003377,ACC_00511,ACC_00553,3756.74,2026-01-16T15:16:00
TXN_003378,ACC_00752,ACC_00770,2628.15,2026-01-03T19:53:00
TXN_003379,ACC_00689,ACC_00620,4116.0,2026-01-25T22:40:00
TXN_003380,ACC_00358,ACC_00321,3816.19,2026-01-06T05:52:00
TXN_003381,ACC_00430,ACC_00431,3227.35,2026-01-03T13:43:00
TXN_003382,ACC_00804,ACC_00807,4216.04,2026-01-30T06:13:00
TXN_003383,ACC_00362,ACC_00306,1102.81,2026-01-02T22:04:00
TXN_003384,ACC_00320,ACC_00318,1604.1,2026-01-23T18:46:00
TXN_003385,ACC_00697,ACC_00682,106.09,2026-01-19T00:19:00
TXN_003386,ACC_00464,ACC_00404,2754.66,2026-01-19T21:13:00
TXN_003387,ACC_00026,ACC_00076,1052.09,2026-01-02T15:19:00
TXN_003388,ACC_00963,ACC_00901,3512.1,2026-01-16T21:37:00
TXN_003389,ACC_00948,ACC_00966,1991.94,2026-01-08T11:19:00
TXN_003390,ACC_00269,ACC_00201,3723.83,2026-01-29T13:35:00
TXN_003391,ACC_00435,ACC_00472,2559.29,2026-01-18T00:50:00
TXN_003392,ACC_00226,ACC_00297,1288.83,2026-01-28T15:40:00
TXN_003393,ACC_00342,ACC_00334,604.65,2026-01-18T20:51:00
TXN_003394,ACC_00458,ACC_00404,3020.81,2026-01-21T06:39:00
TXN_003395,ACC_00899,ACC_00852,932.31,2026-01-10T07:28:00
TXN_003396,ACC_00050,ACC_00014,1008.71,2026-01-10T08:33:00
TXN_003397,ACC_00995,ACC_00996,4166.32,2026-01-14T14:09:00
TXN_003398,ACC_00376,ACC_00339,2324.26,2026-01-17T10:14:00
TXN_003399,ACC_00373,ACC_00333,2560.39,2026-01-10T20:48:00
TXN_003400,ACC_00402,ACC_00428,4303.19,2026-01-09T05:36:00
TXN_003401,ACC_00364,ACC_00393,3602.65,2026-01-18T16:25:00
TXN_003402,ACC_00751,ACC_00778,4604.89,2026-01-08T12:30:00
TXN_003403,ACC_00772,ACC_00777,3977.07,2026-01-13T23:40:00
TXN_003404,ACC_00310,ACC_00379,4423.22,2026-01-05T21:09:00
TXN_003405,ACC_00080,ACC_00007,4734.47,2026-01-01T12:14:00
TXN_003406,ACC_00039,ACC_00057,3646.45,2026-01-18T08:36:00
TXN_003407,ACC_00213,ACC_00207,1084.39,2026-01-17T18:00:00
TXN_003408,ACC_00355,ACC_00395,389.74,2026-01-17T23:13:00
TXN_003409,ACC_00684,ACC_00603,3854.51,2026-01-14T12:54:00
TXN_003410,ACC_00139,ACC_00119,2290.07,2026-01-12T22:57:00
TXN_003411,ACC_00316,ACC_00382,4402.65,2026-01-02T09:10:00
TXN_003412,ACC_00723,ACC_00702,439.62,2026-01-06T02:58:00
TXN_003413,ACC_00359,ACC_00375,1372.94,2026-01-26T08:52:00
TXN_003414,ACC_00090,ACC_00073,325.79,2026-01-22T19:59:00
TXN_003415,ACC_00228,ACC_00209,3393.32,2026-01-19T02:13:00
TXN_003416,ACC_00005,ACC_00064,4153.95,2026-01-20T16:23:00
TXN_003417,ACC_00623,ACC_00602,4488.07,2026-01-27T05:58:00
TXN_003418,ACC_00199,ACC_00136,3597.17,2026-01-13T19:32:00
TXN_003419,ACC_00335,ACC_00304,4816.32,2026-01-13T09:03:00
TXN_003420,ACC_00331,ACC_00389,4053.67,2026-01-21T09:19:00
TXN_003421,ACC_00073,ACC_00056,4761.21,2026-01-26T10:30:00
TXN_003422,ACC_00730,ACC_00792,1439.72,2026-01-03T03:39:00
TXN_003423,ACC_00177,ACC_00148,4105.36,2026-01-21T18:21:00
TXN_003424,ACC_00821,ACC_00848,4510.09,2026-01-30T23:22:00
TXN_003425,ACC_00870,ACC_00819,3678.62,2026-01-15T14:18:00
TXN_003426,ACC_00553,ACC_00523,2014.88,2026-01-27T09:44:00
TXN_003427,ACC_00745,ACC_00799,746.69,2026-01-14T07:25:00
TXN_003428,ACC_00787,ACC_00770,1808.04,2026-01-19T13:27:00
TXN_003429,ACC_00612,ACC_00678,4425.01,2026-01-12T12:33:00
TXN_003430,ACC_00546,ACC_00583,2259.34,2026-01-22T05:36:00
TXN_003431,ACC_00888,ACC_00822,1723.83,2026-01-02T22:42:00
TXN_003432,ACC_00277,ACC_00244,3167.16,2026-01-25T14:03:00
TXN_003433,ACC_00274,ACC_00218,4125.18,2026-01-10T08:48:00
TXN_003434,ACC_00611,ACC_00654,4952.61,2026-01-06T02:12:00
TXN_003435,ACC_00806,ACC_00867,2881.57,2026-01-05T17:23:00
TXN_003436,ACC_00471,ACC_00486,3701.16,2026-01-08T11:53:00
TXN_003437,ACC_00563,ACC_00515,3661.95,2026-01-15T19:31:00
TXN_003438,ACC_00571,ACC_00551,3287.89,2026-01-24T19:23:00
TXN_003439,ACC_00629,ACC_00674,3751.63,2026-01-16T23:31:00
TXN_003440,ACC_00129,ACC_00182,2273.73,2026-01-30T07:18:00
TXN_003441,ACC_00392,ACC_00301,4001.68,2026-01-23T23:03:00
TXN_003442,ACC_00719,ACC_00710,1216.75,2026-01-14T22:50:00
TXN_003443,ACC_00639,ACC_00627,3194.86,2026-01-25T15:58:00
TXN_003444,ACC_00304,ACC_00303,1485.96,2026-01-02T09:58:00
TXN_003445,ACC_00324,ACC_00400,344.44,2026-01-04T05:55:00
TXN_003446,ACC_00716,ACC_00755,3311.31,2026-01-17T06:30:00
TXN_003447,ACC_00090,ACC_00077,1722.42,2026-01-14T15:54:00
TXN_003448,ACC_00527,ACC_00539,3100.1,2026-01-20T12:03:00
TXN_003449,ACC_00782,ACC_00779,218.96,2026-01-28T00:04:00
TXN_003450,ACC_00705,ACC_00764,1763.97,2026-01-15T13:07:00
TXN_003451,ACC_00490,ACC_00461,3767.06,2026-01-18T11:09:00
TXN_003452,ACC_00155,ACC_00189,3104.96,2026-01-27T17:17:00
TXN_003453,ACC_00588,ACC_00563,1906.04,2026-01-02T05:50:00
TXN_003454,ACC_00798,ACC_00712,1268.26,2026-01-22T14:41:00
TXN_003455,ACC_00111,ACC_00132,4612.33,2026-01-29T17:32:00
TXN_003456,ACC_00749,ACC_00796,1214.48,2026-01-16T08:30:00
TXN_003457,ACC_00705,ACC_00742,2767.6,2026-01-15T02:23:00
TXN_003458,ACC_00728,ACC_00779,483.82,2026-01-19T16:29:00
TXN_003459,ACC_00276,ACC_00287,4678.34,2026-01-02T06:50:00
TXN_003460,ACC_00709,ACC_00765,2321.27,2026-01-09T05:57:00
TXN_003461,ACC_00950,ACC_00969,3624.41,2026-01-30T18:01:00
TXN_003462,ACC_00475,ACC_00416,2460.58,2026-01-24T12:24:00
TXN_003463,ACC_00738,ACC_00721,1458.53,2026-01-02T19:29:00
TXN_003464,ACC_00555,ACC_00515,4843.14,2026-01-08T01:04:00
TXN_003465,ACC_00126,ACC_00162,1252.72,2026-01-23T03:06:00
TXN_003466,ACC_00700,ACC_00696,4528.0,2026-01-30T18:12:00
TXN_003467,ACC_00606,ACC_00639,1124.88,2026-01-09T07:31:00
TXN_003468,ACC_00964,ACC_00930,4044.01,2026-01-21T05:41:00
TXN_003469,ACC_00113,ACC_00122,668.68,2026-01-07T08:02:00
TXN_003470,ACC_00973,ACC_00904,2485.77,2026-01-20T22:31:00
TXN_003471,ACC_00603,ACC_00691,4489.47,2026-01-24T21:37:00
TXN_003472,ACC_00582,ACC_00570,2098.94,2026-01-05T20:08:00
TXN_003473,ACC_00036,ACC_00056,3513.22,2026-01-26T08:42:00
TXN_003474,ACC_00109,ACC_00112,4390.13,2026-01-12T23:01:00
TXN_003475,ACC_00561,ACC_00552,4597.18,2026-01-24T01:54:00
TXN_003476,ACC_00216,ACC_00204,441.02,2026-01-08T08:56:00
TXN_003477,ACC_00286,ACC_00226,3302.71,2026-01-21T07:15:00
TXN_003478,ACC_00848,ACC_00872,2394.62,2026-01-12T23:16:00
TXN_003479,ACC_00275,ACC_00253,2802.74,2026-01-06T06:32:00
TXN_003480,ACC_00326,ACC_00319,674.74,2026-01-14T16:03:00
TXN_003481,ACC_00602,ACC_00648,2555.88,2026-01-03T17:31:00
TXN_003482,ACC_00015,ACC_00068,2932.01,2026-01-13T02:25:00
TXN_003483,ACC_00039,ACC_00018,4604.45,2026-01-15T13:00:00
TXN_003484,ACC_00728,ACC_00725,2396.59,2026-01-22T14:33:00
TXN_003485,ACC_00313,ACC_00323,2769.63,2026-01-18T15:38:00
TXN_003486,ACC_00810,ACC_00819,4290.65,2026-01-06T18:40:00
TXN_003487,ACC_00298,ACC_00209,2571.79,2026-01-22T17:45:00
TXN_003488,ACC_00173,ACC_00122,3138.44,2026-01-12T05:51:00
TXN_003489,ACC_00681,ACC_00647,4141.6,2026-01-11T06:08:00
TXN_003490,ACC_00608,ACC_00697,224.12,2026-01-20T15:43:00
TXN_003491,ACC_00600,ACC_00551,971.1,2026-01-02T06:13:00
TXN_003492,ACC_00551,ACC_00558,4183.5,2026-01-28T14:23:00
TXN_003493,ACC_00396,ACC_00317,3078.33,2026-01-22T19:35:00
TXN_003494,ACC_00853,ACC_00883,794.85,2026-01-29T21:57:00
TXN_003495,ACC_00967,ACC_00937,3867.76,2026-01-23T15:00:00
TXN_003496,ACC_00677,ACC_00604,341.01,2026-01-19T23:49:00
TXN_003497,ACC_00191,ACC_00200,3866.86,2026-01-07T14:59:00
TXN_003498,ACC_00048,ACC_00036,1411.36,2026-01-18T21:33:00
TXN_003499,ACC_00539,ACC_00569,1642.17,2026-01-28T13:08:00
TXN_003500,ACC_00461,ACC_00466,1936.61,2026-01-23T04:47:00
TXN_003501,ACC_00989,ACC_00972,3000.72,2026-01-28T13:02:00
TXN_003502,ACC_00918,ACC_00961,464.03,2026-01-16T08:10:00
TXN_003503,ACC_00744,ACC_00769,3085.67,2026-01-24T12:41:00
TXN_003504,ACC_00133,ACC_00181,4671.46,2026-01-13T04:57:00
TXN_003505,ACC_00477,ACC_00466,1572.13,2026-01-11T08:51:00
TXN_003506,ACC_00531,ACC_00573,1749.08,2026-01-09T16:54:00
TXN_003507,ACC_00425,ACC_00443,3383.74,2026-01-24T13:26:00
TXN_003508,ACC_00434,ACC_00477,3351.73,2026-01-20T06:57:00
TXN_003509,ACC_00399,ACC_00379,4013.2,2026-01-07T08:07:00
TXN_003510,ACC_00425,ACC_00488,3565.98,2026-01-17T10:50:00
TXN_003511,ACC_00842,ACC_00827,2912.93,2026-01-22T01:22:00
TXN_003512,ACC_00216,ACC_00293,3196.59,2026-01-14T06:21:00
TXN_003513,ACC_00377,ACC_00382,923.56,2026-01-16T08:30:00
TXN_003514,ACC_00748,ACC_00732,2426.87,2026-01-18T19:45:00
TXN_003515,ACC_00473,ACC_00459,1713.58,2026-01-25T10:59:00
TXN_003516,ACC_00478,ACC_00410,630.9,2026-01-12T11:50:00
TXN_003517,ACC_00671,ACC_00651,342.07,2026-01-01T03:34:00
TXN_003518,ACC_00464,ACC_00459,2922.08,2026-01-26T01:27:00
TXN_003519,ACC_00466,ACC_00473,1003.96,2026-01-20T03:17:00
TXN_003520,ACC_00055,ACC_00081,2980.41,2026-01-23T06:43:00
TXN_003521,ACC_00756,ACC_00750,606.03,2026-01-15T06:02:00
TXN_003522,ACC_00216,ACC_00247,214.76,2026-01-03T11:31:00
TXN_003523,ACC_00136,ACC_00114,2680.76,2026-01-25T23:05:00
TXN_003524,ACC_00213,ACC_00296,1032.41,2026-01-20T06:19:00
TXN_003525,ACC_00908,ACC_00902,1694.65,2026-01-06T01:42:00
TXN_003526,ACC_00993,ACC_00936,2154.72,2026-01-13T22:24:00
TXN_003527,ACC_00329,ACC_00380,2857.38,2026-01-28T11:21:00
TXN_003528,ACC_00471,ACC_00446,767.0,2026-01-11T18:10:00
TXN_003529,ACC_00875,ACC_00841,867.49,2026-01-11T00:09:00
TXN_003530,ACC_00627,ACC_00670,97.03,2026-01-29T01:09:00
TXN_003531,ACC_00212,ACC_00274,4893.58,2026-01-28T22:47:00
TXN_003532,ACC_00463,ACC_00416,1238.5,2026-01-05T08:30:00
TXN_003533,ACC_00629,ACC_00631,3051.94,2026-01-21T21:54:00
TXN_003534,ACC_00229,ACC_00236,25.81,2026-01-05T21:17:00
TXN_003535,ACC_00456,ACC_00475,4249.45,2026-01-28T07:03:00
TXN_003536,ACC_00728,ACC_00730,4237.94,2026-01-05T13:37:00
TXN_003537,ACC_00692,ACC_00657,760.42,2026-01-21T03:21:00
TXN_003538,ACC_00679,ACC_00697,124.9,2026-01-18T07:14:00
TXN_003539,ACC_00427,ACC_00487,2188.88,2026-01-23T08:52:00
TXN_003540,ACC_00844,ACC_00842,2500.17,2026-01-01T22:37:00
TXN_003541,ACC_00950,ACC_00957,1035.29,2026-01-28T14:31:00
TXN_003542,ACC_00291,ACC_00210,4186.33,2026-01-28T08:24:00
TXN_003543,ACC_00622,ACC_00652,1097.46,2026-01-10T10:14:00
TXN_003544,ACC_00552,ACC_00536,3577.52,2026-01-12T07:43:00
TXN_003545,ACC_00349,ACC_00377,4803.67,2026-01-22T09:03:00
TXN_003546,ACC_00932,ACC_00983,2266.71,2026-01-03T22:39:00
TXN_003547,ACC_00050,ACC_00074,1804.01,2026-01-16T17:01:00
TXN_003548,ACC_00063,ACC_00056,4546.85,2026-01-21T06:24:00
TXN_003549,ACC_00156,ACC_00133,1150.5,2026-01-16T20:21:00
TXN_003550,ACC_00534,ACC_00562,851.02,2026-01-08T04:41:00
TXN_003551,ACC_00983,ACC_00967,2659.37,2026-01-28T06:22:00
TXN_003552,ACC_00305,ACC_00349,249.41,2026-01-17T14:12:00
TXN_003553,ACC_00312,ACC_00391,470.96,2026-01-08T05:24:00
TXN_003554,ACC_00807,ACC_00833,2631.02,2026-01-04T14:34:00
TXN_003555,ACC_00458,ACC_00420,716.75,2026-01-14T08:12:00
TXN_003556,ACC_00636,ACC_00624,2053.23,2026-01-11T10:13:00
TXN_003557,ACC_00267,ACC_00209,4360.33,2026-01-11T13:12:00
TXN_003558,ACC_00907,ACC_00974,3917.67,2026-01-30T19:01:00
TXN_003559,ACC_00237,ACC_00271,4710.66,2026-01-22T09:38:00
TXN_003560,ACC_00231,ACC_00203,3017.15,2026-01-09T21:24:00
TXN_003561,ACC_00109,ACC_00199,1352.53,2026-01-05T14:52:00
TXN_003562,ACC_00269,ACC_00216,2771.66,2026-01-22T01:12:00
TXN_003563,ACC_00593,ACC_00523,2672.95,2026-01-07T22:48:00
TXN_003564,ACC_00232,ACC_00202,4278.48,2026-01-15T19:30:00
TXN_003565,ACC_00466,ACC_00403,2527.5,2026-01-23T19:07:00
TXN_003566,ACC_00051,ACC_00018,251.24,2026-01-08T14:24:00
TXN_003567,ACC_00217,ACC_00231,4173.06,2026-01-28T17:09:00
TXN_003568,ACC_00936,ACC_00960,2280.17,2026-01-12T04:28:00
TXN_003569,ACC_00192,ACC_00132,3204.28,2026-01-08T09:02:00
TXN_003570,ACC_00009,ACC_00049,12.86,2026-01-07T04:26:00
TXN_003571,ACC_00768,ACC_00763,2756.08,2026-01-18T23:27:00
TXN_003572,ACC_00668,ACC_00660,4716.99,2026-01-30T11:04:00
TXN_003573,ACC_00578,ACC_00574,3760.64,2026-01-19T10:35:00
TXN_003574,ACC_00853,ACC_00822,4291.05,2026-01-23T21:34:00
TXN_003575,ACC_00205,ACC_00227,3002.99,2026-01-04T08:11:00
TXN_003576,ACC_00539,ACC_00515,4521.78,2026-01-28T12:09:00
TXN_003577,ACC_00649,ACC_00639,129.14,2026-01-18T00:05:00
TXN_003578,ACC_00726,ACC_00797,1085.7,2026-01-01T17:31:00
TXN_003579,ACC_00258,ACC_00276,3248.87,2026-01-07T08:44:00
TXN_003580,ACC_00451,ACC_00432,91.73,2026-01-07T11:26:00
TXN_003581,ACC_00357,ACC_00333,2002.2,2026-01-23T03:41:00
TXN_003582,ACC_00748,ACC_00727,660.77,2026-01-22T02:02:00
TXN_003583,ACC_00032,ACC_00019,4614.51,2026-01-30T03:04:00
TXN_003584,ACC_00448,ACC_00407,2330.8,2026-01-16T22:53:00
TXN_003585,ACC_00684,ACC_00656,2995.2,2026-01-04T13:19:00
TXN_003586,ACC_00566,ACC_00571,212.22,2026-01-22T17:07:00
TXN_003587,ACC_00709,ACC_00746,975.46,2026-01-16T02:02:00
TXN_003588,ACC_00822,ACC_00802,738.24,2026-01-05T14:38:00
TXN_003589,ACC_00835,ACC_00808,2552.44,2026-01-02T02:57:00
TXN_003590,ACC_00848,ACC_00804,2023.03,2026-01-21T09:43:00
TXN_003591,ACC_00959,ACC_00945,1639.46,2026-01-29T07:08:00
TXN_003592,ACC_00507,ACC_00567,625.26,2026-01-27T15:39:00
TXN_003593,ACC_00798,ACC_00763,3820.56,2026-01-20T17:23:00
TXN_003594,ACC_00086,ACC_00100,3646.04,2026-01-25T22:33:00
TXN_003595,ACC_00965,ACC_00909,4665.41,2026-01-07T23:28:00
TXN_003596,ACC_00643,ACC_00685,3659.93,2026-01-21T00:26:00
TXN_003597,ACC_00419,ACC_00498,475.02,2026-01-09T22:26:00
TXN_003598,ACC_00636,ACC_00651,219.04,2026-01-11T00:33:00
TXN_003599,ACC_00402,ACC_00418,2097.7,2026-01-09T20:26:00
TXN_003600,ACC_00354,ACC_00320,2739.81,2026-01-20T10:18:00
TXN_003601,ACC_00427,ACC_00401,825.32,2026-01-04T00:20:00
TXN_003602,ACC_00034,ACC_00094,3937.19,2026-01-22T23:11:00
TXN_003603,ACC_00360,ACC_00322,580.04,2026-01-23T11:00:00
TXN_003604,ACC_00744,ACC_00779,4254.46,2026-01-17T22:27:00
TXN_003605,ACC_00474,ACC_00472,4446.96,2026-01-25T22:28:00
TXN_003606,ACC_00581,ACC_00586,2638.28,2026-01-15T20:39:00
TXN_003607,ACC_00967,ACC_00988,4032.88,2026-01-13T16:42:00
TXN_003608,ACC_00329,ACC_00303,2422.15,2026-01-20T17:54:00
TXN_003609,ACC_00566,ACC_00539,4864.08,2026-01-23T16:54:00
TXN_003610,ACC_00607,ACC_00676,4010.35,2026-01-14T16:03:00
TXN_003611,ACC_00414,ACC_00419,1125.89,2026-01-26T06:13:00
TXN_003612,ACC_00332,ACC_00360,4631.0,2026-01-07T23:23:00
TXN_003613,ACC_00865,ACC_00847,3715.19,2026-01-19T18:43:00
TXN_003614,ACC_00673,ACC_00643,414.83,2026-01-14T14:40:00
TXN_003615,ACC_00280,ACC_00262,3877.08,2026-01-04T00:26:00
TXN_003616,ACC_00056,ACC_00052,778.69,2026-01-20T16:02:00
TXN_003617,ACC_00704,ACC_00743,599.95,2026-01-17T20:33:00
TXN_003618,ACC_00363,ACC_00351,1078.0,2026-01-27T18:42:00
TXN_003619,ACC_00631,ACC_00637,3056.76,2026-01-12T01:40:00
TXN_003620,ACC_00244,ACC_00221,1642.44,2026-01-28T05:09:00
TXN_003621,ACC_00611,ACC_00613,420.73,2026-01-04T17:40:00
TXN_003622,ACC_00020,ACC_00070,2468.32,2026-01-20T12:04:00
TXN_003623,ACC_00190,ACC_00183,4959.27,2026-01-07T21:54:00
TXN_003624,ACC_00061,ACC_00023,676.08,2026-01-02T11:42:00
TXN_003625,ACC_00587,ACC_00588,3333.63,2026-01-17T06:12:00
TXN_003626,ACC_00106,ACC_00122,1657.41,2026-01-15T02:20:00
TXN_003627,ACC_00075,ACC_00011,3075.67,2026-01-02T19:09:00
TXN_003628,ACC_00322,ACC_00351,546.62,2026-01-23T07:36:00
TXN_003629,ACC_00938,ACC_00979,367.7,2026-01-24T22:37:00
TXN_003630,ACC_00937,ACC_00918,2317.06,2026-01-03T22:56:00
TXN_003631,ACC_00421,ACC_00483,489.64,2026-01-24T10:23:00
TXN_003632,ACC_00929,ACC_00989,169.85,2026-01-13T21:52:00
TXN_003633,ACC_00586,ACC_00521,4053.25,2026-01-22T12:16:00
TXN_003634,ACC_00566,ACC_00540,3270.91,2026-01-14T08:44:00
TXN_003635,ACC_00654,ACC_00631,3334.61,2026-01-15T01:51:00
TXN_003636,ACC_00331,ACC_00360,3519.14,2026-01-07T18:26:00
TXN_003637,ACC_00011,ACC_00008,4376.96,2026-01-27T17:54:00
TXN_003638,ACC_00214,ACC_00258,755.14,2026-01-06T17:44:00
TXN_003639,ACC_00137,ACC_00199,3441.75,2026-01-16T03:25:00
TXN_003640,ACC_00931,ACC_00992,2182.32,2026-01-22T22:01:00
TXN_003641,ACC_00183,ACC_00186,3649.61,2026-01-26T03:03:00
TXN_003642,ACC_00491,ACC_00427,3284.35,2026-01-22T12:53:00
TXN_003643,ACC_00521,ACC_00551,1731.98,2026-01-09T17:09:00
TXN_003644,ACC_00005,ACC_00033,940.95,2026-01-18T17:30:00
TXN_003645,ACC_00760,ACC_00785,3920.79,2026-01-19T02:09:00
TXN_003646,ACC_00558,ACC_00518,3728.95,2026-01-15T21:04:00
TXN_003647,ACC_00685,ACC_00641,4341.99,2026-01-26T18:50:00
TXN_003648,ACC_00201,ACC_00222,2084.85,2026-01-12T09:43:00
TXN_003649,ACC_00743,ACC_00719,4422.25,2026-01-02T21:54:00
TXN_003650,ACC_00366,ACC_00378,4785.74,2026-01-23T13:03:00
TXN_003651,ACC_00393,ACC_00324,201.86,2026-01-20T00:25:00
TXN_003652,ACC_00081,ACC_00047,4003.04,2026-01-16T14:36:00
TXN_003653,ACC_00544,ACC_00501,2419.16,2026-01-05T18:14:00
TXN_003654,ACC_00826,ACC_00828,1669.26,2026-01-07T17:26:00
TXN_003655,ACC_00836,ACC_00868,4449.04,2026-01-18T18:44:00
TXN_003656,ACC_00979,ACC_00926,3850.86,2026-01-20T19:04:00
TXN_003657,ACC_00059,ACC_00093,2740.14,2026-01-27T21:30:00
TXN_003658,ACC_00897,ACC_00859,1429.58,2026-01-03T00:37:00
TXN_003659,ACC_00053,ACC_00076,4825.78,2026-01-29T12:53:00
TXN_003660,ACC_00161,ACC_00154,4571.38,2026-01-22T02:18:00
TXN_003661,ACC_00974,ACC_00930,4175.66,2026-01-15T08:15:00
TXN_003662,ACC_00358,ACC_00334,4458.65,2026-01-14T15:59:00
TXN_003663,ACC_00030,ACC_00086,1278.17,2026-01-27T09:02:00
TXN_003664,ACC_00401,ACC_00468,212.32,2026-01-11T10:22:00
TXN_003665,ACC_00731,ACC_00751,2155.75,2026-01-01T02:27:00
TXN_003666,ACC_00136,ACC_00169,4700.19,2026-01-25T20:58:00
TXN_003667,ACC_00065,ACC_00094,3942.09,2026-01-30T03:04:00
TXN_003668,ACC_00985,ACC_00907,4944.45,2026-01-23T14:27:00
TXN_003669,ACC_00369,ACC_00385,1444.91,2026-01-26T03:19:00
TXN_003670,ACC_00131,ACC_00150,3631.35,2026-01-26T12:29:00
TXN_003671,ACC_00270,ACC_00284,80.91,2026-01-10T02:44:00
TXN_003672,ACC_00611,ACC_00643,1235.53,2026-01-30T10:31:00
TXN_003673,ACC_00703,ACC_00713,4656.1,2026-01-06T21:51:00
TXN_003674,ACC_00422,ACC_00485,3362.34,2026-01-14T07:17:00
TXN_003675,ACC_00621,ACC_00655,3648.52,2026-01-10T06:55:00
TXN_003676,ACC_00513,ACC_00598,1554.37,2026-01-14T03:25:00
TXN_003677,ACC_00889,ACC_00871,352.26,2026-01-30T01:58:00
TXN_003678,ACC_00216,ACC_00201,339.25,2026-01-11T21:39:00
TXN_003679,ACC_00423,ACC_00415,1694.27,2026-01-21T12:55:00
TXN_003680,ACC_00899,ACC_00900,2331.83,2026-01-25T07:55:00
TXN_003681,ACC_00162,ACC_00186,1398.72,2026-01-28T23:03:00
TXN_003682,ACC_00146,ACC_00112,890.23,2026-01-17T01:49:00
TXN_003683,ACC_00370,ACC_00333,4555.49,2026-01-01T19:54:00
TXN_003684,ACC_00999,ACC_00912,819.84,2026-01-03T21:17:00
TXN_003685,ACC_00521,ACC_00567,978.91,2026-01-25T08:09:00
TXN_003686,ACC_00504,ACC_00544,3965.4,2026-01-18T17:11:00
TXN_003687,ACC_00614,ACC_00666,1069.68,2026-01-19T07:35:00
TXN_003688,ACC_00380,ACC_00382,3869.58,2026-01-23T00:01:00
TXN_003689,ACC_00196,ACC_00130,4669.64,2026-01-30T21:38:00
TXN_003690,ACC_00772,ACC_00799,1942.51,2026-01-21T20:05:00
TXN_003691,ACC_00526,ACC_00506,2270.02,2026-01-02T15:44:00
TXN_003692,ACC_00074,ACC_00046,4938.44,2026-01-01T18:42:00
TXN_003693,ACC_00584,ACC_00544,3751.17,2026-01-19T21:52:00
TXN_003694,ACC_00041,ACC_00060,679.06,2026-01-04T21:05:00
TXN_003695,ACC_00177,ACC_00167,3832.96,2026-01-26T13:12:00
TXN_003696,ACC_00918,ACC_00961,2772.39,2026-01-23T11:57:00
TXN_003697,ACC_00893,ACC_00898,607.57,2026-01-16T12:08:00
TXN_003698,ACC_00082,ACC_00041,1567.17,2026-01-12T04:44:00
TXN_003699,ACC_00638,ACC_00605,284.02,2026-01-05T20:24:00
TXN_003700,ACC_00486,ACC_00418,4080.31,2026-01-12T18:06:00
TXN_003701,ACC_00236,ACC_00244,4906.74,2026-01-19T18:02:00
TXN_003702,ACC_00847,ACC_00810,1548.84,2026-01-23T16:15:00
TXN_003703,ACC_00453,ACC_00403,4906.46,2026-01-02T04:33:00
TXN_003704,ACC_00524,ACC_00592,4348.83,2026-01-05T05:39:00
TXN_003705,ACC_00878,ACC_00877,1819.04,2026-01-05T13:21:00
TXN_003706,ACC_00134,ACC_00199,1598.38,2026-01-16T04:34:00
TXN_003707,ACC_00124,ACC_00174,2915.32,2026-01-10T15:53:00
TXN_003708,ACC_00130,ACC_00107,1564.33,2026-01-13T14:01:00
TXN_003709,ACC_00897,ACC_00870,4059.77,2026-01-04T15:00:00
TXN_003710,ACC_00874,ACC_00889,1493.06,2026-01-25T20:26:00
TXN_003711,ACC_00885,ACC_00839,4477.68,2026-01-05T13:42:00
TXN_003712,ACC_00040,ACC_00054,3292.91,2026-01-05T05:32:00
TXN_003713,ACC_00495,ACC_00407,353.05,2026-01-07T05:31:00
TXN_003714,ACC_00901,ACC_00914,222.2,2026-01-22T16:59:00
TXN_003715,ACC_00552,ACC_00570,1328.77,2026-01-05T20:45:00
TXN_003716,ACC_00972,ACC_00932,1676.97,2026-01-04T17:34:00
TXN_003717,ACC_00284,ACC_00273,3157.89,2026-01-05T17:27:00
TXN_003718,ACC_00061,ACC_00028,855.15,2026-01-06T18:20:00
TXN_003719,ACC_00831,ACC_00853,3410.24,2026-01-01T05:46:00
TXN_003720,ACC_00474,ACC_00494,2468.34,2026-01-09T12:51:00
TXN_003721,ACC_00308,ACC_00356,3070.16,2026-01-10T14:28:00
TXN_003722,ACC_00625,ACC_00668,1727.9,2026-01-14T07:42:00
TXN_003723,ACC_00676,ACC_00653,1445.44,2026-01-27T07:41:00
TXN_003724,ACC_00379,ACC_00316,1282.45,2026-01-20T02:59:00
TXN_003725,ACC_00964,ACC_00901,2033.67,2026-01-06T05:11:00
TXN_003726,ACC_00396,ACC_00333,2887.31,2026-01-06T20:01:00
TXN_003727,ACC_00916,ACC_00986,670.92,2026-01-12T07:44:00
TXN_003728,ACC_00030,ACC_00032,3658.95,2026-01-03T02:51:00
TXN_003729,ACC_00618,ACC_00628,4797.41,2026-01-13T14:03:00
TXN_003730,ACC_00901,ACC_00984,3589.01,2026-01-10T13:35:00
TXN_003731,ACC_00053,ACC_00014,1039.6,2026-01-16T12:51:00
TXN_003732,ACC_00219,ACC_00293,3930.13,2026-01-30T11:44:00
TXN_003733,ACC_00542,ACC_00553,3301.01,2026-01-18T05:40:00
TXN_003734,ACC_00457,ACC_00485,4290.2,2026-01-10T04:08:00
TXN_003735,ACC_00227,ACC_00250,948.12,2026-01-17T01:45:00
TXN_003736,ACC_00363,ACC_00336,254.18,2026-01-20T21:48:00
TXN_003737,ACC_00056,ACC_00060,316.41,2026-01-08T05:14:00
TXN_003738,ACC_00096,ACC_00059,1452.47,2026-01-24T20:39:00
TXN_003739,ACC_00615,ACC_00637,1424.4,2026-01-07T09:40:00
TXN_003740,ACC_00255,ACC_00299,2371.44,2026-01-01T15:02:00
TXN_003741,ACC_00809,ACC_00876,1745.74,2026-01-21T16:21:00
TXN_003742,ACC_00358,ACC_00326,4198.95,2026-01-13T13:02:00
TXN_003743,ACC_00635,ACC_00621,1110.62,2026-01-22T20:40:00
TXN_003744,ACC_00203,ACC_00300,3229.65,2026-01-11T16:03:00
TXN_003745,ACC_00629,ACC_00671,3213.02,2026-01-24T04:43:00
TXN_003746,ACC_00215,ACC_00235,2614.92,2026-01-17T21:02:00
TXN_003747,ACC_00135,ACC_00185,3999.31,2026-01-24T12:08:00
TXN_003748,ACC_00603,ACC_00609,4786.2,2026-01-26T19:29:00
TXN_003749,ACC_00131,ACC_00137,4050.45,2026-01-12T11:21:00
TXN_003750,ACC_00879,ACC_00874,4609.92,2026-01-25T02:48:00
TXN_003751,ACC_00768,ACC_00701,4793.52,2026-01-07T18:51:00
TXN_003752,ACC_00599,ACC_00589,2104.43,2026-01-26T04:58:00
TXN_003753,ACC_00501,ACC_00562,944.99,2026-01-09T19:15:00
TXN_003754,ACC_00493,ACC_00498,1263.33,2026-01-20T08:02:00
TXN_003755,ACC_00476,ACC_00426,2015.75,2026-01-29T14:52:00
TXN_003756,ACC_00973,ACC_00946,1905.81,2026-01-05T08:57:00
TXN_003757,ACC_00926,ACC_00932,238.56,2026-01-15T18:40:00
TXN_003758,ACC_00546,ACC_00561,2667.11,2026-01-11T23:25:00
TXN_003759,ACC_00730,ACC_00756,91.99,2026-01-26T14:19:00
TXN_003760,ACC_00114,ACC_00173,1164.21,2026-01-07T05:38:00
TXN_003761,ACC_00027,ACC_00060,2679.55,2026-01-19T18:24:00
TXN_003762,ACC_00114,ACC_00188,2211.99,2026-01-25T23:10:00
TXN_003763,ACC_00229,ACC_00295,1100.17,2026-01-10T18:19:00
TXN_003764,ACC_00105,ACC_00133,4591.84,2026-01-01T12:46:00
TXN_003765,ACC_00616,ACC_00636,2947.24,2026-01-30T06:20:00
TXN_003766,ACC_00727,ACC_00712,4618.6,2026-01-16T12:15:00
TXN_003767,ACC_00916,ACC_00912,3957.59,2026-01-12T09:24:00
TXN_003768,ACC_00896,ACC_00881,230.41,2026-01-11T23:27:00
TXN_003769,ACC_00470,ACC_00422,3789.06,2026-01-30T21:56:00
TXN_003770,ACC_00063,ACC_00028,4438.47,2026-01-19T17:48:00
TXN_003771,ACC_00112,ACC_00165,1154.35,2026-01-27T12:39:00
TXN_003772,ACC_00936,ACC_00901,3484.93,2026-01-20T10:30:00
TXN_003773,ACC_00597,ACC_00558,3482.74,2026-01-26T07:36:00
TXN_003774,ACC_00095,ACC_00013,2862.8,2026-01-29T13:04:00
TXN_003775,ACC_00425,ACC_00423,1178.76,2026-01-08T03:26:00
TXN_003776,ACC_00094,ACC_00023,4138.11,2026-01-09T21:55:00
TXN_003777,ACC_00317,ACC_00338,315.76,2026-01-21T23:22:00
TXN_003778,ACC_00729,ACC_00780,167.14,2026-01-07T02:55:00
TXN_003779,ACC_00347,ACC_00381,4175.38,2026-01-14T15:14:00
TXN_003780,ACC_00620,ACC_00689,4169.76,2026-01-03T21:06:00
TXN_003781,ACC_00261,ACC_00249,865.16,2026-01-01T08:19:00
TXN_003782,ACC_00069,ACC_00023,551.54,2026-01-20T03:08:00
TXN_003783,ACC_00228,ACC_00210,2081.11,2026-01-07T23:55:00
TXN_003784,ACC_00630,ACC_00690,1338.04,2026-01-08T13:31:00
TXN_003785,ACC_00892,ACC_00872,4750.33,2026-01-25T03:50:00
TXN_003786,ACC_00975,ACC_00943,795.41,2026-01-21T14:51:00
TXN_003787,ACC_00969,ACC_00985,1085.78,2026-01-26T19:38:00
TXN_003788,ACC_00755,ACC_00723,4185.08,2026-01-28T19:19:00
TXN_003789,ACC_00736,ACC_00741,3035.34,2026-01-12T20:14:00
TXN_003790,ACC_00026,ACC_00052,1883.88,2026-01-14T10:48:00
TXN_003791,ACC_00860,ACC_00812,585.58,2026-01-27T11:02:00
TXN_003792,ACC_00207,ACC_00230,4748.32,2026-01-25T06:46:00
TXN_003793,ACC_00172,ACC_00162,4547.57,2026-01-18T23:00:00
TXN_003794,ACC_00992,ACC_00995,273.63,2026-01-07T03:41:00
TXN_003795,ACC_00269,ACC_00230,1210.01,2026-01-06T18:05:00
TXN_003796,ACC_00066,ACC_00078,4423.26,2026-01-25T17:49:00
TXN_003797,ACC_00369,ACC_00371,1702.17,2026-01-04T19:16:00
TXN_003798,ACC_00812,ACC_00834,1667.06,2026-01-12T21:14:00
TXN_003799,ACC_00223,ACC_00206,2457.64,2026-01-20T11:11:00
TXN_003800,ACC_00318,ACC_00329,456.02,2026-01-29T22:57:00
TXN_003801,ACC_00280,ACC_00257,2116.39,2026-01-04T06:01:00
TXN_003802,ACC_00811,ACC_00895,2309.89,2026-01-15T15:32:00
TXN_003803,ACC_00444,ACC_00404,3829.74,2026-01-02T12:09:00
TXN_003804,ACC_00100,ACC_00086,4315.8,2026-01-02T02:26:00
TXN_003805,ACC_00011,ACC_00042,3790.22,2026-01-08T12:08:00
TXN_003806,ACC_00911,ACC_00989,2409.09,2026-01-09T15:59:00
TXN_003807,ACC_00157,ACC_00169,1863.98,2026-01-30T11:17:00
TXN_003808,ACC_00904,ACC_00993,4942.13,2026-01-07T19:35:00
TXN_003809,ACC_00549,ACC_00587,3975.5,2026-01-06T05:46:00
TXN_003810,ACC_00883,ACC_00838,1311.41,2026-01-14T07:05:00
TXN_003811,ACC_00170,ACC_00119,3344.04,2026-01-28T07:44:00
TXN_003812,ACC_00862,ACC_00837,2615.89,2026-01-23T08:27:00
TXN_003813,ACC_00120,ACC_00123,2512.06,2026-01-14T03:38:00
TXN_003814,ACC_00041,ACC_00049,211.51,2026-01-22T08:08:00
TXN_003815,ACC_00660,ACC_00604,3000.07,2026-01-03T00:13:00
TXN_003816,ACC_00085,ACC_00034,1895.7,2026-01-12T04:16:00
TXN_003817,ACC_00512,ACC_00547,1382.65,2026-01-24T11:29:00
TXN_003818,ACC_00252,ACC_00249,623.48,2026-01-26T14:56:00
TXN_003819,ACC_00620,ACC_00635,1146.95,2026-01-24T06:53:00
TXN_003820,ACC_00548,ACC_00585,1837.39,2026-01-03T05:31:00
TXN_003821,ACC_00274,ACC_00249,2767.19,2026-01-02T21:44:00
TXN_003822,ACC_00081,ACC_00061,2039.59,2026-01-03T09:55:00
TXN_003823,ACC_00353,ACC_00378,2795.73,2026-01-28T22:52:00
TXN_003824,ACC_00946,ACC_00903,3895.28,2026-01-29T10:00:00
TXN_003825,ACC_00824,ACC_00817,312.95,2026-01-03T22:28:00
TXN_003826,ACC_00016,ACC_00051,4176.14,2026-01-12T12:08:00
TXN_003827,ACC_00172,ACC_00168,1315.42,2026-01-01T05:25:00
TXN_003828,ACC_00483,ACC_00423,4742.74,2026-01-25T21:59:00
TXN_003829,ACC_00732,ACC_00767,1896.66,2026-01-09T19:44:00
TXN_003830,ACC_00368,ACC_00383,2004.55,2026-01-03T22:05:00
TXN_003831,ACC_00320,ACC_00387,716.09,2026-01-03T23:34:00
TXN_003832,ACC_00680,ACC_00687,3632.69,2026-01-14T10:23:00
TXN_003833,ACC_00874,ACC_00883,2044.13,2026-01-14T23:52:00
TXN_003834,ACC_00203,ACC_00232,3784.83,2026-01-20T02:31:00
TXN_003835,ACC_00248,ACC_00293,2160.14,2026-01-25T01:04:00
TXN_003836,ACC_00140,ACC_00200,420.02,2026-01-12T11:05:00
TXN_003837,ACC_00050,ACC_00038,1955.51,2026-01-29T17:54:00
TXN_003838,ACC_00597,ACC_00548,4332.7,2026-01-14T05:25:00
TXN_003839,ACC_00024,ACC_00052,3608.41,2026-01-11T10:12:00
TXN_003840,ACC_00544,ACC_00570,1476.23,2026-01-09T12:12:00
TXN_003841,ACC_00086,ACC_00011,1892.58,2026-01-22T09:10:00
TXN_003842,ACC_00636,ACC_00638,2882.79,2026-01-24T08:18:00
TXN_003843,ACC_00865,ACC_00803,3656.59,2026-01-11T06:42:00
TXN_003844,ACC_00531,ACC_00572,2598.55,2026-01-23T19:11:00
TXN_003845,ACC_00443,ACC_00493,2333.76,2026-01-07T02:38:00
TXN_003846,ACC_00087,ACC_00089,197.33,2026-01-16T11:17:00
TXN_003847,ACC_00038,ACC_00031,4583.26,2026-01-10T07:31:00
TXN_003848,ACC_00398,ACC_00346,4144.34,2026-01-09T20:15:00
TXN_003849,ACC_00476,ACC_00441,1979.65,2026-01-06T13:27:00
TXN_003850,ACC_00319,ACC_00314,481.93,2026-01-05T02:22:00
TXN_003851,ACC_00959,ACC_00968,3609.05,2026-01-22T05:29:00
TXN_003852,ACC_00170,ACC_00107,4878.2,2026-01-28T14:24:00
TXN_003853,ACC_00376,ACC_00312,3397.13,2026-01-29T17:04:00
TXN_003854,ACC_00728,ACC_00718,3223.7,2026-01-19T10:21:00
TXN_003855,ACC_00306,ACC_00353,3619.57,2026-01-02T13:57:00
TXN_003856,ACC_00197,ACC_00179,2488.37,2026-01-23T23:28:00
TXN_003857,ACC_00550,ACC_00513,4804.09,2026-01-22T00:18:00
TXN_003858,ACC_00700,ACC_00671,4460.2,2026-01-24T20:51:00
TXN_003859,ACC_00024,ACC_00027,4986.34,2026-01-02T05:01:00
TXN_003860,ACC_00076,ACC_00014,3895.38,2026-01-16T05:27:00
TXN_003861,ACC_00171,ACC_00117,2624.11,2026-01-28T04:17:00
TXN_003862,ACC_00032,ACC_00089,1675.92,2026-01-18T04:06:00
TXN_003863,ACC_00734,ACC_00794,4116.97,2026-01-13T21:49:00
TXN_003864,ACC_00916,ACC_00993,4584.19,2026-01-19T21:50:00
TXN_003865,ACC_00988,ACC_00928,1845.85,2026-01-18T19:54:00
TXN_003866,ACC_00518,ACC_00508,1563.03,2026-01-04T11:17:00
TXN_003867,ACC_00116,ACC_00168,3861.62,2026-01-30T02:16:00
TXN_003868,ACC_00414,ACC_00470,1136.96,2026-01-14T07:12:00
TXN_003869,ACC_00668,ACC_00662,4191.95,2026-01-16T14:35:00
TXN_003870,ACC_00918,ACC_00997,981.58,2026-01-19T12:51:00
TXN_003871,ACC_00228,ACC_00278,2534.2,2026-01-28T09:30:00
TXN_003872,ACC_00131,ACC_00158,1682.6,2026-01-13T12:23:00
TXN_003873,ACC_00610,ACC_00612,4669.55,2026-01-12T14:41:00
TXN_003874,ACC_00417,ACC_00467,2042.17,2026-01-25T09:34:00
TXN_003875,ACC_00047,ACC_00081,3892.31,2026-01-01T23:12:00
TXN_003876,ACC_00531,ACC_00564,2149.06,2026-01-18T23:59:00
TXN_003877,ACC_00067,ACC_00089,591.4,2026-01-05T08:50:00
TXN_003878,ACC_00255,ACC_00300,4694.84,2026-01-01T19:37:00
TXN_003879,ACC_00308,ACC_00367,1813.0,2026-01-10T05:55:00
TXN_003880,ACC_00678,ACC_00612,1937.56,2026-01-02T05:47:00
TXN_003881,ACC_00710,ACC_00742,508.73,2026-01-10T16:29:00
TXN_003882,ACC_00299,ACC_00228,4488.49,2026-01-12T13:27:00
TXN_003883,ACC_00507,ACC_00556,2755.95,2026-01-24T04:02:00
TXN_003884,ACC_00674,ACC_00614,3135.63,2026-01-23T02:10:00
TXN_003885,ACC_00755,ACC_00798,3224.31,2026-01-26T13:10:00
TXN_003886,ACC_00280,ACC_00227,4158.64,2026-01-24T20:53:00
TXN_003887,ACC_00496,ACC_00406,1218.08,2026-01-06T06:30:00
TXN_003888,ACC_00801,ACC_00868,3903.41,2026-01-21T08:42:00
TXN_003889,ACC_00539,ACC_00531,4315.54,2026-01-22T16:53:00
TXN_003890,ACC_00895,ACC_00868,2043.21,2026-01-07T05:05:00
TXN_003891,ACC_00330,ACC_00383,3076.4,2026-01-18T00:50:00
TXN_003892,ACC_00107,ACC_00114,2263.15,2026-01-17T20:45:00
TXN_003893,ACC_00078,ACC_00007,1847.53,2026-01-24T02:12:00
TXN_003894,ACC_00975,ACC_00991,4018.4,2026-01-03T22:49:00
TXN_003895,ACC_00474,ACC_00424,3576.12,2026-01-01T17:13:00
TXN_003896,ACC_00733,ACC_00775,2020.25,2026-01-08T12:52:00
TXN_003897,ACC_00991,ACC_00974,4713.53,2026-01-29T09:19:00
TXN_003898,ACC_00699,ACC_00680,4042.27,2026-01-27T01:33:00
TXN_003899,ACC_00471,ACC_00483,3799.88,2026-01-28T12:27:00
TXN_003900,ACC_00712,ACC_00767,734.45,2026-01-14T10:49:00
TXN_003901,ACC_00575,ACC_00550,4760.16,2026-01-29T23:31:00
TXN_003902,ACC_00319,ACC_00343,523.69,2026-01-26T17:30:00
TXN_003903,ACC_00099,ACC_00065,2851.71,2026-01-15T02:09:00
TXN_003904,ACC_00323,ACC_00325,932.92,2026-01-05T22:21:00
TXN_003905,ACC_00338,ACC_00400,3883.58,2026-01-07T10:19:00
TXN_003906,ACC_00652,ACC_00673,4803.53,2026-01-26T11:30:00
TXN_003907,ACC_00053,ACC_00080,4950.21,2026-01-02T01:04:00
TXN_003908,ACC_00720,ACC_00751,597.41,2026-01-30T03:18:00
TXN_003909,ACC_00604,ACC_00683,877.83,2026-01-21T02:46:00
TXN_003910,ACC_00340,ACC_00372,2604.77,2026-01-11T09:09:00
TXN_003911,ACC_00342,ACC_00386,4540.22,2026-01-28T09:58:00
TXN_003912,ACC_00367,ACC_00318,4486.36,2026-01-30T21:54:00
TXN_003913,ACC_00037,ACC_00001,4800.5,2026-01-16T16:29:00
TXN_003914,ACC_00119,ACC_00189,3053.93,2026-01-26T18:30:00
TXN_003915,ACC_00504,ACC_00571,2037.09,2026-01-07T16:49:00
TXN_003916,ACC_00570,ACC_00587,2176.39,2026-01-07T16:08:00
TXN_003917,ACC_00412,ACC_00471,2868.84,2026-01-18T09:43:00
TXN_003918,ACC_00553,ACC_00581,4618.07,2026-01-04T07:31:00
TXN_003919,ACC_00302,ACC_00372,4045.62,2026-01-22T22:23:00
TXN_003920,ACC_00187,ACC_00188,3834.79,2026-01-07T15:09:00
TXN_003921,ACC_00841,ACC_00874,4902.57,2026-01-16T07:55:00
TXN_003922,ACC_00133,ACC_00125,1999.37,2026-01-13T03:41:00
TXN_003923,ACC_00231,ACC_00276,4250.32,2026-01-15T03:24:00
TXN_003924,ACC_00481,ACC_00406,4164.32,2026-01-02T08:10:00
TXN_003925,ACC_00262,ACC_00297,14.88,2026-01-11T04:22:00
TXN_003926,ACC_00856,ACC_00877,4537.62,2026-01-18T18:43:00
TXN_003927,ACC_00609,ACC_00608,4170.21,2026-01-06T07:33:00
TXN_003928,ACC_00665,ACC_00626,415.26,2026-01-04T09:58:00
TXN_003929,ACC_00379,ACC_00343,249.1,2026-01-02T03:50:00
TXN_003930,ACC_00149,ACC_00168,3064.22,2026-01-03T13:09:00
TXN_003931,ACC_00411,ACC_00438,3036.6,2026-01-29T15:58:00
TXN_003932,ACC_00507,ACC_00559,3870.54,2026-01-19T13:24:00
TXN_003933,ACC_00826,ACC_00875,3213.95,2026-01-21T04:13:00
TXN_003934,ACC_00207,ACC_00294,1110.35,2026-01-17T18:20:00
TXN_003935,ACC_00435,ACC_00403,2208.84,2026-01-23T12:57:00
TXN_003936,ACC_00937,ACC_00951,300.33,2026-01-08T09:17:00
TXN_003937,ACC_00718,ACC_00793,3817.2,2026-01-19T08:25:00
TXN_003938,ACC_00686,ACC_00617,694.59,2026-01-28T03:19:00
TXN_003939,ACC_00072,ACC_00012,3627.69,2026-01-23T09:29:00
TXN_003940,ACC_00750,ACC_00707,2831.45,2026-01-08T07:49:00
TXN_003941,ACC_00909,ACC_00999,123.45,2026-01-12T23:51:00
TXN_003942,ACC_00887,ACC_00869,345.12,2026-01-12T23:02:00
TXN_003943,ACC_00326,ACC_00359,455.04,2026-01-11T13:31:00
TXN_003944,ACC_00241,ACC_00246,1021.07,2026-01-08T19:02:00
TXN_003945,ACC_00614,ACC_00660,4636.56,2026-01-25T18:56:00
TXN_003946,ACC_00702,ACC_00727,3393.38,2026-01-08T11:25:00
TXN_003947,ACC_00178,ACC_00121,1905.35,2026-01-01T00:30:00
TXN_003948,ACC_00397,ACC_00355,4127.59,2026-01-11T19:55:00
TXN_003949,ACC_00517,ACC_00560,2735.1,2026-01-23T13:29:00
TXN_003950,ACC_00549,ACC_00516,1099.09,2026-01-09T15:57:00
TXN_003951,ACC_00186,ACC_00170,1542.42,2026-01-14T12:06:00
TXN_003952,ACC_00907,ACC_00993,4324.14,2026-01-08T16:15:00
TXN_003953,ACC_00507,ACC_00519,1477.14,2026-01-19T00:05:00
TXN_003954,ACC_00013,ACC_00056,1430.96,2026-01-13T12:48:00
TXN_003955,ACC_00031,ACC_00058,3413.42,2026-01-10T07:47:00
TXN_003956,ACC_00151,ACC_00161,550.33,2026-01-25T07:28:00
TXN_003957,ACC_00260,ACC_00295,3339.71,2026-01-23T17:45:00
TXN_003958,ACC_00224,ACC_00210,4171.45,2026-01-01T15:18:00
TXN_003959,ACC_00163,ACC_00176,4138.34,2026-01-25T09:43:00
TXN_003960,ACC_00181,ACC_00125,2601.93,2026-01-12T21:11:00
TXN_003961,ACC_00622,ACC_00674,1707.29,2026-01-25T20:30:00
TXN_003962,ACC_00794,ACC_00788,2195.28,2026-01-28T14:27:00
TXN_003963,ACC_00630,ACC_00670,4384.45,2026-01-12T01:27:00
TXN_003964,ACC_00823,ACC_00870,2048.04,2026-01-15T11:49:00
TXN_003965,ACC_00530,ACC_00574,4799.24,2026-01-21T11:07:00
TXN_003966,ACC_00064,ACC_00090,2727.55,2026-01-27T18:55:00
TXN_003967,ACC_00652,ACC_00688,2273.33,2026-01-06T09:58:00
TXN_003968,ACC_00052,ACC_00064,4502.56,2026-01-11T17:43:00
TXN_003969,ACC_00900,ACC_00819,1831.78,2026-01-01T16:53:00
TXN_003970,ACC_00049,ACC_00070,430.92,2026-01-07T12:52:00
TXN_003971,ACC_00224,ACC_00229,1753.03,2026-01-29T15:13:00
TXN_003972,ACC_00212,ACC_00251,84.01,2026-01-17T15:48:00
TXN_003973,ACC_00570,ACC_00558,3436.87,2026-01-05T18:34:00
TXN_003974,ACC_00673,ACC_00620,2618.96,2026-01-04T07:35:00
TXN_003975,ACC_00210,ACC_00274,1643.69,2026-01-07T07:32:00
TXN_003976,ACC_00659,ACC_00697,4774.91,2026-01-28T00:59:00
TXN_003977,ACC_00876,ACC_00869,1183.74,2026-01-13T05:17:00
TXN_003978,ACC_00978,ACC_00970,3918.91,2026-01-14T03:27:00
TXN_003979,ACC_00021,ACC_00017,4255.85,2026-01-02T17:16:00
TXN_003980,ACC_00078,ACC_00089,3314.94,2026-01-11T11:00:00
TXN_003981,ACC_00856,ACC_00893,3586.59,2026-01-28T05:25:00
TXN_003982,ACC_00465,ACC_00438,658.64,2026-01-30T12:11:00
TXN_003983,ACC_00944,ACC_00995,2565.91,2026-01-28T17:59:00
TXN_003984,ACC_00183,ACC_00111,1740.43,2026-01-13T21:43:00
TXN_003985,ACC_00865,ACC_00859,3479.45,2026-01-02T15:06:00
TXN_003986,ACC_00712,ACC_00746,1184.05,2026-01-09T03:33:00
TXN_003987,ACC_00852,ACC_00858,2393.23,2026-01-18T18:31:00
TXN_003988,ACC_00899,ACC_00885,140.83,2026-01-09T11:59:00
TXN_003989,ACC_00958,ACC_00936,3903.44,2026-01-18T07:33:00
TXN_003990,ACC_00909,ACC_00993,3321.82,2026-01-29T13:44:00
TXN_003991,ACC_00764,ACC_00779,2467.43,2026-01-25T05:18:00
TXN_003992,ACC_00820,ACC_00880,4577.44,2026-01-27T03:36:00
TXN_003993,ACC_00864,ACC_00892,4186.85,2026-01-08T00:06:00
TXN_003994,ACC_00241,ACC_00267,988.81,2026-01-27T06:01:00
TXN_003995,ACC_00083,ACC_00069,3411.0,2026-01-15T11:37:00
TXN_003996,ACC_00052,ACC_00083,3414.87,2026-01-09T11:25:00
TXN_003997,ACC_00348,ACC_00307,4416.27,2026-01-13T06:10:00
TXN_003998,ACC_00597,ACC_00550,3641.17,2026-01-18T08:05:00
TXN_003999,ACC_00588,ACC_00559,201.2,2026-01-26T21:42:00
TXN_004000,ACC_00122,ACC_00136,887.78,2026-01-25T15:45:00
TXN_004001,ACC_00548,ACC_00535,920.95,2026-01-12T10:23:00
TXN_004002,ACC_00851,ACC_00859,1976.39,2026-01-28T00:21:00
TXN_004003,ACC_00246,ACC_00279,936.59,2026-01-14T09:18:00
TXN_004004,ACC_00382,ACC_00318,3699.41,2026-01-25T05:51:00
TXN_004005,ACC_00451,ACC_00429,2735.45,2026-01-09T20:31:00
TXN_004006,ACC_00914,ACC_00944,830.46,2026-01-19T10:15:00
TXN_004007,ACC_00188,ACC_00142,2669.87,2026-01-09T11:49:00
TXN_004008,ACC_00593,ACC_00562,4570.63,2026-01-09T02:18:00
TXN_004009,ACC_00550,ACC_00522,867.57,2026-01-27T04:32:00
TXN_004010,ACC_00929,ACC_00989,1723.19,2026-01-11T02:46:00
TXN_004011,ACC_00988,ACC_00948,1125.53,2026-01-05T15:39:00
TXN_004012,ACC_00814,ACC_00872,1852.46,2026-01-18T19:18:00
TXN_004013,ACC_00083,ACC_00063,1321.62,2026-01-24T14:48:00
TXN_004014,ACC_00672,ACC_00642,3053.32,2026-01-01T17:04:00
TXN_004015,ACC_00799,ACC_00788,4126.06,2026-01-14T01:48:00
TXN_004016,ACC_00301,ACC_00325,3144.36,2026-01-14T22:54:00
TXN_004017,ACC_00187,ACC_00166,381.8,2026-01-27T06:11:00
TXN_004018,ACC_00162,ACC_00177,832.43,2026-01-23T00:55:00
TXN_004019,ACC_00367,ACC_00391,2914.07,2026-01-16T04:23:00
TXN_004020,ACC_00405,ACC_00412,1058.83,2026-01-17T13:49:00
TXN_004021,ACC_00412,ACC_00442,2273.85,2026-01-14T08:44:00
TXN_004022,ACC_00542,ACC_00526,1090.81,2026-01-05T21:06:00
TXN_004023,ACC_00247,ACC_00280,4089.52,2026-01-10T18:15:00
TXN_004024,ACC_00794,ACC_00768,1198.36,2026-01-05T10:21:00
TXN_004025,ACC_00658,ACC_00641,90.12,2026-01-03T02:01:00
TXN_004026,ACC_00935,ACC_00920,4013.89,2026-01-30T06:40:00
TXN_004027,ACC_00499,ACC_00412,3883.91,2026-01-02T14:26:00
TXN_004028,ACC_00259,ACC_00250,2650.77,2026-01-29T00:31:00
TXN_004029,ACC_00190,ACC_00176,2369.71,2026-01-24T20:02:00
TXN_004030,ACC_00078,ACC_00094,3791.25,2026-01-06T23:46:00
TXN_004031,ACC_00035,ACC_00047,1182.7,2026-01-06T21:44:00
TXN_004032,ACC_00868,ACC_00872,2016.95,2026-01-16T20:27:00
TXN_004033,ACC_00243,ACC_00272,2086.25,2026-01-20T11:39:00
TXN_004034,ACC_00599,ACC_00575,2083.41,2026-01-24T01:10:00
TXN_004035,ACC_00769,ACC_00757,1500.26,2026-01-13T17:19:00
TXN_004036,ACC_00218,ACC_00264,2555.94,2026-01-16T09:03:00
TXN_004037,ACC_00470,ACC_00481,3667.11,2026-01-16T10:51:00
TXN_004038,ACC_00647,ACC_00641,1447.28,2026-01-28T22:16:00
TXN_004039,ACC_00817,ACC_00839,4553.33,2026-01-28T23:04:00
TXN_004040,ACC_00189,ACC_00155,136.72,2026-01-16T02:57:00
TXN_004041,ACC_00006,ACC_00020,1868.79,2026-01-14T23:09:00
TXN_004042,ACC_00376,ACC_00383,373.01,2026-01-11T13:30:00
TXN_004043,ACC_00317,ACC_00383,3998.57,2026-01-06T06:24:00
TXN_004044,ACC_00509,ACC_00527,1626.64,2026-01-01T06:05:00
TXN_004045,ACC_00705,ACC_00767,3170.76,2026-01-10T06:55:00
TXN_004046,ACC_00672,ACC_00695,3413.15,2026-01-09T06:57:00
TXN_004047,ACC_00439,ACC_00437,2628.71,2026-01-24T15:46:00
TXN_004048,ACC_00650,ACC_00676,4975.55,2026-01-29T05:09:00
TXN_004049,ACC_00719,ACC_00764,2121.13,2026-01-11T02:34:00
TXN_004050,ACC_00793,ACC_00738,2072.26,2026-01-30T06:29:00
TXN_004051,ACC_00017,ACC_00047,4924.1,2026-01-24T10:51:00
TXN_004052,ACC_00248,ACC_00237,4749.02,2026-01-10T12:26:00
TXN_004053,ACC_00168,ACC_00128,3540.75,2026-01-08T20:49:00
TXN_004054,ACC_00195,ACC_00118,4183.33,2026-01-09T15:59:00
TXN_004055,ACC_00226,ACC_00278,4394.53,2026-01-07T12:25:00
TXN_004056,ACC_00081,ACC_00040,472.09,2026-01-29T09:38:00
TXN_004057,ACC_00695,ACC_00602,2602.76,2026-01-05T02:08:00
TXN_004058,ACC_00634,ACC_00663,1027.75,2026-01-08T06:55:00
TXN_004059,ACC_00860,ACC_00845,2667.24,2026-01-02T02:27:00
TXN_004060,ACC_00752,ACC_00767,3329.13,2026-01-04T23:07:00
TXN_004061,ACC_00224,ACC_00245,2326.66,2026-01-22T20:22:00
TXN_004062,ACC_00496,ACC_00447,3142.4,2026-01-26T13:53:00
TXN_004063,ACC_00718,ACC_00749,4315.06,2026-01-08T01:02:00
TXN_004064,ACC_00042,ACC_00019,460.27,2026-01-29T03:41:00
TXN_004065,ACC_00749,ACC_00785,1213.03,2026-01-26T04:53:00
TXN_004066,ACC_00151,ACC_00107,4346.46,2026-01-26T00:03:00
TXN_004067,ACC_00716,ACC_00783,885.99,2026-01-22T08:01:00
TXN_004068,ACC_00788,ACC_00728,2220.06,2026-01-10T00:37:00
TXN_004069,ACC_00373,ACC_00384,4833.43,2026-01-27T12:18:00
TXN_004070,ACC_00042,ACC_00024,784.41,2026-01-08T20:27:00
TXN_004071,ACC_00979,ACC_00928,4408.98,2026-01-19T17:56:00
TXN_004072,ACC_00194,ACC_00155,3289.66,2026-01-15T21:07:00
TXN_004073,ACC_00910,ACC_00982,1189.0,2026-01-14T19:10:00
TXN_004074,ACC_00819,ACC_00831,1632.26,2026-01-08T13:55:00
TXN_004075,ACC_00590,ACC_00532,4279.94,2026-01-27T06:53:00
TXN_004076,ACC_00827,ACC_00841,4699.08,2026-01-26T07:14:00
TXN_004077,ACC_00454,ACC_00416,3626.68,2026-01-23T06:13:00
TXN_004078,ACC_00795,ACC_00796,1102.14,2026-01-23T10:35:00
TXN_004079,ACC_00638,ACC_00632,2859.51,2026-01-01T21:21:00
TXN_004080,ACC_00433,ACC_00474,3059.95,2026-01-23T16:04:00
TXN_004081,ACC_00124,ACC_00158,4126.1,2026-01-28T11:18:00
TXN_004082,ACC_00957,ACC_00901,2859.51,2026-01-09T12:01:00
TXN_004083,ACC_00709,ACC_00721,1662.24,2026-01-03T12:33:00
TXN_004084,ACC_00960,ACC_00998,4554.21,2026-01-24T23:37:00
TXN_004085,ACC_00128,ACC_00163,699.99,2026-01-15T21:02:00
TXN_004086,ACC_00867,ACC_00832,754.71,2026-01-06T22:43:00
TXN_004087,ACC_00118,ACC_00147,3648.72,2026-01-19T01:46:00
TXN_004088,ACC_00071,ACC_00025,197.91,2026-01-08T21:15:00
TXN_004089,ACC_00034,ACC_00098,2449.84,2026-01-26T05:20:00
TXN_004090,ACC_00767,ACC_00765,4319.48,2026-01-24T00:35:00
TXN_004091,ACC_00745,ACC_00788,3469.66,2026-01-10T14:00:00
TXN_004092,ACC_00586,ACC_00566,931.43,2026-01-17T06:20:00
TXN_004093,ACC_00851,ACC_00808,1017.96,2026-01-02T20:10:00
TXN_004094,ACC_00439,ACC_00431,3230.58,2026-01-18T15:38:00
TXN_004095,ACC_00974,ACC_00942,2306.47,2026-01-05T23:34:00
TXN_004096,ACC_00521,ACC_00527,4493.71,2026-01-26T23:09:00
TXN_004097,ACC_00103,ACC_00200,3218.13,2026-01-07T18:58:00
TXN_004098,ACC_00300,ACC_00294,3748.9,2026-01-27T17:01:00
TXN_004099,ACC_00012,ACC_00039,2395.06,2026-01-10T01:11:00
TXN_004100,ACC_00825,ACC_00808,4118.01,2026-01-28T20:33:00
TXN_004101,ACC_00074,ACC_00054,422.41,2026-01-22T09:28:00
TXN_004102,ACC_00964,ACC_00912,4837.4,2026-01-28T16:51:00
TXN_004103,ACC_00251,ACC_00207,763.15,2026-01-29T19:43:00
TXN_004104,ACC_00215,ACC_00227,599.22,2026-01-08T03:55:00
TXN_004105,ACC_00753,ACC_00760,276.98,2026-01-07T08:31:00
TXN_004106,ACC_00999,ACC_00996,588.51,2026-01-05T01:28:00
TXN_004107,ACC_00652,ACC_00614,4567.29,2026-01-06T21:27:00
TXN_004108,ACC_00016,ACC_00080,2237.99,2026-01-02T10:51:00
TXN_004109,ACC_00585,ACC_00596,3802.16,2026-01-25T01:58:00
TXN_004110,ACC_00326,ACC_00380,194.74,2026-01-10T17:50:00
TXN_004111,ACC_00925,ACC_00956,1693.19,2026-01-18T07:22:00
TXN_004112,ACC_00802,ACC_00885,2282.16,2026-01-09T03:20:00
TXN_004113,ACC_00500,ACC_00467,756.66,2026-01-05T17:11:00
TXN_004114,ACC_00423,ACC_00413,1429.41,2026-01-05T02:24:00
TXN_004115,ACC_00888,ACC_00851,2628.83,2026-01-29T11:02:00
TXN_004116,ACC_00502,ACC_00574,4910.1,2026-01-15T20:46:00
TXN_004117,ACC_00277,ACC_00237,652.75,2026-01-18T02:13:00
TXN_004118,ACC_00925,ACC_00990,4972.89,2026-01-17T16:33:00
TXN_004119,ACC_00593,ACC_00549,4054.22,2026-01-04T00:06:00
TXN_004120,ACC_00028,ACC_00092,2985.05,2026-01-26T21:21:00
TXN_004121,ACC_00300,ACC_00289,2487.82,2026-01-27T13:17:00
TXN_004122,ACC_00100,ACC_00013,4844.74,2026-01-11T09:58:00
TXN_004123,ACC_00119,ACC_00136,2125.07,2026-01-09T16:21:00
TXN_004124,ACC_00571,ACC_00542,1839.79,2026-01-25T13:25:00
TXN_004125,ACC_00498,ACC_00417,4233.25,2026-01-10T15:34:00
TXN_004126,ACC_00410,ACC_00496,137.97,2026-01-08T02:34:00
TXN_004127,ACC_00707,ACC_00755,1815.49,2026-01-06T14:28:00
TXN_004128,ACC_00262,ACC_00230,2479.34,2026-01-26T08:58:00
TXN_004129,ACC_00022,ACC_00077,316.98,2026-01-29T04:34:00
TXN_004130,ACC_00156,ACC_00155,121.68,2026-01-27T21:19:00
TXN_004131,ACC_00317,ACC_00337,3253.97,2026-01-25T04:02:00
TXN_004132,ACC_00144,ACC_00141,4765.04,2026-01-12T21:08:00
TXN_004133,ACC_00288,ACC_00281,47.81,2026-01-30T05:16:00
TXN_004134,ACC_00405,ACC_00432,632.23,2026-01-03T16:03:00
TXN_004135,ACC_00947,ACC_00952,2826.5,2026-01-23T14:11:00
TXN_004136,ACC_00748,ACC_00755,3118.3,2026-01-15T00:42:00
TXN_004137,ACC_00557,ACC_00576,1866.13,2026-01-16T20:08:00
TXN_004138,ACC_00623,ACC_00632,2403.06,2026-01-12T10:27:00
TXN_004139,ACC_00118,ACC_00133,2176.58,2026-01-22T00:20:00
TXN_004140,ACC_00106,ACC_00172,3848.09,2026-01-03T16:52:00
TXN_004141,ACC_00816,ACC_00805,142.96,2026-01-10T10:20:00
TXN_004142,ACC_00671,ACC_00630,2252.14,2026-01-05T13:38:00
TXN_004143,ACC_00498,ACC_00412,817.75,2026-01-23T06:06:00
TXN_004144,ACC_00806,ACC_00870,2589.09,2026-01-01T14:20:00
TXN_004145,ACC_00558,ACC_00514,2967.81,2026-01-07T17:47:00
TXN_004146,ACC_00144,ACC_00191,2322.64,2026-01-03T18:24:00
TXN_004147,ACC_00366,ACC_00306,2270.29,2026-01-19T14:17:00
TXN_004148,ACC_00307,ACC_00360,1667.38,2026-01-11T10:20:00
TXN_004149,ACC_00037,ACC_00047,4769.9,2026-01-25T03:39:00
TXN_004150,ACC_00739,ACC_00726,883.15,2026-01-19T05:34:00
TXN_004151,ACC_00304,ACC_00303,2181.13,2026-01-26T17:16:00
TXN_004152,ACC_00569,ACC_00568,2239.63,2026-01-17T04:07:00
TXN_004153,ACC_00677,ACC_00633,158.12,2026-01-23T13:57:00
TXN_004154,ACC_00172,ACC_00101,1002.83,2026-01-16T04:33:00
TXN_004155,ACC_00378,ACC_00352,4114.7,2026-01-08T03:01:00
TXN_004156,ACC_00733,ACC_00756,2189.68,2026-01-18T21:56:00
TXN_004157,ACC_00211,ACC_00246,329.73,2026-01-27T15:08:00
TXN_004158,ACC_00318,ACC_00390,104.71,2026-01-22T14:49:00
TXN_004159,ACC_00035,ACC_00052,2133.56,2026-01-19T21:04:00
TXN_004160,ACC_00443,ACC_00481,134.42,2026-01-27T19:41:00
TXN_004161,ACC_00115,ACC_00107,2946.69,2026-01-21T08:10:00
TXN_004162,ACC_00716,ACC_00733,108.04,2026-01-02T16:47:00
TXN_004163,ACC_00475,ACC_00431,3843.68,2026-01-25T18:03:00
TXN_004164,ACC_00809,ACC_00892,3788.86,2026-01-26T14:51:00
TXN_004165,ACC_00474,ACC_00401,1253.96,2026-01-15T08:06:00
TXN_004166,ACC_00141,ACC_00123,1285.05,2026-01-02T22:11:00
TXN_004167,ACC_00965,ACC_00905,1495.17,2026-01-27T20:03:00
TXN_004168,ACC_00964,ACC_00951,2650.65,2026-01-28T14:01:00
TXN_004169,ACC_00782,ACC_00729,334.94,2026-01-30T11:49:00
TXN_004170,ACC_00776,ACC_00757,4070.19,2026-01-06T11:22:00
TXN_004171,ACC_00678,ACC_00672,519.26,2026-01-14T07:36:00
TXN_004172,ACC_00613,ACC_00620,2429.93,2026-01-10T20:14:00
TXN_004173,ACC_00063,ACC_00062,1338.21,2026-01-26T23:42:00
TXN_004174,ACC_00323,ACC_00398,2190.1,2026-01-15T16:03:00
TXN_004175,ACC_00395,ACC_00389,3351.96,2026-01-24T10:56:00
TXN_004176,ACC_00938,ACC_00975,4560.73,2026-01-26T20:54:00
TXN_004177,ACC_00958,ACC_00902,3560.32,2026-01-04T01:10:00
TXN_004178,ACC_00422,ACC_00456,141.27,2026-01-07T08:26:00
TXN_004179,ACC_00707,ACC_00766,4100.87,2026-01-21T23:15:00
TXN_004180,ACC_00822,ACC_00814,2059.6,2026-01-05T01:14:00
TXN_004181,ACC_00285,ACC_00286,3157.81,2026-01-02T05:57:00
TXN_004182,ACC_00413,ACC_00470,1183.7,2026-01-04T19:24:00
TXN_004183,ACC_00974,ACC_00966,2527.24,2026-01-28T02:24:00
TXN_004184,ACC_00958,ACC_00919,426.67,2026-01-06T02:17:00
TXN_004185,ACC_00703,ACC_00794,2523.21,2026-01-25T11:05:00
TXN_004186,ACC_00938,ACC_00985,162.37,2026-01-24T03:06:00
TXN_004187,ACC_00170,ACC_00152,1527.53,2026-01-12T20:01:00
TXN_004188,ACC_00221,ACC_00298,2261.94,2026-01-06T11:20:00
TXN_004189,ACC_00567,ACC_00566,2859.73,2026-01-11T14:38:00
TXN_004190,ACC_00765,ACC_00748,4663.21,2026-01-20T22:02:00
TXN_004191,ACC_00823,ACC_00808,1304.91,2026-01-02T04:03:00
TXN_004192,ACC_00054,ACC_00061,2371.64,2026-01-15T13:44:00
TXN_004193,ACC_00124,ACC_00125,2821.51,2026-01-18T07:20:00
TXN_004194,ACC_00477,ACC_00452,3825.4,2026-01-05T03:56:00
TXN_004195,ACC_00121,ACC_00166,3374.96,2026-01-23T17:47:00
TXN_004196,ACC_00935,ACC_00922,3355.36,2026-01-28T07:15:00
TXN_004197,ACC_00865,ACC_00820,3633.77,2026-01-22T02:06:00
TXN_004198,ACC_00675,ACC_00686,3326.27,2026-01-22T17:09:00
TXN_004199,ACC_00035,ACC_00006,1779.66,2026-01-27T19:10:00
TXN_004200,ACC_00134,ACC_00112,2123.38,2026-01-27T10:34:00
TXN_004201,ACC_00555,ACC_00506,4498.94,2026-01-23T11:58:00
TXN_004202,ACC_00323,ACC_00363,3374.22,2026-01-13T22:19:00
TXN_004203,ACC_00872,ACC_00829,3617.1,2026-01-16T04:03:00
TXN_004204,ACC_00514,ACC_00600,2909.36,2026-01-21T22:42:00
TXN_004205,ACC_00624,ACC_00638,235.39,2026-01-30T03:02:00
TXN_004206,ACC_00954,ACC_00990,1422.37,2026-01-30T02:40:00
TXN_004207,ACC_00949,ACC_00950,1250.79,2026-01-25T21:14:00
TXN_004208,ACC_00479,ACC_00455,1335.57,2026-01-02T03:59:00
TXN_004209,ACC_00840,ACC_00820,2225.29,2026-01-03T22:44:00
TXN_004210,ACC_00272,ACC_00244,1935.82,2026-01-05T15:38:00
TXN_004211,ACC_00246,ACC_00275,4129.34,2026-01-12T01:35:00
TXN_004212,ACC_00636,ACC_00670,634.04,2026-01-25T21:09:00
TXN_004213,ACC_00874,ACC_00900,1336.93,2026-01-11T02:29:00
TXN_004214,ACC_00669,ACC_00690,1147.48,2026-01-23T20:06:00
TXN_004215,ACC_00056,ACC_00018,1981.99,2026-01-12T18:23:00
TXN_004216,ACC_00297,ACC_00268,3013.69,2026-01-21T06:14:00
TXN_004217,ACC_00155,ACC_00103,4166.77,2026-01-29T08:44:00
TXN_004218,ACC_00139,ACC_00110,4993.57,2026-01-10T18:14:00
TXN_004219,ACC_00176,ACC_00197,1795.16,2026-01-12T07:11:00
TXN_004220,ACC_00982,ACC_00921,3576.53,2026-01-10T07:26:00
TXN_004221,ACC_00130,ACC_00128,3601.38,2026-01-22T14:56:00
TXN_004222,ACC_00044,ACC_00024,228.52,2026-01-12T07:33:00
TXN_004223,ACC_00442,ACC_00472,481.03,2026-01-24T06:11:00
TXN_004224,ACC_00600,ACC_00590,4550.95,2026-01-01T23:57:00
TXN_004225,ACC_00536,ACC_00597,2483.0,2026-01-14T17:57:00
TXN_004226,ACC_00416,ACC_00479,2150.3,2026-01-05T10:20:00
TXN_004227,ACC_00025,ACC_00090,1375.26,2026-01-14T03:49:00
TXN_004228,ACC_00954,ACC_00952,2355.53,2026-01-03T21:00:00
TXN_004229,ACC_00796,ACC_00709,642.62,2026-01-24T11:22:00
TXN_004230,ACC_00477,ACC_00469,3767.51,2026-01-27T02:07:00
TXN_004231,ACC_00070,ACC_00094,4332.83,2026-01-01T03:06:00
TXN_004232,ACC_00771,ACC_00719,1364.78,2026-01-05T09:50:00
TXN_004233,ACC_00735,ACC_00753,4240.48,2026-01-24T12:40:00
TXN_004234,ACC_00129,ACC_00142,931.69,2026-01-29T07:59:00
TXN_004235,ACC_00681,ACC_00649,2734.12,2026-01-13T01:28:00
TXN_004236,ACC_00985,ACC_00969,4025.78,2026-01-29T02:22:00
TXN_004237,ACC_00390,ACC_00375,3485.43,2026-01-19T00:20:00
TXN_004238,ACC_00857,ACC_00840,1912.0,2026-01-24T01:28:00
TXN_004239,ACC_00489,ACC_00412,1708.02,2026-01-15T21:31:00
TXN_004240,ACC_00441,ACC_00485,562.12,2026-01-03T05:50:00
TXN_004241,ACC_00918,ACC_00993,3400.82,2026-01-28T06:23:00
TXN_004242,ACC_00088,ACC_00100,4973.47,2026-01-22T17:50:00
TXN_004243,ACC_00390,ACC_00349,1762.79,2026-01-03T00:35:00
TXN_004244,ACC_00161,ACC_00111,3417.0,2026-01-20T05:27:00
TXN_004245,ACC_00030,ACC_00077,3766.0,2026-01-25T11:26:00
TXN_004246,ACC_00851,ACC_00827,1578.8,2026-01-20T04:06:00
TXN_004247,ACC_00691,ACC_00683,509.04,2026-01-06T17:22:00
TXN_004248,ACC_00934,ACC_00942,3001.47,2026-01-17T22:44:00
TXN_004249,ACC_00663,ACC_00601,133.62,2026-01-03T05:41:00
TXN_004250,ACC_00939,ACC_00918,2656.46,2026-01-14T14:16:00
TXN_004251,ACC_00933,ACC_00923,1473.65,2026-01-03T03:17:00
TXN_004252,ACC_00649,ACC_00688,3929.73,2026-01-13T11:15:00
TXN_004253,ACC_00879,ACC_00856,2492.54,2026-01-20T15:08:00
TXN_004254,ACC_00042,ACC_00056,817.53,2026-01-12T22:19:00
TXN_004255,ACC_00441,ACC_00455,2455.25,2026-01-17T13:47:00
TXN_004256,ACC_00744,ACC_00769,2860.34,2026-01-02T07:52:00
TXN_004257,ACC_00499,ACC_00441,969.51,2026-01-11T01:05:00
TXN_004258,ACC_00878,ACC_00804,662.97,2026-01-20T08:22:00
TXN_004259,ACC_00534,ACC_00552,3918.56,2026-01-18T08:26:00
TXN_004260,ACC_00299,ACC_00254,3505.99,2026-01-16T07:33:00
TXN_004261,ACC_00014,ACC_00051,1676.67,2026-01-29T18:59:00
TXN_004262,ACC_00945,ACC_00930,55.69,2026-01-03T10:39:00
TXN_004263,ACC_00621,ACC_00624,882.79,2026-01-06T09:20:00
TXN_004264,ACC_00424,ACC_00498,2146.63,2026-01-21T13:37:00
TXN_004265,ACC_00789,ACC_00785,1559.98,2026-01-22T13:40:00
TXN_004266,ACC_00298,ACC_00241,345.99,2026-01-28T21:51:00
TXN_004267,ACC_00014,ACC_00011,1411.84,2026-01-09T01:11:00
TXN_004268,ACC_00112,ACC_00148,4078.27,2026-01-23T21:48:00
TXN_004269,ACC_00469,ACC_00467,1947.34,2026-01-30T02:24:00
TXN_004270,ACC_00001,ACC_00098,84.92,2026-01-25T10:23:00
TXN_004271,ACC_00776,ACC_00767,2411.19,2026-01-19T00:37:00
TXN_004272,ACC_00772,ACC_00717,4374.35,2026-01-09T21:57:00
TXN_004273,ACC_00274,ACC_00277,2226.0,2026-01-17T07:25:00
TXN_004274,ACC_00035,ACC_00058,4971.14,2026-01-07T03:21:00
TXN_004275,ACC_00634,ACC_00622,4061.83,2026-01-30T01:30:00
TXN_004276,ACC_00119,ACC_00194,4598.41,2026-01-06T01:08:00
TXN_004277,ACC_00027,ACC_00068,1151.75,2026-01-12T10:24:00
TXN_004278,ACC_00744,ACC_00730,1735.14,2026-01-20T13:45:00
TXN_004279,ACC_00994,ACC_00950,249.99,2026-01-25T05:24:00
TXN_004280,ACC_00845,ACC_00882,1848.79,2026-01-08T16:22:00
TXN_004281,ACC_00466,ACC_00423,648.3,2026-01-15T02:20:00
TXN_004282,ACC_00889,ACC_00897,2522.28,2026-01-11T14:01:00
TXN_004283,ACC_00447,ACC_00497,245.27,2026-01-13T05:06:00
TXN_004284,ACC_00633,ACC_00640,1843.46,2026-01-30T17:03:00
TXN_004285,ACC_00744,ACC_00795,4350.65,2026-01-07T15:04:00
TXN_004286,ACC_00115,ACC_00118,779.28,2026-01-09T19:24:00
TXN_004287,ACC_00737,ACC_00799,3077.74,2026-01-25T10:50:00
TXN_004288,ACC_00788,ACC_00780,2259.24,2026-01-04T20:41:00
TXN_004289,ACC_00698,ACC_00627,3325.85,2026-01-12T01:18:00
TXN_004290,ACC_00263,ACC_00222,966.22,2026-01-02T09:32:00
TXN_004291,ACC_00869,ACC_00849,4100.04,2026-01-08T17:22:00
TXN_004292,ACC_00746,ACC_00792,3278.72,2026-01-01T13:46:00
TXN_004293,ACC_00009,ACC_00078,4811.96,2026-01-18T14:44:00
TXN_004294,ACC_00033,ACC_00043,979.87,2026-01-29T21:57:00
TXN_004295,ACC_00678,ACC_00630,3598.74,2026-01-15T18:59:00
TXN_004296,ACC_00819,ACC_00835,4470.03,2026-01-29T09:42:00
TXN_004297,ACC_00530,ACC_00540,188.46,2026-01-01T12:54:00
TXN_004298,ACC_00166,ACC_00109,2208.3,2026-01-19T00:54:00
TXN_004299,ACC_00837,ACC_00866,4214.38,2026-01-04T01:08:00
TXN_004300,ACC_00523,ACC_00536,1279.42,2026-01-12T13:32:00
TXN_004301,ACC_00534,ACC_00555,4131.0,2026-01-03T10:25:00
TXN_004302,ACC_00369,ACC_00347,2380.81,2026-01-04T00:02:00
TXN_004303,ACC_00928,ACC_00958,544.69,2026-01-26T03:26:00
TXN_004304,ACC_00531,ACC_00583,625.43,2026-01-28T02:43:00
TXN_004305,ACC_00859,ACC_00865,3308.74,2026-01-24T07:46:00
TXN_004306,ACC_00895,ACC_00850,2843.81,2026-01-29T07:29:00
TXN_004307,ACC_00676,ACC_00668,3884.29,2026-01-24T09:57:00
TXN_004308,ACC_00908,ACC_00940,2411.39,2026-01-15T07:31:00
TXN_004309,ACC_00262,ACC_00214,4200.33,2026-01-13T11:32:00
TXN_004310,ACC_00233,ACC_00249,191.78,2026-01-11T14:00:00
TXN_004311,ACC_00194,ACC_00177,3741.02,2026-01-25T14:18:00
TXN_004312,ACC_00691,ACC_00633,1346.32,2026-01-08T23:10:00
TXN_004313,ACC_00372,ACC_00384,2966.04,2026-01-11T07:16:00
TXN_004314,ACC_00267,ACC_00231,2844.39,2026-01-11T20:15:00
TXN_004315,ACC_00120,ACC_00115,3301.06,2026-01-30T09:40:00
TXN_004316,ACC_00704,ACC_00751,4719.07,2026-01-08T03:36:00
TXN_004317,ACC_00927,ACC_00923,4336.0,2026-01-24T12:47:00
TXN_004318,ACC_00092,ACC_00074,4621.37,2026-01-26T08:26:00
TXN_004319,ACC_00219,ACC_00216,4082.91,2026-01-03T00:54:00
TXN_004320,ACC_00024,ACC_00030,4445.93,2026-01-08T23:56:00
TXN_004321,ACC_00009,ACC_00089,1935.84,2026-01-24T18:11:00
TXN_004322,ACC_00649,ACC_00615,4551.1,2026-01-03T01:29:00
TXN_004323,ACC_00881,ACC_00877,4598.56,2026-01-26T09:36:00
TXN_004324,ACC_00792,ACC_00750,65.91,2026-01-06T12:55:00
TXN_004325,ACC_00138,ACC_00125,1924.74,2026-01-17T23:03:00
TXN_004326,ACC_00137,ACC_00108,4489.73,2026-01-11T16:56:00
TXN_004327,ACC_00441,ACC_00484,3209.35,2026-01-12T02:28:00
TXN_004328,ACC_00176,ACC_00166,3932.98,2026-01-03T03:44:00
TXN_004329,ACC_00454,ACC_00497,3211.16,2026-01-26T01:06:00
TXN_004330,ACC_00341,ACC_00340,4333.11,2026-01-19T14:22:00
TXN_004331,ACC_00941,ACC_00987,184.0,2026-01-05T10:40:00
TXN_004332,ACC_00394,ACC_00399,2290.65,2026-01-01T18:27:00
TXN_004333,ACC_00624,ACC_00601,4088.67,2026-01-17T20:12:00
TXN_004334,ACC_00443,ACC_00496,1902.16,2026-01-27T18:36:00
TXN_004335,ACC_00143,ACC_00103,2185.2,2026-01-03T02:19:00
TXN_004336,ACC_00655,ACC_00635,378.39,2026-01-05T04:31:00
TXN_004337,ACC_00648,ACC_00639,3547.7,2026-01-04T22:31:00
TXN_004338,ACC_00337,ACC_00301,2712.85,2026-01-21T08:15:00
TXN_004339,ACC_00152,ACC_00179,1351.63,2026-01-27T22:03:00
TXN_004340,ACC_00961,ACC_00906,3079.73,2026-01-24T19:01:00
TXN_004341,ACC_00599,ACC_00572,2155.18,2026-01-09T20:36:00
TXN_004342,ACC_00826,ACC_00838,712.73,2026-01-26T05:04:00
TXN_004343,ACC_00893,ACC_00873,3112.93,2026-01-26T16:41:00
TXN_004344,ACC_00250,ACC_00278,3926.71,2026-01-21T21:28:00
TXN_004345,ACC_00830,ACC_00870,2794.57,2026-01-20T17:26:00
TXN_004346,ACC_00882,ACC_00873,2367.67,2026-01-06T09:13:00
TXN_004347,ACC_00779,ACC_00710,162.87,2026-01-17T13:40:00
TXN_004348,ACC_00955,ACC_00924,2273.14,2026-01-17T12:30:00
TXN_004349,ACC_00173,ACC_00159,126.63,2026-01-18T03:50:00
TXN_004350,ACC_00931,ACC_00917,4716.91,2026-01-02T00:19:00
TXN_004351,ACC_00256,ACC_00290,2278.22,2026-01-17T07:35:00
TXN_004352,ACC_00874,ACC_00872,1906.9,2026-01-09T12:00:00
TXN_004353,ACC_00411,ACC_00471,3807.65,2026-01-01T06:23:00
TXN_004354,ACC_00948,ACC_00918,3921.99,2026-01-04T07:33:00
TXN_004355,ACC_00543,ACC_00566,4857.86,2026-01-15T07:21:00
TXN_004356,ACC_00159,ACC_00163,1461.03,2026-01-21T19:04:00
TXN_004357,ACC_00186,ACC_00196,2446.51,2026-01-07T06:41:00
TXN_004358,ACC_00678,ACC_00624,491.89,2026-01-04T09:30:00
TXN_004359,ACC_00819,ACC_00836,3046.67,2026-01-05T04:22:00
TXN_004360,ACC_00952,ACC_00918,1338.69,2026-01-20T19:56:00
TXN_004361,ACC_00219,ACC_00278,1677.99,2026-01-22T17:35:00
TXN_004362,ACC_00910,ACC_00958,4057.7,2026-01-03T10:19:00
TXN_004363,ACC_00493,ACC_00494,1339.34,2026-01-17T16:15:00
TXN_004364,ACC_00214,ACC_00271,3408.27,2026-01-16T18:35:00
TXN_004365,ACC_00563,ACC_00506,2181.24,2026-01-15T12:23:00
TXN_004366,ACC_00817,ACC_00801,716.26,2026-01-27T07:18:00
TXN_004367,ACC_00564,ACC_00501,100.13,2026-01-27T03:31:00
TXN_004368,ACC_00009,ACC_00081,1105.59,2026-01-19T04:08:00
TXN_004369,ACC_00553,ACC_00536,2302.2,2026-01-03T09:42:00
TXN_004370,ACC_00318,ACC_00336,4959.48,2026-01-22T09:22:00
TXN_004371,ACC_00821,ACC_00872,1647.21,2026-01-28T19:24:00
TXN_004372,ACC_00401,ACC_00408,2432.52,2026-01-05T01:10:00
TXN_004373,ACC_00824,ACC_00821,3588.21,2026-01-12T21:58:00
TXN_004374,ACC_00312,ACC_00318,371.72,2026-01-20T02:24:00
TXN_004375,ACC_00899,ACC_00848,2412.54,2026-01-01T06:49:00
TXN_004376,ACC_00045,ACC_00072,3493.09,2026-01-30T04:40:00
TXN_004377,ACC_00012,ACC_00015,1865.29,2026-01-27T03:21:00
TXN_004378,ACC_00079,ACC_00023,4430.68,2026-01-22T02:37:00
TXN_004379,ACC_00185,ACC_00112,937.79,2026-01-15T08:02:00
TXN_004380,ACC_00196,ACC_00106,1144.79,2026-01-17T12:11:00
TXN_004381,ACC_00707,ACC_00773,1006.05,2026-01-07T04:43:00
TXN_004382,ACC_00060,ACC_00010,2972.31,2026-01-20T13:52:00
TXN_004383,ACC_00001,ACC_00062,4531.19,2026-01-12T16:05:00
TXN_004384,ACC_00165,ACC_00174,2813.25,2026-01-15T05:04:00
TXN_004385,ACC_00590,ACC_00538,4055.53,2026-01-11T07:56:00
TXN_004386,ACC_00273,ACC_00267,2071.89,2026-01-22T07:32:00
TXN_004387,ACC_00874,ACC_00828,1729.62,2026-01-19T18:09:00
TXN_004388,ACC_00933,ACC_00936,3832.3,2026-01-22T11:47:00
TXN_004389,ACC_00694,ACC_00612,3967.23,2026-01-29T10:01:00
TXN_004390,ACC_00819,ACC_00861,4025.82,2026-01-10T04:50:00
TXN_004391,ACC_00811,ACC_00828,187.25,2026-01-04T05:14:00
TXN_004392,ACC_00506,ACC_00520,3875.67,2026-01-17T00:15:00
TXN_004393,ACC_00952,ACC_00929,352.92,2026-01-09T08:04:00
TXN_004394,ACC_00428,ACC_00494,2194.87,2026-01-17T09:09:00
TXN_004395,ACC_00898,ACC_00831,4358.07,2026-01-16T08:31:00
TXN_004396,ACC_00254,ACC_00268,2034.1,2026-01-03T18:03:00
TXN_004397,ACC_00470,ACC_00456,3729.21,2026-01-02T18:30:00
TXN_004398,ACC_00725,ACC_00776,1102.96,2026-01-25T22:30:00
TXN_004399,ACC_00439,ACC_00470,984.21,2026-01-23T21:49:00
TXN_004400,ACC_00423,ACC_00441,1919.3,2026-01-11T08:52:00
TXN_004401,ACC_00452,ACC_00418,246.69,2026-01-25T14:02:00
TXN_004402,ACC_00507,ACC_00558,4635.79,2026-01-21T05:19:00
TXN_004403,ACC_00051,ACC_00047,3103.17,2026-01-21T10:24:00
TXN_004404,ACC_00511,ACC_00547,805.68,2026-01-19T01:42:00
TXN_004405,ACC_00924,ACC_00994,2974.39,2026-01-01T10:37:00
TXN_004406,ACC_00843,ACC_00899,544.63,2026-01-15T18:29:00
TXN_004407,ACC_00781,ACC_00790,3655.79,2026-01-15T02:01:00
TXN_004408,ACC_00914,ACC_00930,4755.7,2026-01-05T12:55:00
TXN_004409,ACC_00160,ACC_00200,4707.6,2026-01-24T02:20:00
TXN_004410,ACC_00177,ACC_00188,720.2,2026-01-01T20:51:00
TXN_004411,ACC_00491,ACC_00457,279.38,2026-01-18T16:57:00
TXN_004412,ACC_00222,ACC_00282,2036.55,2026-01-02T01:59:00
TXN_004413,ACC_00948,ACC_00930,4089.69,2026-01-15T08:12:00
TXN_004414,ACC_00490,ACC_00411,4991.07,2026-01-09T01:28:00
TXN_004415,ACC_00186,ACC_00118,2194.31,2026-01-09T07:03:00
TXN_004416,ACC_00573,ACC_00546,62.77,2026-01-03T17:00:00
TXN_004417,ACC_00698,ACC_00690,403.91,2026-01-03T07:27:00
TXN_004418,ACC_00144,ACC_00128,4533.46,2026-01-09T07:59:00
TXN_004419,ACC_00584,ACC_00588,1305.55,2026-01-27T18:28:00
TXN_004420,ACC_00944,ACC_00905,1419.77,2026-01-20T22:28:00
TXN_004421,ACC_00713,ACC_00798,3523.88,2026-01-21T03:48:00
TXN_004422,ACC_00260,ACC_00277,257.09,2026-01-26T01:33:00
TXN_004423,ACC_00591,ACC_00596,3373.62,2026-01-27T20:18:00
TXN_004424,ACC_00030,ACC_00086,250.24,2026-01-03T23:49:00
TXN_004425,ACC_00637,ACC_00687,1089.0,2026-01-29T07:26:00
TXN_004426,ACC_00499,ACC_00493,1024.28,2026-01-01T13:19:00
TXN_004427,ACC_00916,ACC_00901,1747.57,2026-01-13T15:01:00
TXN_004428,ACC_00028,ACC_00055,2537.35,2026-01-03T01:48:00
TXN_004429,ACC_00409,ACC_00410,1506.46,2026-01-25T16:50:00
TXN_004430,ACC_00913,ACC_00929,1690.69,2026-01-30T18:16:00
TXN_004431,ACC_00979,ACC_00923,1802.28,2026-01-25T19:46:00
TXN_004432,ACC_00348,ACC_00388,1708.93,2026-01-26T19:24:00
TXN_004433,ACC_00047,ACC_00050,175.96,2026-01-04T05:10:00
TXN_004434,ACC_00663,ACC_00673,75.11,2026-01-27T06:54:00
TXN_004435,ACC_00051,ACC_00074,4715.09,2026-01-20T12:00:00
TXN_004436,ACC_00808,ACC_00810,1940.42,2026-01-25T21:10:00
TXN_004437,ACC_00762,ACC_00734,3893.69,2026-01-03T00:09:00
TXN_004438,ACC_00362,ACC_00365,3475.0,2026-01-13T03:41:00
TXN_004439,ACC_00292,ACC_00228,2855.68,2026-01-09T19:43:00
TXN_004440,ACC_00440,ACC_00475,4310.82,2026-01-18T01:33:00
TXN_004441,ACC_00001,ACC_00051,2297.8,2026-01-23T08:03:00
TXN_004442,ACC_00243,ACC_00242,1097.65,2026-01-01T08:47:00
TXN_004443,ACC_00502,ACC_00510,1070.46,2026-01-23T10:44:00
TXN_004444,ACC_00641,ACC_00633,4495.23,2026-01-06T22:00:00
TXN_004445,ACC_00237,ACC_00214,2690.82,2026-01-21T21:45:00
TXN_004446,ACC_00275,ACC_00208,941.98,2026-01-29T13:39:00
TXN_004447,ACC_00990,ACC_01000,1101.99,2026-01-07T19:14:00
TXN_004448,ACC_00340,ACC_00343,358.02,2026-01-05T08:02:00
TXN_004449,ACC_00074,ACC_00006,4476.2,2026-01-30T06:29:00
TXN_004450,ACC_00687,ACC_00606,1228.98,2026-01-17T05:01:00
TXN_004451,ACC_00872,ACC_00853,1273.85,2026-01-24T05:31:00
TXN_004452,ACC_00020,ACC_00015,1926.29,2026-01-05T00:32:00
TXN_004453,ACC_00729,ACC_00718,4638.32,2026-01-29T01:07:00
TXN_004454,ACC_00487,ACC_00443,1677.07,2026-01-21T18:39:00
TXN_004455,ACC_00972,ACC_00970,1623.16,2026-01-21T12:46:00
TXN_004456,ACC_00924,ACC_00912,2971.16,2026-01-08T18:46:00
TXN_004457,ACC_00999,ACC_00955,845.76,2026-01-15T04:26:00
TXN_004458,ACC_00030,ACC_00031,3358.47,2026-01-20T01:44:00
TXN_004459,ACC_00202,ACC_00289,2293.29,2026-01-07T10:31:00
TXN_004460,ACC_00567,ACC_00524,1286.61,2026-01-04T12:54:00
TXN_004461,ACC_00704,ACC_00789,639.15,2026-01-28T02:48:00
TXN_004462,ACC_00715,ACC_00712,4210.85,2026-01-16T16:00:00
TXN_004463,ACC_00392,ACC_00397,40.53,2026-01-26T01:32:00
TXN_004464,ACC_00356,ACC_00390,503.88,2026-01-08T15:46:00
TXN_004465,ACC_00993,ACC_00985,346.95,2026-01-08T18:41:00
TXN_004466,ACC_00816,ACC_00867,4550.21,2026-01-27T01:42:00
TXN_004467,ACC_00088,ACC_00047,481.37,2026-01-26T17:43:00
TXN_004468,ACC_00199,ACC_00115,2188.29,2026-01-23T21:33:00
TXN_004469,ACC_00848,ACC_00843,2757.5,2026-01-26T01:00:00
TXN_004470,ACC_00941,ACC_00973,3454.43,2026-01-22T02:32:00
TXN_004471,ACC_00722,ACC_00791,1914.78,2026-01-05T06:53:00
TXN_004472,ACC_00806,ACC_00891,3754.56,2026-01-03T06:59:00
TXN_004473,ACC_00531,ACC_00562,3830.28,2026-01-25T08:20:00
TXN_004474,ACC_00928,ACC_00909,4895.66,2026-01-25T22:00:00
TXN_004475,ACC_00920,ACC_00966,2403.16,2026-01-27T11:34:00
TXN_004476,ACC_00266,ACC_00236,4807.61,2026-01-16T02:18:00
TXN_004477,ACC_00407,ACC_00485,4977.19,2026-01-05T08:49:00
TXN_004478,ACC_00222,ACC_00293,820.94,2026-01-22T16:45:00
TXN_004479,ACC_00023,ACC_00071,3079.06,2026-01-10T17:28:00
TXN_004480,ACC_00817,ACC_00881,685.0,2026-01-11T09:44:00
TXN_004481,ACC_00208,ACC_00233,1394.35,2026-01-05T00:51:00
TXN_004482,ACC_00736,ACC_00784,3658.4,2026-01-10T14:55:00
TXN_004483,ACC_00896,ACC_00815,2113.09,2026-01-04T00:07:00
TXN_004484,ACC_00574,ACC_00578,3508.49,2026-01-09T22:23:00
TXN_004485,ACC_00295,ACC_00281,646.63,2026-01-01T14:14:00
TXN_004486,ACC_00307,ACC_00336,1102.9,2026-01-07T19:02:00
TXN_004487,ACC_00217,ACC_00292,2495.15,2026-01-20T23:24:00
TXN_004488,ACC_00290,ACC_00214,1870.92,2026-01-12T02:11:00
TXN_004489,ACC_00306,ACC_00400,2521.66,2026-01-06T22:41:00
TXN_004490,ACC_00643,ACC_00607,1274.79,2026-01-19T12:43:00
TXN_004491,ACC_00301,ACC_00388,1728.73,2026-01-03T14:44:00
TXN_004492,ACC_00930,ACC_00957,2303.4,2026-01-21T19:04:00
TXN_004493,ACC_00675,ACC_00613,2690.97,2026-01-28T19:29:00
TXN_004494,ACC_00299,ACC_00210,3262.29,2026-01-02T01:01:00
TXN_004495,ACC_00912,ACC_00954,2353.69,2026-01-04T08:51:00
TXN_004496,ACC_00678,ACC_00606,2914.38,2026-01-08T05:48:00
TXN_004497,ACC_00828,ACC_00816,1325.72,2026-01-02T07:51:00
TXN_004498,ACC_00836,ACC_00809,1941.63,2026-01-29T05:18:00
TXN_004499,ACC_00220,ACC_00273,4009.28,2026-01-04T16:38:00
TXN_004500,ACC_00316,ACC_00354,79.82,2026-01-23T03:46:00
TXN_004501,ACC_00047,ACC_00052,4425.14,2026-01-26T08:35:00
TXN_004502,ACC_00651,ACC_00659,1921.99,2026-01-02T20:19:00
TXN_004503,ACC_00620,ACC_00611,2565.6,2026-01-26T22:57:00
TXN_004504,ACC_00647,ACC_00608,2910.26,2026-01-14T19:10:00
TXN_004505,ACC_00439,ACC_00484,2210.47,2026-01-02T15:30:00
TXN_004506,ACC_00651,ACC_00626,3027.25,2026-01-14T22:25:00
TXN_004507,ACC_00392,ACC_00329,2089.99,2026-01-26T19:55:00
TXN_004508,ACC_00039,ACC_00083,1890.87,2026-01-28T12:17:00
TXN_004509,ACC_00725,ACC_00717,1932.85,2026-01-08T16:31:00
TXN_004510,ACC_00616,ACC_00612,4843.6,2026-01-14T10:47:00
TXN_004511,ACC_00428,ACC_00453,4598.98,2026-01-07T06:07:00
TXN_004512,ACC_00584,ACC_00572,1340.11,2026-01-15T14:08:00
TXN_004513,ACC_00213,ACC_00287,4252.25,2026-01-24T10:10:00
TXN_004514,ACC_00069,ACC_00095,4746.23,2026-01-23T10:28:00
TXN_004515,ACC_00988,ACC_00980,3702.13,2026-01-05T11:08:00
TXN_004516,ACC_00619,ACC_00682,3624.53,2026-01-11T22:15:00
TXN_004517,ACC_00185,ACC_00177,3416.66,2026-01-26T23:34:00
TXN_004518,ACC_00429,ACC_00426,1700.79,2026-01-26T11:20:00
TXN_004519,ACC_00318,ACC_00393,4736.7,2026-01-13T19:43:00
TXN_004520,ACC_00247,ACC_00286,1829.71,2026-01-03T14:55:00
TXN_004521,ACC_00329,ACC_00332,4746.68,2026-01-12T20:47:00
TXN_004522,ACC_00089,ACC_00031,402.64,2026-01-04T12:42:00
TXN_004523,ACC_00586,ACC_00568,2034.28,2026-01-23T17:35:00
TXN_004524,ACC_00593,ACC_00535,4319.2,2026-01-17T19:54:00
TXN_004525,ACC_00689,ACC_00673,2501.9,2026-01-13T05:20:00
TXN_004526,ACC_00752,ACC_00776,3611.51,2026-01-13T05:00:00
TXN_004527,ACC_00526,ACC_00547,2188.56,2026-01-11T22:03:00
TXN_004528,ACC_00961,ACC_00935,1939.43,2026-01-18T21:17:00
TXN_004529,ACC_01000,ACC_00965,4811.75,2026-01-18T09:34:00
TXN_004530,ACC_00156,ACC_00127,641.1,2026-01-13T18:13:00
TXN_004531,ACC_00244,ACC_00237,120.41,2026-01-17T20:04:00
TXN_004532,ACC_00074,ACC_00043,4586.15,2026-01-29T03:22:00
TXN_004533,ACC_00466,ACC_00412,934.97,2026-01-16T13:13:00
TXN_004534,ACC_00677,ACC_00619,3934.77,2026-01-15T16:54:00
TXN_004535,ACC_00574,ACC_00549,1517.41,2026-01-19T01:42:00
TXN_004536,ACC_00724,ACC_00715,77.6,2026-01-11T21:37:00
TXN_004537,ACC_00418,ACC_00431,3886.83,2026-01-17T17:53:00
TXN_004538,ACC_00916,ACC_00935,1930.18,2026-01-09T06:20:00
TXN_004539,ACC_00407,ACC_00486,3256.82,2026-01-13T01:12:00
TXN_004540,ACC_00926,ACC_00932,4705.38,2026-01-08T03:56:00
TXN_004541,ACC_00139,ACC_00200,4431.79,2026-01-15T09:57:00
TXN_004542,ACC_00392,ACC_00308,2837.19,2026-01-21T14:35:00
TXN_004543,ACC_00385,ACC_00399,1137.77,2026-01-21T20:08:00
TXN_004544,ACC_00004,ACC_00069,3434.43,2026-01-30T09:11:00
TXN_004545,ACC_00164,ACC_00168,4599.57,2026-01-17T05:08:00
TXN_004546,ACC_00216,ACC_00211,3652.15,2026-01-17T18:20:00
TXN_004547,ACC_00712,ACC_00772,1598.49,2026-01-13T18:45:00
TXN_004548,ACC_00347,ACC_00385,3698.23,2026-01-13T17:08:00
TXN_004549,ACC_00256,ACC_00265,1306.21,2026-01-21T23:09:00
TXN_004550,ACC_00707,ACC_00715,978.04,2026-01-23T15:05:00
TXN_004551,ACC_00283,ACC_00287,3460.59,2026-01-02T03:39:00
TXN_004552,ACC_00644,ACC_00695,1120.6,2026-01-07T17:12:00
TXN_004553,ACC_00760,ACC_00758,2890.75,2026-01-07T00:14:00
TXN_004554,ACC_00688,ACC_00642,949.62,2026-01-19T12:15:00
TXN_004555,ACC_00701,ACC_00715,4556.02,2026-01-13T16:22:00
TXN_004556,ACC_00098,ACC_00081,4078.3,2026-01-17T06:03:00
TXN_004557,ACC_00769,ACC_00709,4638.58,2026-01-02T02:51:00
TXN_004558,ACC_00542,ACC_00584,3294.84,2026-01-24T15:02:00
TXN_004559,ACC_00005,ACC_00004,2424.39,2026-01-07T22:00:00
TXN_004560,ACC_00294,ACC_00217,1552.85,2026-01-03T23:46:00
TXN_004561,ACC_00560,ACC_00585,608.38,2026-01-09T20:50:00
TXN_004562,ACC_00078,ACC_00039,4838.62,2026-01-11T07:37:00
TXN_004563,ACC_00199,ACC_00128,2650.14,2026-01-19T02:43:00
TXN_004564,ACC_00164,ACC_00122,1000.31,2026-01-02T14:19:00
TXN_004565,ACC_00349,ACC_00380,1761.81,2026-01-16T17:46:00
TXN_004566,ACC_00267,ACC_00300,888.29,2026-01-18T18:49:00
TXN_004567,ACC_00077,ACC_00083,2882.31,2026-01-09T11:41:00
TXN_004568,ACC_00732,ACC_00745,3598.49,2026-01-06T19:36:00
TXN_004569,ACC_00946,ACC_00985,4548.63,2026-01-10T16:52:00
TXN_004570,ACC_00222,ACC_00220,3469.19,2026-01-30T02:58:00
TXN_004571,ACC_00730,ACC_00790,958.62,2026-01-29T00:46:00
TXN_004572,ACC_00878,ACC_00823,1443.77,2026-01-01T01:33:00
TXN_004573,ACC_00789,ACC_00729,1135.25,2026-01-17T02:42:00
TXN_004574,ACC_00355,ACC_00312,1756.54,2026-01-24T02:04:00
TXN_004575,ACC_00061,ACC_00051,4537.92,2026-01-05T04:05:00
TXN_004576,ACC_00859,ACC_00806,945.31,2026-01-24T06:38:00
TXN_004577,ACC_00964,ACC_00916,4036.56,2026-01-24T00:19:00
TXN_004578,ACC_00349,ACC_00305,80.66,2026-01-05T11:46:00
TXN_004579,ACC_00120,ACC_00151,1777.56,2026-01-05T12:58:00
TXN_004580,ACC_00829,ACC_00872,3164.28,2026-01-26T11:54:00
TXN_004581,ACC_00291,ACC_00212,3334.44,2026-01-23T10:28:00
TXN_004582,ACC_00691,ACC_00698,2675.32,2026-01-12T22:19:00
TXN_004583,ACC_00500,ACC_00452,1009.52,2026-01-22T18:37:00
TXN_004584,ACC_00797,ACC_00734,734.29,2026-01-06T23:06:00
TXN_004585,ACC_00389,ACC_00320,4761.9,2026-01-07T10:42:00
TXN_004586,ACC_00803,ACC_00882,3774.36,2026-01-05T19:55:00
TXN_004587,ACC_00433,ACC_00420,2805.46,2026-01-16T18:02:00
TXN_004588,ACC_00920,ACC_00992,4302.56,2026-01-29T17:35:00
TXN_004589,ACC_00294,ACC_00246,295.23,2026-01-19T10:23:00
TXN_004590,ACC_00280,ACC_00244,1864.24,2026-01-10T14:32:00
TXN_004591,ACC_00050,ACC_00032,3953.88,2026-01-29T22:03:00
TXN_004592,ACC_00732,ACC_00709,582.55,2026-01-30T11:31:00
TXN_004593,ACC_00035,ACC_00051,1386.14,2026-01-23T09:09:00
TXN_004594,ACC_00301,ACC_00363,1153.28,2026-01-15T08:20:00
TXN_004595,ACC_00840,ACC_00899,3269.47,2026-01-06T13:17:00
TXN_004596,ACC_00520,ACC_00502,1106.56,2026-01-04T06:21:00
TXN_004597,ACC_00623,ACC_00652,2548.5,2026-01-03T14:37:00
TXN_004598,ACC_00485,ACC_00452,2858.84,2026-01-11T10:23:00
TXN_004599,ACC_00785,ACC_00747,325.66,2026-01-18T13:44:00
TXN_004600,ACC_00461,ACC_00406,1598.92,2026-01-17T10:53:00
TXN_004601,ACC_00910,ACC_00923,3301.84,2026-01-29T11:59:00
TXN_004602,ACC_00512,ACC_00555,369.38,2026-01-13T04:21:00
TXN_004603,ACC_00999,ACC_00987,1656.44,2026-01-16T13:47:00
TXN_004604,ACC_00403,ACC_00473,2885.4,2026-01-05T03:45:00
TXN_004605,ACC_00676,ACC_00628,1611.99,2026-01-27T21:27:00
TXN_004606,ACC_00864,ACC_00846,310.39,2026-01-09T09:55:00
TXN_004607,ACC_00018,ACC_00003,851.95,2026-01-12T13:01:00
TXN_004608,ACC_00286,ACC_00202,3117.52,2026-01-04T05:40:00
TXN_004609,ACC_00713,ACC_00718,756.86,2026-01-05T02:05:00
TXN_004610,ACC_00126,ACC_00174,3761.97,2026-01-12T02:07:00
TXN_004611,ACC_00680,ACC_00652,2664.58,2026-01-22T01:27:00
TXN_004612,ACC_00752,ACC_00705,4774.91,2026-01-26T18:39:00
TXN_004613,ACC_00728,ACC_00710,2137.55,2026-01-08T12:11:00
TXN_004614,ACC_00730,ACC_00711,4925.6,2026-01-28T09:28:00
TXN_004615,ACC_00217,ACC_00257,1953.12,2026-01-30T16:11:00
TXN_004616,ACC_00059,ACC_00044,4819.54,2026-01-27T05:59:00
TXN_004617,ACC_00880,ACC_00861,2728.04,2026-01-30T12:36:00
TXN_004618,ACC_00531,ACC_00582,4704.12,2026-01-10T11:11:00
TXN_004619,ACC_00990,ACC_00989,1023.05,2026-01-15T01:15:00
TXN_004620,ACC_00912,ACC_00981,1650.79,2026-01-18T09:29:00
TXN_004621,ACC_00304,ACC_00366,3188.3,2026-01-27T07:34:00
TXN_004622,ACC_00230,ACC_00216,237.95,2026-01-07T14:05:00
TXN_004623,ACC_00176,ACC_00109,4212.4,2026-01-17T00:26:00
TXN_004624,ACC_00563,ACC_00549,4966.0,2026-01-13T09:24:00
TXN_004625,ACC_00982,ACC_00959,2404.89,2026-01-13T22:18:00
TXN_004626,ACC_00001,ACC_00018,4841.17,2026-01-20T03:41:00
TXN_004627,ACC_00751,ACC_00740,2728.33,2026-01-15T01:42:00
TXN_004628,ACC_00664,ACC_00652,2866.26,2026-01-14T13:12:00
TXN_004629,ACC_00958,ACC_00940,2104.75,2026-01-05T01:14:00
TXN_004630,ACC_00350,ACC_00345,3456.22,2026-01-20T09:59:00
TXN_004631,ACC_00033,ACC_00043,125.04,2026-01-02T12:04:00
TXN_004632,ACC_00346,ACC_00341,2356.6,2026-01-11T00:56:00
TXN_004633,ACC_00076,ACC_00095,4875.51,2026-01-18T13:44:00
TXN_004634,ACC_00955,ACC_00979,4814.8,2026-01-09T11:40:00
TXN_004635,ACC_00711,ACC_00715,2831.51,2026-01-29T21:34:00
TXN_004636,ACC_00518,ACC_00573,1121.47,2026-01-18T07:13:00
TXN_004637,ACC_00307,ACC_00389,2971.89,2026-01-17T21:11:00
TXN_004638,ACC_00023,ACC_00048,559.51,2026-01-16T22:02:00
TXN_004639,ACC_00821,ACC_00860,3375.36,2026-01-19T19:40:00
TXN_004640,ACC_00639,ACC_00631,4268.09,2026-01-04T13:35:00
TXN_004641,ACC_00938,ACC_00968,4251.2,2026-01-29T06:02:00
TXN_004642,ACC_00998,ACC_00943,1973.42,2026-01-28T20:09:00
TXN_004643,ACC_00453,ACC_00485,1247.59,2026-01-20T18:43:00
TXN_004644,ACC_00597,ACC_00534,3729.19,2026-01-14T07:06:00
TXN_004645,ACC_00491,ACC_00433,3960.62,2026-01-04T07:43:00
TXN_004646,ACC_00479,ACC_00416,2851.23,2026-01-19T00:00:00
TXN_004647,ACC_00976,ACC_00932,1219.87,2026-01-28T15:30:00
TXN_004648,ACC_00436,ACC_00475,1432.59,2026-01-21T12:29:00
TXN_004649,ACC_00935,ACC_00953,95.71,2026-01-13T00:08:00
TXN_004650,ACC_00822,ACC_00819,248.24,2026-01-11T05:14:00
TXN_004651,ACC_00565,ACC_00554,3031.14,2026-01-06T20:08:00
TXN_004652,ACC_00793,ACC_00728,3348.35,2026-01-27T04:43:00
TXN_004653,ACC_00883,ACC_00899,2917.36,2026-01-24T18:35:00
TXN_004654,ACC_00413,ACC_00432,527.02,2026-01-08T04:14:00
TXN_004655,ACC_00098,ACC_00074,654.15,2026-01-21T06:39:00
TXN_004656,ACC_00215,ACC_00262,2399.86,2026-01-02T23:21:00
TXN_004657,ACC_00467,ACC_00445,1442.46,2026-01-09T18:29:00
TXN_004658,ACC_00648,ACC_00644,4003.76,2026-01-22T12:13:00
TXN_004659,ACC_00300,ACC_00217,1229.72,2026-01-02T16:43:00
TXN_004660,ACC_00039,ACC_00036,2169.86,2026-01-26T18:58:00
TXN_004661,ACC_00449,ACC_00409,3620.44,2026-01-07T18:04:00
TXN_004662,ACC_00373,ACC_00307,715.76,2026-01-02T05:54:00
TXN_004663,ACC_00514,ACC_00518,1028.16,2026-01-06T05:23:00
TXN_004664,ACC_00743,ACC_00751,2648.54,2026-01-17T05:06:00
TXN_004665,ACC_00951,ACC_00925,2915.93,2026-01-16T01:17:00
TXN_004666,ACC_00701,ACC_00772,4854.55,2026-01-20T13:56:00
TXN_004667,ACC_00174,ACC_00179,4722.47,2026-01-10T22:33:00
TXN_004668,ACC_00491,ACC_00447,1498.74,2026-01-26T03:31:00
TXN_004669,ACC_00490,ACC_00442,1945.55,2026-01-19T01:08:00
TXN_004670,ACC_00110,ACC_00129,2758.14,2026-01-25T16:03:00
TXN_004671,ACC_00027,ACC_00038,960.56,2026-01-09T08:30:00
TXN_004672,ACC_00621,ACC_00686,177.09,2026-01-07T04:15:00
TXN_004673,ACC_00325,ACC_00340,1470.85,2026-01-21T19:43:00
TXN_004674,ACC_00453,ACC_00427,547.83,2026-01-30T20:33:00
TXN_004675,ACC_00430,ACC_00485,3573.89,2026-01-21T12:21:00
TXN_004676,ACC_00665,ACC_00695,1987.26,2026-01-30T22:44:00
TXN_004677,ACC_00804,ACC_00805,3959.43,2026-01-26T03:06:00
TXN_004678,ACC_00591,ACC_00519,4303.17,2026-01-26T21:35:00
TXN_004679,ACC_00697,ACC_00675,773.42,2026-01-03T06:44:00
TXN_004680,ACC_00183,ACC_00185,2196.39,2026-01-23T04:15:00
TXN_004681,ACC_00409,ACC_00460,949.73,2026-01-12T23:48:00
TXN_004682,ACC_00039,ACC_00027,301.64,2026-01-15T11:55:00
TXN_004683,ACC_00369,ACC_00347,825.21,2026-01-03T03:15:00
TXN_004684,ACC_00879,ACC_00836,1960.31,2026-01-20T05:04:00
TXN_004685,ACC_00258,ACC_00297,3651.87,2026-01-16T07:50:00
TXN_004686,ACC_00226,ACC_00218,4970.14,2026-01-24T16:19:00
TXN_004687,ACC_00930,ACC_00902,91.05,2026-01-07T04:52:00
TXN_004688,ACC_00552,ACC_00574,1085.48,2026-01-05T21:45:00
TXN_004689,ACC_00030,ACC_00003,994.37,2026-01-10T23:42:00
TXN_004690,ACC_00660,ACC_00657,3672.98,2026-01-04T01:58:00
TXN_004691,ACC_00186,ACC_00155,1832.35,2026-01-21T18:23:00
TXN_004692,ACC_00057,ACC_00055,3881.77,2026-01-07T11:05:00
TXN_004693,ACC_00979,ACC_00945,1253.13,2026-01-15T08:16:00
TXN_004694,ACC_00023,ACC_00036,1857.27,2026-01-30T04:58:00
TXN_004695,ACC_00011,ACC_00023,3676.23,2026-01-11T12:07:00
TXN_004696,ACC_00899,ACC_00834,861.43,2026-01-23T04:37:00
TXN_004697,ACC_00028,ACC_00035,242.87,2026-01-06T23:58:00
TXN_004698,ACC_00838,ACC_00859,4733.27,2026-01-04T02:23:00
TXN_004699,ACC_00995,ACC_00999,463.43,2026-01-01T17:53:00
TXN_004700,ACC_00221,ACC_00285,1470.44,2026-01-07T00:37:00
TXN_004701,ACC_00508,ACC_00557,4582.3,2026-01-19T19:44:00
TXN_004702,ACC_00485,ACC_00470,3650.94,2026-01-22T01:14:00
TXN_004703,ACC_00161,ACC_00183,3458.01,2026-01-29T22:44:00
TXN_004704,ACC_00534,ACC_00553,3115.27,2026-01-05T19:38:00
TXN_004705,ACC_00924,ACC_00934,1937.72,2026-01-03T06:39:00
TXN_004706,ACC_00830,ACC_00869,778.89,2026-01-21T01:22:00
TXN_004707,ACC_00781,ACC_00719,2533.89,2026-01-16T10:48:00
TXN_004708,ACC_00124,ACC_00120,2998.0,2026-01-15T09:52:00
TXN_004709,ACC_00989,ACC_00944,1977.07,2026-01-18T12:49:00
TXN_004710,ACC_00837,ACC_00892,4575.14,2026-01-12T14:13:00
TXN_004711,ACC_00232,ACC_00263,3139.73,2026-01-12T08:05:00
TXN_004712,ACC_00774,ACC_00799,3974.2,2026-01-04T11:20:00
TXN_004713,ACC_00117,ACC_00111,4896.84,2026-01-04T21:52:00
TXN_004714,ACC_00168,ACC_00159,219.4,2026-01-24T08:53:00
TXN_004715,ACC_00589,ACC_00571,4038.64,2026-01-19T22:18:00
TXN_004716,ACC_00907,ACC_00986,2277.53,2026-01-04T08:45:00
TXN_004717,ACC_00063,ACC_00038,3991.71,2026-01-02T15:22:00
TXN_004718,ACC_00377,ACC_00320,526.81,2026-01-17T01:02:00
TXN_004719,ACC_00980,ACC_00933,899.23,2026-01-17T03:42:00
TXN_004720,ACC_00595,ACC_00598,2475.02,2026-01-05T23:29:00
TXN_004721,ACC_00223,ACC_00219,4727.28,2026-01-23T09:38:00
TXN_004722,ACC_00432,ACC_00429,2277.47,2026-01-26T09:00:00
TXN_004723,ACC_00203,ACC_00247,756.77,2026-01-14T03:57:00
TXN_004724,ACC_00149,ACC_00123,3398.84,2026-01-18T03:39:00
TXN_004725,ACC_00476,ACC_00483,4251.49,2026-01-18T09:47:00
TXN_004726,ACC_00325,ACC_00395,3464.86,2026-01-01T01:38:00
TXN_004727,ACC_00326,ACC_00338,1517.19,2026-01-14T09:35:00
TXN_004728,ACC_00040,ACC_00065,2500.49,2026-01-24T14:24:00
TXN_004729,ACC_00975,ACC_00943,1362.1,2026-01-01T12:49:00
TXN_004730,ACC_00022,ACC_00002,3073.11,2026-01-18T00:42:00
TXN_004731,ACC_00699,ACC_00665,366.14,2026-01-16T21:35:00
TXN_004732,ACC_00525,ACC_00588,2489.21,2026-01-21T09:32:00
TXN_004733,ACC_00990,ACC_00924,2141.42,2026-01-19T01:54:00
TXN_004734,ACC_00321,ACC_00377,2076.43,2026-01-15T09:44:00
TXN_004735,ACC_00424,ACC_00458,2376.08,2026-01-23T15:57:00
TXN_004736,ACC_00221,ACC_00246,776.52,2026-01-26T19:34:00
TXN_004737,ACC_00611,ACC_00652,2718.26,2026-01-16T21:31:00
TXN_004738,ACC_00278,ACC_00218,3274.06,2026-01-02T06:20:00
TXN_004739,ACC_00993,ACC_00921,2966.72,2026-01-07T20:49:00
TXN_004740,ACC_00110,ACC_00142,1099.65,2026-01-19T16:23:00
TXN_004741,ACC_00276,ACC_00241,3789.68,2026-01-15T08:56:00
TXN_004742,ACC_00952,ACC_00930,1229.38,2026-01-20T20:06:00
TXN_004743,ACC_00283,ACC_00253,4135.07,2026-01-08T20:15:00
TXN_004744,ACC_00486,ACC_00498,223.3,2026-01-09T04:28:00
TXN_004745,ACC_00610,ACC_00643,3121.28,2026-01-12T19:07:00
TXN_004746,ACC_00083,ACC_00086,1704.82,2026-01-26T02:05:00
TXN_004747,ACC_00327,ACC_00393,1122.95,2026-01-05T20:50:00
TXN_004748,ACC_00898,ACC_00806,1370.33,2026-01-02T23:37:00
TXN_004749,ACC_00829,ACC_00891,330.52,2026-01-08T03:31:00
TXN_004750,ACC_00123,ACC_00120,4749.29,2026-01-05T07:04:00
TXN_004751,ACC_00210,ACC_00248,2561.7,2026-01-14T11:23:00
TXN_004752,ACC_00192,ACC_00148,776.73,2026-01-25T11:59:00
TXN_004753,ACC_00670,ACC_00654,2502.52,2026-01-25T09:13:00
TXN_004754,ACC_00639,ACC_00602,3820.24,2026-01-05T17:34:00
TXN_004755,ACC_00168,ACC_00142,2785.8,2026-01-12T22:19:00
TXN_004756,ACC_00050,ACC_00040,3752.88,2026-01-14T21:47:00
TXN_004757,ACC_00006,ACC_00050,2854.39,2026-01-09T02:03:00
TXN_004758,ACC_00864,ACC_00857,2626.84,2026-01-30T01:10:00
TXN_004759,ACC_00341,ACC_00367,3881.93,2026-01-15T21:29:00
TXN_004760,ACC_00682,ACC_00652,4729.2,2026-01-13T19:46:00
TXN_004761,ACC_00696,ACC_00640,2983.01,2026-01-06T09:42:00
TXN_004762,ACC_00228,ACC_00238,909.66,2026-01-30T23:15:00
TXN_004763,ACC_00919,ACC_00992,4045.23,2026-01-20T20:21:00
TXN_004764,ACC_00210,ACC_00225,95.37,2026-01-09T07:54:00
TXN_004765,ACC_00106,ACC_00137,3062.55,2026-01-08T10:08:00
TXN_004766,ACC_00828,ACC_00815,3666.37,2026-01-13T19:22:00
TXN_004767,ACC_00873,ACC_00899,459.34,2026-01-06T02:14:00
TXN_004768,ACC_00958,ACC_00920,2944.76,2026-01-19T11:44:00
TXN_004769,ACC_00979,ACC_00936,3456.37,2026-01-27T04:27:00
TXN_004770,ACC_00184,ACC_00121,3494.56,2026-01-24T09:05:00
TXN_004771,ACC_00195,ACC_00171,294.5,2026-01-01T21:44:00
TXN_004772,ACC_00655,ACC_00653,3690.13,2026-01-01T22:52:00
TXN_004773,ACC_00291,ACC_00201,36.86,2026-01-03T20:08:00
TXN_004774,ACC_00396,ACC_00321,1689.94,2026-01-25T12:59:00
TXN_004775,ACC_00851,ACC_00825,29.21,2026-01-05T09:15:00
TXN_004776,ACC_00042,ACC_00023,1228.92,2026-01-13T07:04:00
TXN_004777,ACC_00831,ACC_00871,4677.23,2026-01-01T02:05:00
TXN_004778,ACC_00889,ACC_00821,4213.83,2026-01-20T00:29:00
TXN_004779,ACC_00922,ACC_00985,3838.86,2026-01-26T16:38:00
TXN_004780,ACC_00008,ACC_00058,2674.57,2026-01-19T02:50:00
TXN_004781,ACC_00621,ACC_00659,4668.48,2026-01-20T20:23:00
TXN_004782,ACC_00323,ACC_00372,4411.25,2026-01-10T09:53:00
TXN_004783,ACC_00879,ACC_00850,1080.31,2026-01-10T06:39:00
TXN_004784,ACC_00753,ACC_00796,2533.23,2026-01-04T18:59:00
TXN_004785,ACC_00181,ACC_00170,893.4,2026-01-19T07:37:00
TXN_004786,ACC_00714,ACC_00732,2765.23,2026-01-20T18:06:00
TXN_004787,ACC_00101,ACC_00110,783.71,2026-01-09T15:23:00
TXN_004788,ACC_00821,ACC_00826,3587.31,2026-01-11T06:25:00
TXN_004789,ACC_00213,ACC_00287,4247.25,2026-01-25T14:26:00
TXN_004790,ACC_00345,ACC_00324,3688.49,2026-01-21T23:37:00
TXN_004791,ACC_00168,ACC_00162,3544.15,2026-01-15T19:23:00
TXN_004792,ACC_00052,ACC_00062,1934.36,2026-01-23T10:29:00
TXN_004793,ACC_00055,ACC_00097,3619.52,2026-01-29T15:11:00
TXN_004794,ACC_00922,ACC_00901,4495.28,2026-01-29T21:22:00
TXN_004795,ACC_00867,ACC_00813,4067.96,2026-01-30T18:32:00
TXN_004796,ACC_00399,ACC_00310,645.9,2026-01-29T06:28:00
TXN_004797,ACC_00957,ACC_00953,2308.62,2026-01-06T07:33:00
TXN_004798,ACC_00889,ACC_00815,4849.99,2026-01-17T00:51:00
TXN_004799,ACC_00675,ACC_00669,1242.28,2026-01-30T06:36:00
TXN_004800,ACC_00445,ACC_00485,899.19,2026-01-23T15:22:00
TXN_004801,ACC_00092,ACC_00094,3510.46,2026-01-07T20:34:00
TXN_004802,ACC_00648,ACC_00690,2673.99,2026-01-19T04:05:00
TXN_004803,ACC_00279,ACC_00246,4148.87,2026-01-27T03:46:00
TXN_004804,ACC_00242,ACC_00258,1547.16,2026-01-10T06:58:00
TXN_004805,ACC_00876,ACC_00873,1723.71,2026-01-08T09:30:00
TXN_004806,ACC_00378,ACC_00335,3145.09,2026-01-20T19:18:00
TXN_004807,ACC_00098,ACC_00057,4434.11,2026-01-14T13:20:00
TXN_004808,ACC_00978,ACC_00903,1347.9,2026-01-21T06:06:00
TXN_004809,ACC_00719,ACC_00798,2065.91,2026-01-29T02:18:00
TXN_004810,ACC_00939,ACC_00909,2874.73,2026-01-20T22:16:00
TXN_004811,ACC_00663,ACC_00603,29.2,2026-01-26T14:19:00
TXN_004812,ACC_00959,ACC_00940,1282.0,2026-01-23T15:58:00
TXN_004813,ACC_00588,ACC_00580,1428.29,2026-01-26T23:39:00
TXN_004814,ACC_00410,ACC_00466,4015.61,2026-01-09T19:23:00
TXN_004815,ACC_00839,ACC_00815,2315.6,2026-01-19T16:52:00
TXN_004816,ACC_00459,ACC_00467,1723.38,2026-01-29T16:02:00
TXN_004817,ACC_00694,ACC_00675,4044.05,2026-01-25T09:55:00
TXN_004818,ACC_00149,ACC_00138,2673.18,2026-01-27T14:11:00
TXN_004819,ACC_00438,ACC_00441,3963.75,2026-01-01T10:47:00
TXN_004820,ACC_00285,ACC_00282,4032.96,2026-01-24T10:15:00
TXN_004821,ACC_00042,ACC_00022,4180.11,2026-01-06T09:10:00
TXN_004822,ACC_00021,ACC_00052,4806.29,2026-01-07T08:24:00
TXN_004823,ACC_00051,ACC_00052,2768.86,2026-01-14T04:37:00
TXN_004824,ACC_00003,ACC_00070,1360.09,2026-01-09T03:40:00
TXN_004825,ACC_00446,ACC_00467,3853.16,2026-01-05T18:00:00
TXN_004826,ACC_00072,ACC_00070,2782.17,2026-01-27T02:00:00
TXN_004827,ACC_00043,ACC_00062,3337.12,2026-01-14T21:16:00
TXN_004828,ACC_00871,ACC_00831,2979.07,2026-01-29T03:57:00
TXN_004829,ACC_00734,ACC_00796,2771.13,2026-01-05T19:45:00
TXN_004830,ACC_00631,ACC_00602,4628.02,2026-01-07T19:09:00
TXN_004831,ACC_00748,ACC_00702,13.15,2026-01-03T03:36:00
TXN_004832,ACC_00087,ACC_00045,3801.26,2026-01-18T18:23:00
TXN_004833,ACC_00614,ACC_00676,1785.9,2026-01-28T03:28:00
TXN_004834,ACC_00303,ACC_00346,1470.99,2026-01-18T15:08:00
TXN_004835,ACC_00834,ACC_00899,965.99,2026-01-26T17:29:00
TXN_004836,ACC_00770,ACC_00786,2165.65,2026-01-14T09:20:00
TXN_004837,ACC_00907,ACC_00965,4570.76,2026-01-22T20:07:00
TXN_004838,ACC_00084,ACC_00016,2365.8,2026-01-25T03:47:00
TXN_004839,ACC_00683,ACC_00605,573.86,2026-01-02T10:06:00
TXN_004840,ACC_00355,ACC_00348,247.55,2026-01-06T14:12:00
TXN_004841,ACC_00438,ACC_00439,666.32,2026-01-12T11:19:00
TXN_004842,ACC_00906,ACC_00951,1378.55,2026-01-23T00:36:00
TXN_004843,ACC_00555,ACC_00572,4094.32,2026-01-19T05:51:00
TXN_004844,ACC_00522,ACC_00539,1895.37,2026-01-02T18:10:00
TXN_004845,ACC_00215,ACC_00242,3060.3,2026-01-16T15:57:00
TXN_004846,ACC_00662,ACC_00618,4662.87,2026-01-15T08:31:00
TXN_004847,ACC_00224,ACC_00216,49.49,2026-01-28T17:10:00
TXN_004848,ACC_00328,ACC_00382,3302.93,2026-01-30T11:15:00
TXN_004849,ACC_00704,ACC_00734,1543.44,2026-01-23T16:56:00
TXN_004850,ACC_00639,ACC_00670,3426.82,2026-01-14T03:11:00
TXN_004851,ACC_00548,ACC_00577,3007.9,2026-01-11T03:23:00
TXN_004852,ACC_00522,ACC_00513,2676.54,2026-01-11T13:08:00
TXN_004853,ACC_00501,ACC_00563,4847.55,2026-01-04T17:23:00
TXN_004854,ACC_00443,ACC_00494,1098.63,2026-01-16T19:46:00
TXN_004855,ACC_00290,ACC_00277,26.59,2026-01-03T13:33:00
TXN_004856,ACC_00351,ACC_00317,932.33,2026-01-30T23:09:00
TXN_004857,ACC_00109,ACC_00192,1191.77,2026-01-22T11:52:00
TXN_004858,ACC_00282,ACC_00260,793.69,2026-01-23T12:17:00
TXN_004859,ACC_00469,ACC_00483,3660.22,2026-01-25T19:54:00
TXN_004860,ACC_00945,ACC_00972,3564.7,2026-01-15T14:36:00
TXN_004861,ACC_00571,ACC_00542,912.91,2026-01-08T18:44:00
TXN_004862,ACC_00422,ACC_00488,708.32,2026-01-16T18:13:00
TXN_004863,ACC_00513,ACC_00552,4887.72,2026-01-06T06:19:00
TXN_004864,ACC_00563,ACC_00548,429.33,2026-01-28T23:41:00
TXN_004865,ACC_00108,ACC_00144,2650.17,2026-01-03T09:02:00
TXN_004866,ACC_00047,ACC_00040,472.8,2026-01-28T06:34:00
TXN_004867,ACC_00759,ACC_00740,2363.36,2026-01-13T06:05:00
TXN_004868,ACC_00582,ACC_00528,3864.16,2026-01-17T05:31:00
TXN_004869,ACC_00457,ACC_00468,569.55,2026-01-14T11:05:00
TXN_004870,ACC_00716,ACC_00746,1508.4,2026-01-27T10:08:00
TXN_004871,ACC_00959,ACC_00926,1454.03,2026-01-12T19:56:00
TXN_004872,ACC_00927,ACC_00905,1164.53,2026-01-16T04:07:00
TXN_004873,ACC_00869,ACC_00804,984.23,2026-01-11T02:45:00
TXN_004874,ACC_00828,ACC_00854,4370.5,2026-01-04T18:49:00
TXN_004875,ACC_00189,ACC_00126,4129.24,2026-01-11T21:45:00
TXN_004876,ACC_00877,ACC_00824,4682.33,2026-01-20T10:31:00
TXN_004877,ACC_00861,ACC_00865,4449.23,2026-01-25T08:18:00
TXN_004878,ACC_00809,ACC_00846,2404.8,2026-01-08T22:09:00
TXN_004879,ACC_00726,ACC_00702,4137.78,2026-01-13T23:33:00
TXN_004880,ACC_00624,ACC_00641,1574.17,2026-01-03T20:22:00
TXN_004881,ACC_00157,ACC_00189,2048.88,2026-01-14T21:56:00
TXN_004882,ACC_00342,ACC_00394,2418.33,2026-01-11T07:19:00
TXN_004883,ACC_00807,ACC_00813,2826.98,2026-01-24T07:06:00
TXN_004884,ACC_00146,ACC_00155,948.08,2026-01-22T18:30:00
TXN_004885,ACC_00449,ACC_00464,3678.75,2026-01-04T23:42:00
TXN_004886,ACC_00796,ACC_00749,2966.52,2026-01-08T09:35:00
TXN_004887,ACC_00676,ACC_00609,1130.17,2026-01-15T03:01:00
TXN_004888,ACC_00618,ACC_00676,2882.2,2026-01-28T12:23:00
TXN_004889,ACC_00681,ACC_00656,4858.63,2026-01-12T22:09:00
TXN_004890,ACC_00507,ACC_00579,2879.83,2026-01-27T17:45:00
TXN_004891,ACC_00089,ACC_00005,250.64,2026-01-06T02:30:00
TXN_004892,ACC_00971,ACC_00944,1147.1,2026-01-22T19:57:00
TXN_004893,ACC_00069,ACC_00030,826.99,2026-01-16T11:47:00
TXN_004894,ACC_00170,ACC_00177,3321.22,2026-01-19T15:23:00
TXN_004895,ACC_00437,ACC_00422,1481.1,2026-01-30T14:34:00
TXN_004896,ACC_00495,ACC_00466,1494.73,2026-01-24T12:22:00
TXN_004897,ACC_00993,ACC_00959,1859.85,2026-01-27T12:36:00
TXN_004898,ACC_00272,ACC_00248,1649.68,2026-01-23T07:30:00
TXN_004899,ACC_00945,ACC_00997,640.83,2026-01-24T15:52:00
TXN_004900,ACC_00895,ACC_00815,266.2,2026-01-27T22:59:00
TXN_004901,ACC_00210,ACC_00257,2319.18,2026-01-27T13:40:00
TXN_004902,ACC_00878,ACC_00885,4194.57,2026-01-29T17:26:00
TXN_004903,ACC_00239,ACC_00268,945.78,2026-01-25T14:18:00
TXN_004904,ACC_00958,ACC_00911,81.8,2026-01-22T00:45:00
TXN_004905,ACC_00597,ACC_00575,1503.25,2026-01-25T01:56:00
TXN_004906,ACC_00443,ACC_00413,3976.08,2026-01-13T02:24:00
TXN_004907,ACC_00355,ACC_00364,2620.13,2026-01-08T06:37:00
TXN_004908,ACC_00667,ACC_00614,919.3,2026-01-04T18:39:00
TXN_004909,ACC_00382,ACC_00304,2645.53,2026-01-10T13:17:00
TXN_004910,ACC_00597,ACC_00556,579.24,2026-01-25T09:51:00
TXN_004911,ACC_00174,ACC_00132,4930.5,2026-01-28T18:00:00
TXN_004912,ACC_00769,ACC_00711,4726.85,2026-01-13T12:29:00
TXN_004913,ACC_00574,ACC_00502,3692.06,2026-01-02T00:45:00
TXN_004914,ACC_00985,ACC_00993,3155.07,2026-01-27T01:42:00
TXN_004915,ACC_00214,ACC_00257,2889.69,2026-01-22T07:11:00
TXN_004916,ACC_00541,ACC_00519,4308.6,2026-01-26T11:58:00
TXN_004917,ACC_00675,ACC_00627,4117.33,2026-01-11T01:24:00
TXN_004918,ACC_00512,ACC_00581,1572.27,2026-01-30T21:36:00
TXN_004919,ACC_00869,ACC_00897,3775.18,2026-01-01T22:34:00
TXN_004920,ACC_00796,ACC_00702,983.84,2026-01-15T11:47:00
TXN_004921,ACC_00603,ACC_00696,618.08,2026-01-06T12:45:00
TXN_004922,ACC_00375,ACC_00311,1250.61,2026-01-01T11:23:00
TXN_004923,ACC_00817,ACC_00874,1543.8,2026-01-22T14:04:00
TXN_004924,ACC_00545,ACC_00516,3620.3,2026-01-12T01:48:00
TXN_004925,ACC_00074,ACC_00008,1647.17,2026-01-25T04:07:00
TXN_004926,ACC_00813,ACC_00865,223.16,2026-01-06T14:22:00
TXN_004927,ACC_00508,ACC_00518,1068.77,2026-01-14T14:57:00
TXN_004928,ACC_00727,ACC_00752,4529.83,2026-01-04T04:06:00
TXN_004929,ACC_00864,ACC_00827,3790.05,2026-01-18T06:05:00
TXN_004930,ACC_00257,ACC_00211,3454.13,2026-01-10T21:03:00
TXN_004931,ACC_00893,ACC_00877,2846.07,2026-01-19T05:56:00
TXN_004932,ACC_00346,ACC_00331,311.16,2026-01-29T03:45:00
TXN_004933,ACC_00081,ACC_00043,1615.57,2026-01-25T18:47:00
TXN_004934,ACC_00612,ACC_00647,4778.58,2026-01-29T19:15:00
TXN_004935,ACC_00786,ACC_00732,3256.8,2026-01-04T21:52:00
TXN_004936,ACC_00649,ACC_00631,2441.84,2026-01-27T14:44:00
TXN_004937,ACC_00246,ACC_00245,515.3,2026-01-06T06:21:00
TXN_004938,ACC_00432,ACC_00451,222.51,2026-01-28T22:02:00
TXN_004939,ACC_00266,ACC_00231,2435.93,2026-01-22T11:02:00
TXN_004940,ACC_00704,ACC_00721,2976.56,2026-01-25T18:57:00
TXN_004941,ACC_00653,ACC_00601,4571.42,2026-01-16T14:46:00
TXN_004942,ACC_00423,ACC_00467,1894.78,2026-01-04T17:47:00
TXN_004943,ACC_00433,ACC_00409,391.95,2026-01-19T18:14:00
TXN_004944,ACC_00180,ACC_00190,4794.91,2026-01-22T00:26:00
TXN_004945,ACC_00582,ACC_00527,2681.71,2026-01-16T05:38:00
TXN_004946,ACC_00453,ACC_00434,4876.81,2026-01-02T22:48:00
TXN_004947,ACC_00105,ACC_00125,2738.85,2026-01-26T11:54:00
TXN_004948,ACC_00263,ACC_00228,1327.65,2026-01-01T09:02:00
TXN_004949,ACC_00754,ACC_00727,680.26,2026-01-20T05:10:00
TXN_004950,ACC_00814,ACC_00834,1303.22,2026-01-29T20:14:00
TXN_004951,ACC_00459,ACC_00415,3777.34,2026-01-25T01:39:00
TXN_004952,ACC_00376,ACC_00341,4633.56,2026-01-10T14:55:00
TXN_004953,ACC_00953,ACC_00974,2097.76,2026-01-03T01:02:00
TXN_004954,ACC_00634,ACC_00689,3137.21,2026-01-28T14:48:00
TXN_004955,ACC_00073,ACC_00023,2533.23,2026-01-08T21:06:00
TXN_004956,ACC_00479,ACC_00466,3828.65,2026-01-21T16:15:00
TXN_004957,ACC_00597,ACC_00545,4279.84,2026-01-06T02:12:00
TXN_004958,ACC_00399,ACC_00343,3745.6,2026-01-25T11:14:00
TXN_004959,ACC_00718,ACC_00763,2273.03,2026-01-06T14:39:00
TXN_004960,ACC_00303,ACC_00383,4032.16,2026-01-20T08:00:00
TXN_004961,ACC_00816,ACC_00814,4197.33,2026-01-18T11:09:00
TXN_004962,ACC_00500,ACC_00493,1023.44,2026-01-02T14:21:00
TXN_004963,ACC_00376,ACC_00365,4506.72,2026-01-24T18:56:00
TXN_004964,ACC_00864,ACC_00827,2354.77,2026-01-25T22:58:00
TXN_004965,ACC_00566,ACC_00529,1080.1,2026-01-11T15:37:00
TXN_004966,ACC_00498,ACC_00461,79.48,2026-01-21T10:58:00
TXN_004967,ACC_00413,ACC_00430,3029.16,2026-01-01T09:12:00
TXN_004968,ACC_00915,ACC_00945,2568.13,2026-01-09T18:48:00
TXN_004969,ACC_00603,ACC_00624,647.3,2026-01-25T19:13:00
TXN_004970,ACC_00245,ACC_00234,4849.74,2026-01-08T14:15:00
TXN_004971,ACC_00409,ACC_00484,4313.16,2026-01-08T18:06:00
TXN_004972,ACC_00311,ACC_00379,3623.56,2026-01-02T14:03:00
TXN_004973,ACC_00558,ACC_00560,46.54,2026-01-07T02:18:00
TXN_004974,ACC_00409,ACC_00403,3539.31,2026-01-03T13:49:00
TXN_004975,ACC_00789,ACC_00776,507.53,2026-01-13T09:13:00
TXN_004976,ACC_00321,ACC_00335,4989.17,2026-01-17T21:29:00
TXN_004977,ACC_00371,ACC_00383,306.89,2026-01-04T10:13:00
TXN_004978,ACC_00792,ACC_00779,502.97,2026-01-15T02:07:00
TXN_004979,ACC_00219,ACC_00297,2724.49,2026-01-13T14:36:00
TXN_004980,ACC_00704,ACC_00776,2378.6,2026-01-26T09:30:00
TXN_004981,ACC_00633,ACC_00674,1031.38,2026-01-19T12:24:00
TXN_004982,ACC_00248,ACC_00211,4211.49,2026-01-23T13:46:00
TXN_004983,ACC_00224,ACC_00238,1332.42,2026-01-01T15:16:00
TXN_004984,ACC_00323,ACC_00354,548.33,2026-01-05T12:52:00
TXN_004985,ACC_00907,ACC_00905,1534.34,2026-01-09T18:10:00
TXN_004986,ACC_00856,ACC_00813,1083.41,2026-01-18T08:40:00
TXN_004987,ACC_00702,ACC_00720,2002.79,2026-01-25T20:32:00
TXN_004988,ACC_00208,ACC_00220,168.67,2026-01-02T14:23:00
TXN_004989,ACC_00600,ACC_00531,4467.38,2026-01-18T18:59:00
TXN_004990,ACC_00693,ACC_00618,2860.49,2026-01-04T04:32:00
TXN_004991,ACC_00353,ACC_00370,165.57,2026-01-27T13:13:00
TXN_004992,ACC_00560,ACC_00561,1571.81,2026-01-28T12:43:00
TXN_004993,ACC_00013,ACC_00064,691.44,2026-01-12T01:51:00
TXN_004994,ACC_00902,ACC_00904,1088.78,2026-01-21T23:57:00
TXN_004995,ACC_00712,ACC_00725,3275.2,2026-01-02T13:48:00
TXN_004996,ACC_00221,ACC_00212,1028.93,2026-01-05T23:13:00
TXN_004997,ACC_00673,ACC_00606,2368.34,2026-01-24T04:18:00
TXN_004998,ACC_00184,ACC_00150,721.25,2026-01-23T13:20:00
TXN_004999,ACC_00104,ACC_00133,4351.99,2026-01-15T09:23:00
TXN_005000,ACC_00496,ACC_00453,4993.98,2026-01-06T02:11:00
TXN_005001,ACC_00173,ACC_00122,4040.64,2026-01-25T21:38:00
TXN_005002,ACC_00161,ACC_00101,1291.61,2026-01-21T16:44:00
TXN_005003,ACC_00353,ACC_00307,4127.01,2026-01-07T14:03:00
TXN_005004,ACC_00438,ACC_00417,1809.12,2026-01-09T08:36:00
TXN_005005,ACC_00183,ACC_00151,728.91,2026-01-01T16:49:00
TXN_005006,ACC_00228,ACC_00276,3779.09,2026-01-13T06:46:00
TXN_005007,ACC_00294,ACC_00286,2920.87,2026-01-01T18:35:00
TXN_005008,ACC_00495,ACC_00458,4417.68,2026-01-22T14:14:00
TXN_005009,ACC_00679,ACC_00603,3375.27,2026-01-10T11:27:00
TXN_005010,ACC_00683,ACC_00681,1585.87,2026-01-17T01:42:00
TXN_005011,ACC_00317,ACC_00361,403.73,2026-01-19T14:42:00
TXN_005012,ACC_00778,ACC_00739,130.29,2026-01-26T08:36:00
TXN_005013,ACC_00235,ACC_00245,2925.89,2026-01-17T08:13:00
TXN_005014,ACC_00515,ACC_00549,665.75,2026-01-02T16:28:00
TXN_005015,ACC_00174,ACC_00186,1605.15,2026-01-06T00:37:00
TXN_005016,ACC_00875,ACC_00812,4029.06,2026-01-08T18:28:00
TXN_005017,ACC_00852,ACC_00897,3665.21,2026-01-13T23:52:00
TXN_005018,ACC_00853,ACC_00833,2784.45,2026-01-22T19:09:00
TXN_005019,ACC_00887,ACC_00854,1077.33,2026-01-06T18:36:00
TXN_005020,ACC_00608,ACC_00602,2632.34,2026-01-23T18:21:00
TXN_005021,ACC_00459,ACC_00434,2560.75,2026-01-02T01:48:00
TXN_005022,ACC_00357,ACC_00385,4882.34,2026-01-26T08:55:00
TXN_005023,ACC_00915,ACC_00974,2458.57,2026-01-02T11:31:00
TXN_005024,ACC_00973,ACC_00917,2191.54,2026-01-04T21:39:00
TXN_005025,ACC_00007,ACC_00052,3687.52,2026-01-26T23:59:00
TXN_005026,ACC_00899,ACC_00826,3043.57,2026-01-18T21:18:00
TXN_005027,ACC_00226,ACC_00242,1400.23,2026-01-11T11:43:00
TXN_005028,ACC_00466,ACC_00456,2250.75,2026-01-13T07:22:00
TXN_005029,ACC_00065,ACC_00021,1127.77,2026-01-06T08:05:00
TXN_005030,ACC_00853,ACC_00841,2164.15,2026-01-13T11:37:00
TXN_005031,ACC_00292,ACC_00202,338.93,2026-01-08T15:41:00
TXN_005032,ACC_00226,ACC_00296,3434.73,2026-01-23T09:01:00
TXN_005033,ACC_00202,ACC_00246,17.44,2026-01-15T23:11:00
TXN_005034,ACC_00398,ACC_00328,314.19,2026-01-01T02:09:00
TXN_005035,ACC_00071,ACC_00067,1250.85,2026-01-18T03:40:00
TXN_005036,ACC_00496,ACC_00492,2272.65,2026-01-19T08:31:00
TXN_005037,ACC_00915,ACC_00979,26.76,2026-01-01T05:16:00
TXN_005038,ACC_00874,ACC_00899,4996.37,2026-01-26T20:32:00
TXN_005039,ACC_00133,ACC_00116,3993.62,2026-01-19T11:40:00
TXN_005040,ACC_00075,ACC_00012,2842.91,2026-01-18T11:57:00
TXN_005041,ACC_00231,ACC_00218,1015.69,2026-01-23T12:05:00
TXN_005042,ACC_00795,ACC_00775,4725.9,2026-01-25T05:00:00
TXN_005043,ACC_00994,ACC_00959,233.2,2026-01-29T02:46:00
TXN_005044,ACC_00070,ACC_00094,1508.01,2026-01-16T07:55:00
TXN_005045,ACC_00171,ACC_00155,4999.87,2026-01-22T20:19:00
TXN_005046,ACC_00632,ACC_00606,125.06,2026-01-03T07:20:00
TXN_005047,ACC_00976,ACC_00966,3424.64,2026-01-13T14:55:00
TXN_005048,ACC_00356,ACC_00316,3617.83,2026-01-05T09:42:00
TXN_005049,ACC_00358,ACC_00311,2621.72,2026-01-05T08:59:00
TXN_005050,ACC_00141,ACC_00112,2780.93,2026-01-28T11:52:00
TXN_005051,ACC_00589,ACC_00534,2511.23,2026-01-16T00:08:00
TXN_005052,ACC_00940,ACC_00920,953.67,2026-01-01T19:50:00
TXN_005053,ACC_00486,ACC_00402,1821.46,2026-01-04T02:43:00
TXN_005054,ACC_00598,ACC_00531,2070.24,2026-01-13T15:21:00
TXN_005055,ACC_00058,ACC_00042,4717.81,2026-01-18T01:40:00
TXN_005056,ACC_00977,ACC_00933,2914.2,2026-01-13T21:31:00
TXN_005057,ACC_00452,ACC_00456,749.87,2026-01-21T02:21:00
TXN_005058,ACC_00013,ACC_00008,698.36,2026-01-26T01:19:00
TXN_005059,ACC_00018,ACC_00091,4552.15,2026-01-25T12:48:00
TXN_005060,ACC_00820,ACC_00818,1120.24,2026-01-30T16:49:00
TXN_005061,ACC_00777,ACC_00799,4841.05,2026-01-14T03:38:00
TXN_005062,ACC_00251,ACC_00219,2659.08,2026-01-02T12:47:00
TXN_005063,ACC_00809,ACC_00864,3447.25,2026-01-12T22:15:00
TXN_005064,ACC_00260,ACC_00230,3189.5,2026-01-17T07:35:00
TXN_005065,ACC_00353,ACC_00340,4755.66,2026-01-08T06:30:00
TXN_005066,ACC_00345,ACC_00359,52.02,2026-01-01T19:00:00
TXN_005067,ACC_00121,ACC_00180,4962.53,2026-01-05T07:26:00
TXN_005068,ACC_00818,ACC_00871,544.84,2026-01-16T02:38:00
TXN_005069,ACC_00188,ACC_00154,3145.43,2026-01-04T03:51:00
TXN_005070,ACC_00545,ACC_00573,1441.45,2026-01-01T19:33:00
TXN_005071,ACC_00615,ACC_00605,2328.59,2026-01-03T18:26:00
TXN_005072,ACC_00229,ACC_00208,2138.09,2026-01-13T00:54:00
TXN_005073,ACC_00007,ACC_00011,2812.17,2026-01-06T19:34:00
TXN_005074,ACC_00819,ACC_00859,157.83,2026-01-04T22:39:00
TXN_005075,ACC_00226,ACC_00217,3677.69,2026-01-26T20:11:00
TXN_005076,ACC_00609,ACC_00645,634.22,2026-01-05T01:50:00
TXN_005077,ACC_00469,ACC_00492,67.53,2026-01-18T00:47:00
TXN_005078,ACC_00656,ACC_00697,1129.7,2026-01-15T19:05:00
TXN_005079,ACC_00440,ACC_00449,4853.52,2026-01-03T02:14:00
TXN_005080,ACC_00484,ACC_00423,4892.56,2026-01-07T13:38:00
TXN_005081,ACC_00629,ACC_00682,1920.27,2026-01-14T15:30:00
TXN_005082,ACC_00014,ACC_00080,1671.15,2026-01-05T00:14:00
TXN_005083,ACC_00047,ACC_00064,4915.35,2026-01-29T11:40:00
TXN_005084,ACC_00463,ACC_00420,1182.04,2026-01-12T19:24:00
TXN_005085,ACC_00854,ACC_00811,4995.87,2026-01-23T08:29:00
TXN_005086,ACC_00822,ACC_00821,3786.74,2026-01-15T11:10:00
TXN_005087,ACC_00259,ACC_00286,1977.26,2026-01-09T08:10:00
TXN_005088,ACC_00066,ACC_00051,3520.93,2026-01-20T00:54:00
TXN_005089,ACC_00645,ACC_00690,4763.99,2026-01-19T05:06:00
TXN_005090,ACC_00236,ACC_00210,4397.81,2026-01-29T06:44:00
TXN_005091,ACC_00670,ACC_00657,4282.73,2026-01-24T05:45:00
TXN_005092,ACC_00480,ACC_00438,2340.74,2026-01-22T12:58:00
TXN_005093,ACC_00185,ACC_00121,309.85,2026-01-27T07:31:00
TXN_005094,ACC_00347,ACC_00302,2069.78,2026-01-02T15:52:00
TXN_005095,ACC_00166,ACC_00139,2832.47,2026-01-23T18:47:00
TXN_005096,ACC_00419,ACC_00417,1572.9,2026-01-11T17:00:00
TXN_005097,ACC_00427,ACC_00440,1543.12,2026-01-03T10:35:00
TXN_005098,ACC_00695,ACC_00697,2742.94,2026-01-18T05:19:00
TXN_005099,ACC_00120,ACC_00112,3955.24,2026-01-16T07:18:00
TXN_005100,ACC_00633,ACC_00678,826.5,2026-01-17T05:09:00
TXN_005101,ACC_00474,ACC_00423,4849.78,2026-01-01T18:46:00
TXN_005102,ACC_00437,ACC_00483,3834.41,2026-01-05T00:03:00
TXN_005103,ACC_00186,ACC_00191,2470.36,2026-01-28T20:58:00
TXN_005104,ACC_00370,ACC_00371,2660.67,2026-01-04T15:43:00
TXN_005105,ACC_00732,ACC_00701,1175.17,2026-01-20T12:37:00
TXN_005106,ACC_00344,ACC_00387,3946.89,2026-01-27T16:53:00
TXN_005107,ACC_00865,ACC_00823,2645.89,2026-01-03T22:44:00
TXN_005108,ACC_00476,ACC_00454,125.76,2026-01-25T10:22:00
TXN_005109,ACC_00652,ACC_00634,1743.11,2026-01-01T19:58:00
TXN_005110,ACC_00113,ACC_00106,464.63,2026-01-09T06:30:00
TXN_005111,ACC_00540,ACC_00526,3751.26,2026-01-30T21:05:00
TXN_005112,ACC_00193,ACC_00124,4317.32,2026-01-12T05:56:00
TXN_005113,ACC_00191,ACC_00152,1561.67,2026-01-03T07:39:00
TXN_005114,ACC_00855,ACC_00801,2488.39,2026-01-11T21:50:00
TXN_005115,ACC_00192,ACC_00194,4362.75,2026-01-30T05:04:00
TXN_005116,ACC_00607,ACC_00608,824.15,2026-01-10T05:19:00
TXN_005117,ACC_00314,ACC_00377,2758.29,2026-01-21T07:56:00
TXN_005118,ACC_00980,ACC_00978,410.11,2026-01-03T06:03:00
TXN_005119,ACC_00405,ACC_00402,1496.09,2026-01-10T13:13:00
TXN_005120,ACC_00715,ACC_00731,3753.56,2026-01-05T20:48:00
TXN_005121,ACC_00796,ACC_00713,4114.95,2026-01-27T20:06:00
TXN_005122,ACC_00854,ACC_00806,4424.28,2026-01-05T18:38:00
TXN_005123,ACC_00620,ACC_00698,3421.88,2026-01-17T03:30:00
TXN_005124,ACC_00997,ACC_00907,1299.27,2026-01-24T02:08:00
TXN_005125,ACC_00983,ACC_00937,2338.63,2026-01-29T22:49:00
TXN_005126,ACC_00843,ACC_00847,3147.14,2026-01-01T10:17:00
TXN_005127,ACC_00127,ACC_00157,1125.05,2026-01-16T12:09:00
TXN_005128,ACC_00822,ACC_00891,122.94,2026-01-06T10:23:00
TXN_005129,ACC_00272,ACC_00268,2617.71,2026-01-21T04:34:00
TXN_005130,ACC_00061,ACC_00018,2997.73,2026-01-22T07:09:00
TXN_005131,ACC_00092,ACC_00030,568.64,2026-01-22T07:07:00
TXN_005132,ACC_00614,ACC_00655,2767.1,2026-01-02T06:01:00
TXN_005133,ACC_00815,ACC_00900,2355.21,2026-01-29T00:21:00
TXN_005134,ACC_00217,ACC_00226,4396.79,2026-01-28T02:41:00
TXN_005135,ACC_00982,ACC_00950,2410.8,2026-01-12T10:30:00
TXN_005136,ACC_00169,ACC_00126,1700.85,2026-01-23T01:55:00
TXN_005137,ACC_00306,ACC_00358,2802.69,2026-01-20T01:54:00
TXN_005138,ACC_00101,ACC_00124,2739.68,2026-01-14T01:15:00
TXN_005139,ACC_00847,ACC_00846,4336.99,2026-01-22T04:28:00
TXN_005140,ACC_00805,ACC_00802,3260.15,2026-01-08T17:22:00
TXN_005141,ACC_00425,ACC_00499,1074.3,2026-01-07T03:24:00
TXN_005142,ACC_00624,ACC_00621,1959.61,2026-01-06T12:45:00
TXN_005143,ACC_00050,ACC_00078,2761.92,2026-01-18T09:42:00
TXN_005144,ACC_00734,ACC_00751,109.42,2026-01-22T11:43:00
TXN_005145,ACC_00788,ACC_00746,2190.28,2026-01-04T00:24:00
TXN_005146,ACC_00132,ACC_00174,3487.94,2026-01-17T14:19:00
TXN_005147,ACC_00212,ACC_00242,3681.64,2026-01-03T11:59:00
TXN_005148,ACC_00639,ACC_00619,372.77,2026-01-18T16:13:00
TXN_005149,ACC_00702,ACC_00728,1826.25,2026-01-09T23:51:00
TXN_005150,ACC_00899,ACC_00834,1417.53,2026-01-08T02:59:00
TXN_005151,ACC_00390,ACC_00396,3103.81,2026-01-06T02:53:00
TXN_005152,ACC_00374,ACC_00318,2713.73,2026-01-14T03:10:00
TXN_005153,ACC_00465,ACC_00409,127.69,2026-01-11T00:43:00
TXN_005154,ACC_00414,ACC_00495,3007.43,2026-01-20T08:18:00
TXN_005155,ACC_00102,ACC_00141,243.79,2026-01-11T09:43:00
TXN_005156,ACC_00148,ACC_00110,2386.59,2026-01-18T03:50:00
TXN_005157,ACC_00598,ACC_00592,4945.92,2026-01-26T00:48:00
TXN_005158,ACC_00452,ACC_00492,1163.13,2026-01-12T03:40:00
TXN_005159,ACC_00943,ACC_00930,2754.25,2026-01-15T02:26:00
TXN_005160,ACC_00101,ACC_00142,4102.73,2026-01-01T18:39:00
TXN_005161,ACC_00464,ACC_00454,3845.85,2026-01-12T19:31:00
TXN_005162,ACC_00263,ACC_00265,3938.32,2026-01-27T15:12:00
TXN_005163,ACC_00141,ACC_00161,2763.53,2026-01-12T05:33:00
TXN_005164,ACC_00596,ACC_00598,692.71,2026-01-06T01:25:00
TXN_005165,ACC_00158,ACC_00164,4037.83,2026-01-15T23:55:00
TXN_005166,ACC_00230,ACC_00276,3827.73,2026-01-17T22:26:00
TXN_005167,ACC_00765,ACC_00713,1817.78,2026-01-16T12:51:00
TXN_005168,ACC_00249,ACC_00282,3814.51,2026-01-03T01:49:00
TXN_005169,ACC_00960,ACC_00921,3674.42,2026-01-11T08:02:00
TXN_005170,ACC_00020,ACC_00038,2181.31,2026-01-14T07:43:00
TXN_005171,ACC_00599,ACC_00536,3868.09,2026-01-20T05:51:00
TXN_005172,ACC_00719,ACC_00705,332.64,2026-01-17T07:08:00
TXN_005173,ACC_00104,ACC_00159,315.12,2026-01-10T06:21:00
TXN_005174,ACC_00860,ACC_00816,1927.53,2026-01-17T11:01:00
TXN_005175,ACC_00497,ACC_00484,2662.48,2026-01-22T21:02:00
TXN_005176,ACC_00362,ACC_00386,1090.4,2026-01-03T18:50:00
TXN_005177,ACC_00741,ACC_00740,2655.08,2026-01-11T09:19:00
TXN_005178,ACC_00257,ACC_00238,4204.28,2026-01-04T07:37:00
TXN_005179,ACC_00842,ACC_00891,3361.88,2026-01-21T21:22:00
TXN_005180,ACC_00607,ACC_00621,872.06,2026-01-26T14:32:00
TXN_005181,ACC_00499,ACC_00497,3429.4,2026-01-18T22:49:00
TXN_005182,ACC_00619,ACC_00658,2779.45,2026-01-09T11:05:00
TXN_005183,ACC_00406,ACC_00458,2148.77,2026-01-19T23:03:00
TXN_005184,ACC_00202,ACC_00258,4462.92,2026-01-30T16:55:00
TXN_005185,ACC_00319,ACC_00362,4299.74,2026-01-04T01:50:00
TXN_005186,ACC_00344,ACC_00327,4834.81,2026-01-25T23:05:00
TXN_005187,ACC_00661,ACC_00654,1797.09,2026-01-07T07:07:00
TXN_005188,ACC_00228,ACC_00268,3612.96,2026-01-20T15:01:00
TXN_005189,ACC_00778,ACC_00707,4480.64,2026-01-19T11:56:00
TXN_005190,ACC_00034,ACC_00067,4968.3,2026-01-24T19:36:00
TXN_005191,ACC_00987,ACC_00930,297.1,2026-01-09T00:38:00
TXN_005192,ACC_00600,ACC_00548,1305.94,2026-01-11T17:01:00
TXN_005193,ACC_00504,ACC_00588,4718.52,2026-01-24T21:15:00
TXN_005194,ACC_00999,ACC_00919,1008.07,2026-01-22T14:01:00
TXN_005195,ACC_00696,ACC_00611,2984.94,2026-01-15T21:34:00
TXN_005196,ACC_00755,ACC_00733,1578.21,2026-01-01T09:38:00
TXN_005197,ACC_00553,ACC_00558,3686.36,2026-01-03T15:06:00
TXN_005198,ACC_00877,ACC_00860,3556.29,2026-01-23T17:55:00
TXN_005199,ACC_00533,ACC_00521,4254.19,2026-01-20T20:35:00
TXN_005200,ACC_00991,ACC_00904,4157.56,2026-01-11T23:29:00
TXN_005201,ACC_00834,ACC_00819,2389.52,2026-01-09T05:37:00
TXN_005202,ACC_00696,ACC_00617,3645.93,2026-01-21T17:27:00
TXN_005203,ACC_00208,ACC_00291,885.45,2026-01-09T00:18:00
TXN_005204,ACC_00262,ACC_00214,3810.27,2026-01-05T20:14:00
TXN_005205,ACC_00748,ACC_00784,2135.37,2026-01-23T07:18:00
TXN_005206,ACC_00163,ACC_00114,830.26,2026-01-20T05:57:00
TXN_005207,ACC_00421,ACC_00479,1866.03,2026-01-25T17:18:00
TXN_005208,ACC_00435,ACC_00471,2889.85,2026-01-19T09:26:00
TXN_005209,ACC_00305,ACC_00348,4700.58,2026-01-08T23:56:00
TXN_005210,ACC_00675,ACC_00602,2926.73,2026-01-10T10:27:00
TXN_005211,ACC_00224,ACC_00204,3736.92,2026-01-09T04:48:00
TXN_005212,ACC_00971,ACC_00902,4984.45,2026-01-05T08:28:00
TXN_005213,ACC_00424,ACC_00487,1350.5,2026-01-19T02:11:00
TXN_005214,ACC_00108,ACC_00155,136.11,2026-01-25T20:46:00
TXN_005215,ACC_00158,ACC_00160,4608.74,2026-01-01T21:06:00
TXN_005216,ACC_00152,ACC_00125,4436.6,2026-01-21T06:46:00
TXN_005217,ACC_00044,ACC_00088,4707.4,2026-01-01T11:46:00
TXN_005218,ACC_00475,ACC_00426,931.9,2026-01-10T11:55:00
TXN_005219,ACC_00724,ACC_00733,1889.91,2026-01-13T17:27:00
TXN_005220,ACC_00315,ACC_00357,2820.38,2026-01-08T06:39:00
TXN_005221,ACC_00756,ACC_00731,36.59,2026-01-26T06:26:00
TXN_005222,ACC_00373,ACC_00305,3783.6,2026-01-19T02:23:00
TXN_005223,ACC_00534,ACC_00508,4406.07,2026-01-08T02:41:00
TXN_005224,ACC_00994,ACC_00979,1632.0,2026-01-26T00:47:00
TXN_005225,ACC_00929,ACC_00995,1132.08,2026-01-28T12:30:00
TXN_005226,ACC_00790,ACC_00721,909.11,2026-01-23T10:46:00
TXN_005227,ACC_00121,ACC_00174,4113.01,2026-01-06T08:44:00
TXN_005228,ACC_00345,ACC_00384,1499.34,2026-01-03T04:09:00
TXN_005229,ACC_00955,ACC_00908,4153.92,2026-01-06T17:00:00
TXN_005230,ACC_00658,ACC_00651,1662.33,2026-01-30T09:28:00
TXN_005231,ACC_00259,ACC_00222,3226.16,2026-01-26T03:59:00
TXN_005232,ACC_00527,ACC_00576,1331.23,2026-01-23T06:23:00
TXN_005233,ACC_00948,ACC_00903,3616.7,2026-01-21T14:24:00
TXN_005234,ACC_00870,ACC_00856,4082.16,2026-01-14T17:09:00
TXN_005235,ACC_00696,ACC_00664,3770.15,2026-01-17T12:54:00
TXN_005236,ACC_00022,ACC_00006,61.05,2026-01-25T19:59:00
TXN_005237,ACC_00173,ACC_00122,241.82,2026-01-28T01:55:00
TXN_005238,ACC_00299,ACC_00210,3885.38,2026-01-17T21:40:00
TXN_005239,ACC_00431,ACC_00480,1404.67,2026-01-02T11:34:00
TXN_005240,ACC_00874,ACC_00805,1133.6,2026-01-27T14:44:00
TXN_005241,ACC_00245,ACC_00225,1039.39,2026-01-12T06:04:00
TXN_005242,ACC_00022,ACC_00032,345.51,2026-01-17T06:30:00
TXN_005243,ACC_00248,ACC_00284,1726.82,2026-01-16T01:57:00
TXN_005244,ACC_00015,ACC_00080,4946.66,2026-01-11T07:07:00
TXN_005245,ACC_00443,ACC_00492,1137.92,2026-01-02T12:28:00
TXN_005246,ACC_00675,ACC_00665,4044.59,2026-01-26T05:32:00
TXN_005247,ACC_00489,ACC_00427,976.27,2026-01-29T09:20:00
TXN_005248,ACC_00325,ACC_00321,4250.51,2026-01-14T09:43:00
TXN_005249,ACC_00621,ACC_00676,669.99,2026-01-20T10:07:00
TXN_005250,ACC_00804,ACC_00845,3735.64,2026-01-26T16:23:00
TXN_005251,ACC_00883,ACC_00830,640.36,2026-01-06T13:44:00
TXN_005252,ACC_00497,ACC_00435,816.84,2026-01-05T02:48:00
TXN_005253,ACC_00908,ACC_00957,3759.27,2026-01-16T04:05:00
TXN_005254,ACC_00641,ACC_00679,3077.79,2026-01-28T08:36:00
TXN_005255,ACC_00016,ACC_00019,4835.23,2026-01-12T01:07:00
TXN_005256,ACC_00626,ACC_00610,2304.33,2026-01-22T21:30:00
TXN_005257,ACC_00948,ACC_00936,337.18,2026-01-08T06:49:00
TXN_005258,ACC_00050,ACC_00024,3876.62,2026-01-28T02:13:00
TXN_005259,ACC_00483,ACC_00412,1023.72,2026-01-26T18:36:00
TXN_005260,ACC_00744,ACC_00780,2933.92,2026-01-05T10:48:00
TXN_005261,ACC_00251,ACC_00258,3517.92,2026-01-04T11:01:00
TXN_005262,ACC_00162,ACC_00148,3615.51,2026-01-11T13:32:00
TXN_005263,ACC_00255,ACC_00236,1599.32,2026-01-22T13:08:00
TXN_005264,ACC_00881,ACC_00852,1921.64,2026-01-12T11:06:00
TXN_005265,ACC_00290,ACC_00204,2134.36,2026-01-29T06:05:00
TXN_005266,ACC_00799,ACC_00730,32.5,2026-01-02T04:53:00
TXN_005267,ACC_00921,ACC_00985,4512.9,2026-01-25T06:13:00
TXN_005268,ACC_00518,ACC_00535,963.35,2026-01-03T18:43:00
TXN_005269,ACC_00109,ACC_00146,4301.7,2026-01-11T11:31:00
TXN_005270,ACC_00502,ACC_00541,1361.82,2026-01-05T06:46:00
TXN_005271,ACC_00213,ACC_00275,534.29,2026-01-30T02:53:00
TXN_005272,ACC_00386,ACC_00307,4258.25,2026-01-24T13:09:00
TXN_005273,ACC_00776,ACC_00760,706.89,2026-01-30T00:33:00
TXN_005274,ACC_00778,ACC_00717,3465.2,2026-01-18T00:54:00
TXN_005275,ACC_00417,ACC_00420,2513.57,2026-01-05T06:02:00
TXN_005276,ACC_00391,ACC_00333,3991.5,2026-01-29T14:15:00
TXN_005277,ACC_00590,ACC_00570,2957.6,2026-01-05T23:33:00
TXN_005278,ACC_00039,ACC_00099,2420.68,2026-01-25T16:48:00
TXN_005279,ACC_00056,ACC_00064,1917.2,2026-01-29T20:32:00
TXN_005280,ACC_00926,ACC_00927,3790.19,2026-01-11T16:06:00
TXN_005281,ACC_00976,ACC_00972,1777.91,2026-01-20T13:40:00
TXN_005282,ACC_00580,ACC_00508,1708.06,2026-01-08T13:14:00
TXN_005283,ACC_00886,ACC_00838,1381.94,2026-01-20T17:16:00
TXN_005284,ACC_00843,ACC_00882,3930.19,2026-01-23T21:54:00
TXN_005285,ACC_00595,ACC_00568,968.61,2026-01-25T03:20:00
TXN_005286,ACC_00822,ACC_00900,3500.36,2026-01-15T14:13:00
TXN_005287,ACC_00718,ACC_00752,99.77,2026-01-08T19:45:00
TXN_005288,ACC_00835,ACC_00851,635.39,2026-01-22T22:45:00
TXN_005289,ACC_01000,ACC_00922,1532.67,2026-01-17T11:51:00
TXN_005290,ACC_00400,ACC_00382,3688.2,2026-01-15T12:18:00
TXN_005291,ACC_00175,ACC_00151,2781.69,2026-01-08T16:20:00
TXN_005292,ACC_00224,ACC_00245,3777.36,2026-01-01T09:25:00
TXN_005293,ACC_00824,ACC_00846,2034.62,2026-01-29T22:16:00
TXN_005294,ACC_00458,ACC_00423,2061.83,2026-01-26T03:26:00
TXN_005295,ACC_00998,ACC_00933,3234.13,2026-01-09T04:54:00
TXN_005296,ACC_00122,ACC_00121,4611.07,2026-01-12T04:21:00
TXN_005297,ACC_00137,ACC_00173,883.27,2026-01-27T02:18:00
TXN_005298,ACC_00002,ACC_00078,2093.35,2026-01-30T19:34:00
TXN_005299,ACC_00289,ACC_00257,680.55,2026-01-02T19:25:00
TXN_005300,ACC_00601,ACC_00634,4141.88,2026-01-16T14:18:00
TXN_005301,ACC_00075,ACC_00047,979.08,2026-01-20T14:00:00
TXN_005302,ACC_00162,ACC_00137,206.3,2026-01-30T10:42:00
TXN_005303,ACC_00379,ACC_00310,3689.25,2026-01-03T06:30:00
TXN_005304,ACC_00174,ACC_00129,1859.97,2026-01-12T04:16:00
TXN_005305,ACC_00369,ACC_00380,681.0,2026-01-09T02:01:00
TXN_005306,ACC_00460,ACC_00412,4748.69,2026-01-04T22:51:00
TXN_005307,ACC_00349,ACC_00301,2105.16,2026-01-03T03:05:00
TXN_005308,ACC_00068,ACC_00019,2434.41,2026-01-21T23:58:00
TXN_005309,ACC_00042,ACC_00052,2007.16,2026-01-13T18:54:00
TXN_005310,ACC_00608,ACC_00661,4352.84,2026-01-20T20:08:00
TXN_005311,ACC_00637,ACC_00628,3569.01,2026-01-24T22:13:00
TXN_005312,ACC_00502,ACC_00574,1149.06,2026-01-15T19:36:00
TXN_005313,ACC_00226,ACC_00235,459.76,2026-01-20T06:44:00
TXN_005314,ACC_00685,ACC_00619,3369.75,2026-01-11T03:30:00
TXN_005315,ACC_00326,ACC_00353,72.03,2026-01-06T05:14:00
TXN_005316,ACC_00934,ACC_00937,4825.34,2026-01-05T05:44:00
TXN_005317,ACC_00418,ACC_00426,1951.56,2026-01-05T12:17:00
TXN_005318,ACC_00437,ACC_00415,2304.24,2026-01-09T22:46:00
TXN_005319,ACC_00761,ACC_00785,2621.56,2026-01-18T16:11:00
TXN_005320,ACC_00754,ACC_00797,2115.73,2026-01-02T10:33:00
TXN_005321,ACC_00333,ACC_00378,908.5,2026-01-14T07:17:00
TXN_005322,ACC_00036,ACC_00055,2372.17,2026-01-04T03:52:00
TXN_005323,ACC_00513,ACC_00566,2212.49,2026-01-26T01:16:00
TXN_005324,ACC_00164,ACC_00180,2827.51,2026-01-29T00:17:00
TXN_005325,ACC_00239,ACC_00290,215.47,2026-01-09T07:36:00
TXN_005326,ACC_00237,ACC_00272,2232.03,2026-01-10T23:25:00
TXN_005327,ACC_00499,ACC_00435,3845.23,2026-01-04T12:56:00
TXN_005328,ACC_00229,ACC_00235,2147.72,2026-01-16T17:12:00
TXN_005329,ACC_00526,ACC_00565,2867.27,2026-01-18T16:35:00
TXN_005330,ACC_00773,ACC_00798,835.88,2026-01-01T11:46:00
TXN_005331,ACC_00499,ACC_00469,3729.33,2026-01-17T19:50:00
TXN_005332,ACC_00698,ACC_00618,2801.47,2026-01-20T00:35:00
TXN_005333,ACC_00036,ACC_00089,873.05,2026-01-22T06:45:00
TXN_005334,ACC_00856,ACC_00894,325.46,2026-01-13T02:47:00
TXN_005335,ACC_00001,ACC_00077,1143.41,2026-01-16T10:10:00
TXN_005336,ACC_00581,ACC_00541,3712.17,2026-01-22T22:09:00
TXN_005337,ACC_00423,ACC_00412,3633.3,2026-01-18T18:52:00
TXN_005338,ACC_00342,ACC_00400,3021.0,2026-01-27T20:24:00
TXN_005339,ACC_00075,ACC_00100,2390.01,2026-01-11T00:42:00
TXN_005340,ACC_00134,ACC_00187,259.06,2026-01-20T10:46:00
TXN_005341,ACC_00783,ACC_00782,3687.83,2026-01-19T16:26:00
TXN_005342,ACC_00429,ACC_00459,4781.36,2026-01-23T23:48:00
TXN_005343,ACC_00834,ACC_00836,2290.61,2026-01-10T15:51:00
TXN_005344,ACC_00694,ACC_00649,2715.74,2026-01-04T17:57:00
TXN_005345,ACC_00784,ACC_00745,1289.47,2026-01-19T21:59:00
TXN_005346,ACC_00660,ACC_00617,3777.54,2026-01-18T15:28:00
TXN_005347,ACC_00671,ACC_00609,3299.02,2026-01-17T17:40:00
TXN_005348,ACC_00167,ACC_00148,3735.26,2026-01-24T13:16:00
TXN_005349,ACC_00905,ACC_00908,2269.53,2026-01-07T18:54:00
TXN_005350,ACC_00274,ACC_00215,3887.58,2026-01-01T12:06:00
TXN_005351,ACC_00443,ACC_00406,3252.56,2026-01-21T16:21:00
TXN_005352,ACC_00850,ACC_00803,4881.7,2026-01-14T04:49:00
TXN_005353,ACC_00553,ACC_00597,176.0,2026-01-20T11:55:00
TXN_005354,ACC_00030,ACC_00091,2226.59,2026-01-12T06:51:00
TXN_005355,ACC_00676,ACC_00666,1064.26,2026-01-12T04:18:00
TXN_005356,ACC_00662,ACC_00683,3332.7,2026-01-21T00:37:00
TXN_005357,ACC_00052,ACC_00061,2744.49,2026-01-06T11:20:00
TXN_005358,ACC_00224,ACC_00295,2108.94,2026-01-09T08:19:00
TXN_005359,ACC_00774,ACC_00783,3882.75,2026-01-13T19:09:00
TXN_005360,ACC_00903,ACC_00999,2266.09,2026-01-24T07:07:00
TXN_005361,ACC_00856,ACC_00843,2516.88,2026-01-10T22:08:00
TXN_005362,ACC_00587,ACC_00577,1942.18,2026-01-03T02:59:00
TXN_005363,ACC_00374,ACC_00354,1530.35,2026-01-10T07:12:00
TXN_005364,ACC_00290,ACC_00266,4343.61,2026-01-29T02:55:00
TXN_005365,ACC_00897,ACC_00862,130.11,2026-01-19T04:41:00
TXN_005366,ACC_00582,ACC_00542,4220.77,2026-01-01T23:55:00
TXN_005367,ACC_00474,ACC_00418,4143.89,2026-01-07T07:49:00
TXN_005368,ACC_00708,ACC_00734,4283.67,2026-01-30T11:41:00
TXN_005369,ACC_00698,ACC_00690,2729.87,2026-01-04T12:55:00
TXN_005370,ACC_00688,ACC_00693,158.4,2026-01-21T03:38:00
TXN_005371,ACC_00627,ACC_00624,3815.06,2026-01-03T18:50:00
TXN_005372,ACC_00698,ACC_00621,4655.35,2026-01-27T07:11:00
TXN_005373,ACC_00061,ACC_00025,2910.96,2026-01-27T09:45:00
TXN_005374,ACC_00879,ACC_00811,4083.84,2026-01-26T18:55:00
TXN_005375,ACC_00263,ACC_00216,778.05,2026-01-26T13:41:00
TXN_005376,ACC_00599,ACC_00527,2323.62,2026-01-11T14:54:00
TXN_005377,ACC_00795,ACC_00701,2120.21,2026-01-25T07:09:00
TXN_005378,ACC_00479,ACC_00434,2032.07,2026-01-08T19:27:00
TXN_005379,ACC_00421,ACC_00404,3592.64,2026-01-10T09:16:00
TXN_005380,ACC_00969,ACC_00988,4862.66,2026-01-11T16:02:00
TXN_005381,ACC_00187,ACC_00199,4788.63,2026-01-11T19:18:00
TXN_005382,ACC_00488,ACC_00482,3464.72,2026-01-28T09:00:00
TXN_005383,ACC_00137,ACC_00146,3056.37,2026-01-26T17:45:00
TXN_005384,ACC_00658,ACC_00604,2998.08,2026-01-18T07:28:00
TXN_005385,ACC_00179,ACC_00144,2201.55,2026-01-25T12:18:00
TXN_005386,ACC_00048,ACC_00034,2657.2,2026-01-28T15:17:00
TXN_005387,ACC_00430,ACC_00472,3715.07,2026-01-24T07:55:00
TXN_005388,ACC_00485,ACC_00432,3489.9,2026-01-03T11:18:00
TXN_005389,ACC_00160,ACC_00193,567.11,2026-01-25T12:29:00
TXN_005390,ACC_00765,ACC_00701,3173.75,2026-01-18T14:00:00
TXN_005391,ACC_00485,ACC_00429,1725.26,2026-01-06T04:24:00
TXN_005392,ACC_00875,ACC_00897,523.75,2026-01-03T08:35:00
TXN_005393,ACC_00499,ACC_00475,718.17,2026-01-30T22:53:00
TXN_005394,ACC_00812,ACC_00843,1006.57,2026-01-01T01:36:00
TXN_005395,ACC_00800,ACC_00706,2385.01,2026-01-06T04:59:00
TXN_005396,ACC_00920,ACC_00953,1498.74,2026-01-29T17:00:00
TXN_005397,ACC_00707,ACC_00727,2570.76,2026-01-02T09:57:00
TXN_005398,ACC_00805,ACC_00867,4492.29,2026-01-30T03:43:00
TXN_005399,ACC_00159,ACC_00121,759.61,2026-01-19T07:12:00
TXN_005400,ACC_00277,ACC_00254,877.53,2026-01-26T01:02:00
TXN_005401,ACC_00439,ACC_00468,3763.81,2026-01-15T20:21:00
TXN_005402,ACC_00085,ACC_00003,745.05,2026-01-21T19:52:00
TXN_005403,ACC_00885,ACC_00875,4757.53,2026-01-16T10:08:00
TXN_005404,ACC_00283,ACC_00260,1385.29,2026-01-29T17:35:00
TXN_005405,ACC_00154,ACC_00170,2120.68,2026-01-01T02:23:00
TXN_005406,ACC_00988,ACC_00915,4423.95,2026-01-28T07:11:00
TXN_005407,ACC_00615,ACC_00622,2036.66,2026-01-22T11:49:00
TXN_005408,ACC_00202,ACC_00272,2656.62,2026-01-02T12:08:00
TXN_005409,ACC_00031,ACC_00080,2286.88,2026-01-06T11:07:00
TXN_005410,ACC_00254,ACC_00225,1410.25,2026-01-13T00:58:00
TXN_005411,ACC_00342,ACC_00377,3154.77,2026-01-18T08:41:00
TXN_005412,ACC_00283,ACC_00233,4991.62,2026-01-16T04:49:00
TXN_005413,ACC_00701,ACC_00711,64.65,2026-01-09T03:07:00
TXN_005414,ACC_00485,ACC_00419,819.91,2026-01-14T13:46:00
TXN_005415,ACC_00528,ACC_00553,102.65,2026-01-28T03:43:00
TXN_005416,ACC_00120,ACC_00129,1827.52,2026-01-21T20:50:00
TXN_005417,ACC_00024,ACC_00071,2853.68,2026-01-13T02:49:00
TXN_005418,ACC_00691,ACC_00608,3054.12,2026-01-12T08:59:00
TXN_005419,ACC_00701,ACC_00717,1218.99,2026-01-14T08:44:00
TXN_005420,ACC_00518,ACC_00598,219.72,2026-01-15T00:47:00
TXN_005421,ACC_00529,ACC_00590,1286.65,2026-01-20T08:07:00
TXN_005422,ACC_00190,ACC_00169,3950.97,2026-01-21T00:10:00
TXN_005423,ACC_00487,ACC_00403,4369.78,2026-01-12T01:29:00
TXN_005424,ACC_00466,ACC_00470,603.09,2026-01-07T16:25:00
TXN_005425,ACC_00958,ACC_00964,2593.68,2026-01-12T07:43:00
TXN_005426,ACC_00492,ACC_00452,769.83,2026-01-19T17:02:00
TXN_005427,ACC_00317,ACC_00330,201.82,2026-01-20T11:22:00
TXN_005428,ACC_00660,ACC_00678,4851.08,2026-01-29T10:35:00
TXN_005429,ACC_00637,ACC_00675,655.45,2026-01-04T08:29:00
TXN_005430,ACC_00940,ACC_00973,4839.28,2026-01-23T01:18:00
TXN_005431,ACC_00218,ACC_00296,4757.07,2026-01-03T07:09:00
TXN_005432,ACC_00278,ACC_00268,930.75,2026-01-18T14:39:00
TXN_005433,ACC_00673,ACC_00680,65.29,2026-01-06T20:41:00
TXN_005434,ACC_00651,ACC_00610,4743.65,2026-01-21T15:34:00
TXN_005435,ACC_00975,ACC_00953,953.83,2026-01-09T01:14:00
TXN_005436,ACC_00549,ACC_00579,4544.32,2026-01-27T20:26:00
TXN_005437,ACC_00985,ACC_00920,4574.92,2026-01-27T18:14:00
TXN_005438,ACC_00994,ACC_00971,1084.53,2026-01-12T06:49:00
TXN_005439,ACC_00895,ACC_00862,2784.33,2026-01-19T04:42:00
TXN_005440,ACC_00791,ACC_00764,3058.47,2026-01-21T12:32:00
TXN_005441,ACC_00600,ACC_00556,1512.53,2026-01-01T13:29:00
TXN_005442,ACC_00333,ACC_00368,253.79,2026-01-08T20:35:00
TXN_005443,ACC_00478,ACC_00432,1643.58,2026-01-05T08:28:00
TXN_005444,ACC_00968,ACC_00996,4880.48,2026-01-09T15:05:00
TXN_005445,ACC_00911,ACC_00920,2018.23,2026-01-06T17:41:00
TXN_005446,ACC_00001,ACC_00009,1494.48,2026-01-14T04:18:00
TXN_005447,ACC_00752,ACC_00719,3624.64,2026-01-29T01:51:00
TXN_005448,ACC_00140,ACC_00195,3310.06,2026-01-30T16:13:00
TXN_005449,ACC_00037,ACC_00094,362.88,2026-01-26T16:03:00
TXN_005450,ACC_00416,ACC_00403,2587.77,2026-01-10T06:57:00
TXN_005451,ACC_00964,ACC_00942,4506.66,2026-01-07T22:21:00
TXN_005452,ACC_00861,ACC_00817,2961.27,2026-01-02T12:13:00
TXN_005453,ACC_00856,ACC_00883,4165.79,2026-01-15T21:25:00
TXN_005454,ACC_00639,ACC_00621,1491.29,2026-01-07T03:55:00
TXN_005455,ACC_00043,ACC_00080,765.15,2026-01-30T12:50:00
TXN_005456,ACC_00824,ACC_00830,4159.94,2026-01-16T07:54:00
TXN_005457,ACC_00073,ACC_00063,2146.25,2026-01-20T09:59:00
TXN_005458,ACC_00180,ACC_00134,4529.66,2026-01-26T10:14:00
TXN_005459,ACC_00617,ACC_00673,4606.87,2026-01-25T19:30:00
TXN_005460,ACC_00084,ACC_00048,2674.4,2026-01-19T07:25:00
TXN_005461,ACC_00011,ACC_00061,1828.83,2026-01-30T23:40:00
TXN_005462,ACC_00058,ACC_00079,2051.11,2026-01-19T14:10:00
TXN_005463,ACC_00856,ACC_00874,4891.07,2026-01-16T03:56:00
TXN_005464,ACC_00297,ACC_00298,4577.61,2026-01-30T15:45:00
TXN_005465,ACC_00401,ACC_00440,3979.06,2026-01-12T06:46:00
TXN_005466,ACC_00463,ACC_00433,3557.0,2026-01-06T11:38:00
TXN_005467,ACC_00529,ACC_00510,978.91,2026-01-30T21:14:00
TXN_005468,ACC_00941,ACC_00952,73.54,2026-01-05T09:52:00
TXN_005469,ACC_00763,ACC_00764,3215.39,2026-01-09T22:34:00
TXN_005470,ACC_00164,ACC_00145,1136.52,2026-01-03T19:50:00
TXN_005471,ACC_00197,ACC_00174,4830.33,2026-01-09T03:53:00
TXN_005472,ACC_00289,ACC_00243,3723.61,2026-01-29T07:24:00
TXN_005473,ACC_00977,ACC_00993,2958.02,2026-01-04T05:31:00
TXN_005474,ACC_00862,ACC_00825,2303.51,2026-01-10T13:20:00
TXN_005475,ACC_00339,ACC_00394,4053.72,2026-01-09T08:48:00
TXN_005476,ACC_00436,ACC_00458,2754.25,2026-01-14T01:03:00
TXN_005477,ACC_00100,ACC_00035,2161.95,2026-01-23T10:54:00
TXN_005478,ACC_00796,ACC_00769,4331.35,2026-01-19T22:21:00
TXN_005479,ACC_00341,ACC_00309,3462.22,2026-01-01T05:36:00
TXN_005480,ACC_00753,ACC_00742,3889.19,2026-01-04T11:14:00
TXN_005481,ACC_00910,ACC_00961,180.24,2026-01-29T15:59:00
TXN_005482,ACC_00900,ACC_00846,2421.77,2026-01-05T02:06:00
TXN_005483,ACC_00385,ACC_00322,2969.52,2026-01-25T11:52:00
TXN_005484,ACC_00135,ACC_00146,971.0,2026-01-18T10:54:00
TXN_005485,ACC_00405,ACC_00478,2796.14,2026-01-04T08:08:00
TXN_005486,ACC_00566,ACC_00501,1738.12,2026-01-16T16:04:00
TXN_005487,ACC_00194,ACC_00195,1611.6,2026-01-05T08:14:00
TXN_005488,ACC_00734,ACC_00735,1968.08,2026-01-29T04:16:00
TXN_005489,ACC_00532,ACC_00578,4609.91,2026-01-06T07:45:00
TXN_005490,ACC_00083,ACC_00063,23.44,2026-01-22T12:25:00
TXN_005491,ACC_00402,ACC_00476,4462.38,2026-01-12T04:30:00
TXN_005492,ACC_00092,ACC_00040,4465.01,2026-01-15T12:21:00
TXN_005493,ACC_00170,ACC_00136,4972.36,2026-01-01T20:04:00
TXN_005494,ACC_00378,ACC_00392,756.56,2026-01-25T20:18:00
TXN_005495,ACC_00170,ACC_00104,2946.95,2026-01-10T12:17:00
TXN_005496,ACC_00699,ACC_00621,1200.35,2026-01-02T19:35:00
TXN_005497,ACC_00570,ACC_00571,3425.62,2026-01-19T04:11:00
TXN_005498,ACC_00481,ACC_00489,3303.76,2026-01-01T22:58:00
TXN_005499,ACC_00870,ACC_00802,1964.79,2026-01-07T21:32:00
TXN_005500,ACC_00278,ACC_00290,461.81,2026-01-16T09:07:00
TXN_005501,ACC_00637,ACC_00689,3549.38,2026-01-20T21:40:00
TXN_005502,ACC_00327,ACC_00393,1719.3,2026-01-11T18:34:00
TXN_005503,ACC_00617,ACC_00626,4663.38,2026-01-03T12:36:00
TXN_005504,ACC_00960,ACC_00939,4251.52,2026-01-12T23:58:00
TXN_005505,ACC_00865,ACC_00807,2442.04,2026-01-20T15:51:00
TXN_005506,ACC_00893,ACC_00878,2420.01,2026-01-26T09:54:00
TXN_005507,ACC_00077,ACC_00022,4895.45,2026-01-02T20:48:00
TXN_005508,ACC_00177,ACC_00190,472.36,2026-01-28T23:53:00
TXN_005509,ACC_00429,ACC_00411,1006.46,2026-01-05T04:21:00
TXN_005510,ACC_00250,ACC_00249,490.28,2026-01-05T13:30:00
TXN_005511,ACC_00836,ACC_00871,2808.78,2026-01-16T09:44:00
TXN_005512,ACC_00521,ACC_00552,940.49,2026-01-11T23:12:00
TXN_005513,ACC_00115,ACC_00177,2022.36,2026-01-30T20:44:00
TXN_005514,ACC_00459,ACC_00488,742.23,2026-01-08T05:35:00
TXN_005515,ACC_00529,ACC_00577,3393.82,2026-01-22T09:47:00
TXN_005516,ACC_00762,ACC_00735,3558.73,2026-01-17T12:53:00
TXN_005517,ACC_00462,ACC_00493,4319.08,2026-01-03T13:56:00
TXN_005518,ACC_00282,ACC_00226,2224.53,2026-01-04T15:18:00
TXN_005519,ACC_00138,ACC_00150,4116.14,2026-01-04T08:12:00
TXN_005520,ACC_00944,ACC_00994,2887.13,2026-01-12T02:22:00
TXN_005521,ACC_00663,ACC_00650,670.03,2026-01-19T13:50:00
TXN_005522,ACC_00624,ACC_00632,3518.58,2026-01-15T20:51:00
TXN_005523,ACC_00949,ACC_00901,1168.12,2026-01-17T12:49:00
TXN_005524,ACC_00018,ACC_00096,377.63,2026-01-18T11:49:00
TXN_005525,ACC_00839,ACC_00803,1876.11,2026-01-06T21:42:00
TXN_005526,ACC_00858,ACC_00801,4535.18,2026-01-10T20:01:00
TXN_005527,ACC_00852,ACC_00807,4641.35,2026-01-16T01:09:00
TXN_005528,ACC_00051,ACC_00031,1987.17,2026-01-02T21:21:00
TXN_005529,ACC_00356,ACC_00302,229.64,2026-01-17T21:11:00
TXN_005530,ACC_00883,ACC_00812,3170.1,2026-01-30T10:40:00
TXN_005531,ACC_00402,ACC_00480,2942.96,2026-01-25T19:18:00
TXN_005532,ACC_00028,ACC_00076,2965.9,2026-01-02T23:50:00
TXN_005533,ACC_00208,ACC_00295,3199.08,2026-01-11T19:08:00
TXN_005534,ACC_00247,ACC_00218,3045.47,2026-01-02T01:27:00
TXN_005535,ACC_00521,ACC_00589,3839.29,2026-01-10T02:29:00
TXN_005536,ACC_00797,ACC_00748,2342.78,2026-01-26T20:52:00
TXN_005537,ACC_00947,ACC_00930,2876.65,2026-01-06T02:27:00
TXN_005538,ACC_00251,ACC_00206,3120.17,2026-01-03T06:06:00
TXN_005539,ACC_00856,ACC_00806,4316.57,2026-01-07T01:19:00
TXN_005540,ACC_00745,ACC_00764,3311.32,2026-01-14T10:31:00
TXN_005541,ACC_00435,ACC_00481,4759.58,2026-01-27T21:01:00
TXN_005542,ACC_00041,ACC_00037,4813.6,2026-01-26T08:12:00
TXN_005543,ACC_00489,ACC_00437,1133.39,2026-01-15T23:46:00
TXN_005544,ACC_00116,ACC_00172,3156.8,2026-01-01T17:47:00
TXN_005545,ACC_00192,ACC_00171,1952.56,2026-01-28T02:09:00
TXN_005546,ACC_00568,ACC_00528,4432.71,2026-01-13T21:32:00
TXN_005547,ACC_00498,ACC_00443,4901.95,2026-01-19T02:52:00
TXN_005548,ACC_00222,ACC_00277,755.55,2026-01-17T21:13:00
TXN_005549,ACC_00779,ACC_00764,1581.34,2026-01-03T09:09:00
TXN_005550,ACC_00649,ACC_00602,4847.84,2026-01-11T16:23:00
TXN_005551,ACC_00614,ACC_00654,1554.89,2026-01-07T08:24:00
TXN_005552,ACC_00604,ACC_00658,1488.7,2026-01-01T11:27:00
TXN_005553,ACC_00297,ACC_00254,90.02,2026-01-19T11:34:00
TXN_005554,ACC_00346,ACC_00309,2524.8,2026-01-17T15:44:00
TXN_005555,ACC_00010,ACC_00048,3407.67,2026-01-10T01:24:00
TXN_005556,ACC_00157,ACC_00130,4756.13,2026-01-29T21:22:00
TXN_005557,ACC_00664,ACC_00613,2122.0,2026-01-15T09:11:00
TXN_005558,ACC_00568,ACC_00557,318.57,2026-01-27T00:51:00
TXN_005559,ACC_00223,ACC_00233,384.52,2026-01-14T18:06:00
TXN_005560,ACC_00376,ACC_00342,2217.26,2026-01-14T23:58:00
TXN_005561,ACC_00408,ACC_00491,4843.46,2026-01-18T02:00:00
TXN_005562,ACC_00528,ACC_00513,3475.04,2026-01-15T13:23:00
TXN_005563,ACC_00775,ACC_00707,3616.18,2026-01-15T12:46:00
TXN_005564,ACC_00174,ACC_00195,3794.77,2026-01-04T15:19:00
TXN_005565,ACC_00882,ACC_00874,1995.32,2026-01-25T04:33:00
TXN_005566,ACC_00492,ACC_00452,1081.89,2026-01-27T10:19:00
TXN_005567,ACC_00550,ACC_00516,1182.91,2026-01-26T04:49:00
TXN_005568,ACC_00592,ACC_00578,1326.58,2026-01-23T12:33:00
TXN_005569,ACC_00859,ACC_00851,4774.68,2026-01-25T21:24:00
TXN_005570,ACC_00588,ACC_00560,3862.26,2026-01-03T05:42:00
TXN_005571,ACC_00396,ACC_00389,4239.35,2026-01-22T18:23:00
TXN_005572,ACC_00170,ACC_00134,4279.14,2026-01-12T02:54:00
TXN_005573,ACC_00173,ACC_00124,137.41,2026-01-08T11:04:00
TXN_005574,ACC_00556,ACC_00563,1092.9,2026-01-12T00:12:00
TXN_005575,ACC_00289,ACC_00291,3496.03,2026-01-28T11:24:00
TXN_005576,ACC_00388,ACC_00318,2831.96,2026-01-10T13:44:00
TXN_005577,ACC_00638,ACC_00634,938.36,2026-01-02T19:36:00
TXN_005578,ACC_00818,ACC_00842,3817.8,2026-01-11T22:13:00
TXN_005579,ACC_00659,ACC_00649,4298.74,2026-01-29T02:16:00
TXN_005580,ACC_00234,ACC_00222,2372.25,2026-01-20T23:49:00
TXN_005581,ACC_00380,ACC_00391,1126.93,2026-01-08T06:09:00
TXN_005582,ACC_00844,ACC_00884,243.2,2026-01-07T09:40:00
TXN_005583,ACC_00388,ACC_00324,2880.41,2026-01-01T23:41:00
TXN_005584,ACC_00489,ACC_00401,2122.17,2026-01-03T23:16:00
TXN_005585,ACC_00330,ACC_00398,2586.17,2026-01-08T23:21:00
TXN_005586,ACC_00418,ACC_00428,2478.27,2026-01-14T12:19:00
TXN_005587,ACC_00178,ACC_00176,755.26,2026-01-24T21:44:00
TXN_005588,ACC_00902,ACC_00987,1663.68,2026-01-22T23:51:00
TXN_005589,ACC_00511,ACC_00543,3453.32,2026-01-13T05:31:00
TXN_005590,ACC_00250,ACC_00208,1624.8,2026-01-21T03:23:00
TXN_005591,ACC_00989,ACC_00978,356.51,2026-01-29T07:45:00
TXN_005592,ACC_00829,ACC_00816,28.86,2026-01-02T08:10:00
TXN_005593,ACC_00637,ACC_00632,3370.44,2026-01-10T17:08:00
TXN_005594,ACC_00300,ACC_00298,4964.55,2026-01-20T16:24:00
TXN_005595,ACC_00217,ACC_00264,2342.52,2026-01-21T10:51:00
TXN_005596,ACC_00327,ACC_00310,4434.65,2026-01-19T20:22:00
TXN_005597,ACC_00890,ACC_00805,2015.03,2026-01-19T03:11:00
TXN_005598,ACC_00494,ACC_00462,4628.31,2026-01-02T06:53:00
TXN_005599,ACC_00701,ACC_00727,1813.92,2026-01-26T10:02:00
TXN_005600,ACC_00349,ACC_00305,3075.67,2026-01-16T05:58:00
TXN_005601,ACC_00280,ACC_00265,685.01,2026-01-14T20:18:00
TXN_005602,ACC_00411,ACC_00494,3205.16,2026-01-02T17:03:00
TXN_005603,ACC_00494,ACC_00407,4490.06,2026-01-07T00:28:00
TXN_005604,ACC_00403,ACC_00487,4344.03,2026-01-30T11:47:00
TXN_005605,ACC_00798,ACC_00747,843.35,2026-01-24T01:03:00
TXN_005606,ACC_00754,ACC_00718,2850.18,2026-01-17T21:30:00
TXN_005607,ACC_00056,ACC_00021,4215.42,2026-01-01T15:03:00
TXN_005608,ACC_00391,ACC_00352,4026.2,2026-01-09T16:31:00
TXN_005609,ACC_00582,ACC_00552,4729.86,2026-01-12T22:34:00
TXN_005610,ACC_00137,ACC_00174,1343.66,2026-01-21T09:08:00
TXN_005611,ACC_00963,ACC_00983,1052.24,2026-01-27T16:17:00
TXN_005612,ACC_00828,ACC_00876,3400.16,2026-01-26T23:23:00
TXN_005613,ACC_00970,ACC_00991,4212.15,2026-01-13T15:25:00
TXN_005614,ACC_00910,ACC_00933,4570.34,2026-01-28T05:59:00
TXN_005615,ACC_00855,ACC_00805,3703.06,2026-01-27T19:38:00
TXN_005616,ACC_00541,ACC_00502,2990.1,2026-01-13T20:07:00
TXN_005617,ACC_00319,ACC_00354,1490.03,2026-01-20T20:47:00
TXN_005618,ACC_00217,ACC_00296,4877.04,2026-01-11T02:57:00
TXN_005619,ACC_00449,ACC_00413,513.21,2026-01-06T22:49:00
TXN_005620,ACC_00875,ACC_00891,4029.85,2026-01-25T06:54:00
TXN_005621,ACC_00185,ACC_00114,3083.43,2026-01-15T23:57:00
TXN_005622,ACC_00844,ACC_00830,91.26,2026-01-12T10:40:00
TXN_005623,ACC_00124,ACC_00188,2190.32,2026-01-21T11:59:00
TXN_005624,ACC_00218,ACC_00225,4861.12,2026-01-27T22:09:00
TXN_005625,ACC_00464,ACC_00439,4135.29,2026-01-08T20:33:00
TXN_005626,ACC_00244,ACC_00251,3735.15,2026-01-21T23:38:00
TXN_005627,ACC_00709,ACC_00766,2636.51,2026-01-23T19:25:00
TXN_005628,ACC_00227,ACC_00258,3218.37,2026-01-24T22:22:00
TXN_005629,ACC_00708,ACC_00743,2737.81,2026-01-30T21:54:00
TXN_005630,ACC_00409,ACC_00450,256.88,2026-01-24T18:20:00
TXN_005631,ACC_00194,ACC_00126,2881.92,2026-01-12T14:59:00
TXN_005632,ACC_00552,ACC_00540,3740.49,2026-01-22T06:40:00
TXN_005633,ACC_00977,ACC_00969,1963.16,2026-01-13T08:01:00
TXN_005634,ACC_00566,ACC_00555,3121.43,2026-01-21T04:46:00
TXN_005635,ACC_01000,ACC_00950,4419.13,2026-01-09T18:35:00
TXN_005636,ACC_00831,ACC_00801,4291.82,2026-01-29T06:11:00
TXN_005637,ACC_00720,ACC_00726,4021.88,2026-01-18T23:24:00
TXN_005638,ACC_00070,ACC_00008,4401.48,2026-01-27T02:53:00
TXN_005639,ACC_00611,ACC_00650,670.72,2026-01-19T05:45:00
TXN_005640,ACC_00154,ACC_00142,4505.33,2026-01-17T05:12:00
TXN_005641,ACC_00788,ACC_00765,4755.91,2026-01-19T11:50:00
TXN_005642,ACC_00564,ACC_00586,4735.64,2026-01-24T18:58:00
TXN_005643,ACC_00542,ACC_00597,4443.45,2026-01-17T07:32:00
TXN_005644,ACC_00513,ACC_00523,2356.6,2026-01-12T14:16:00
TXN_005645,ACC_00401,ACC_00407,2623.64,2026-01-18T14:04:00
TXN_005646,ACC_00567,ACC_00554,4280.62,2026-01-25T03:56:00
TXN_005647,ACC_00488,ACC_00408,365.74,2026-01-17T06:23:00
TXN_005648,ACC_00646,ACC_00633,541.49,2026-01-15T19:05:00
TXN_005649,ACC_00233,ACC_00239,352.87,2026-01-12T20:00:00
TXN_005650,ACC_00876,ACC_00879,4665.44,2026-01-22T11:53:00
TXN_005651,ACC_00019,ACC_00026,2651.13,2026-01-10T04:11:00
TXN_005652,ACC_00855,ACC_00803,3879.9,2026-01-24T07:51:00
TXN_005653,ACC_00561,ACC_00506,2268.65,2026-01-03T21:23:00
TXN_005654,ACC_00353,ACC_00325,4410.67,2026-01-03T01:47:00
TXN_005655,ACC_00435,ACC_00420,2568.35,2026-01-10T15:44:00
TXN_005656,ACC_00608,ACC_00623,3988.59,2026-01-03T01:23:00
TXN_005657,ACC_00594,ACC_00507,3061.2,2026-01-25T14:25:00
TXN_005658,ACC_00829,ACC_00804,3886.53,2026-01-28T16:52:00
TXN_005659,ACC_00496,ACC_00409,1352.88,2026-01-10T16:12:00
TXN_005660,ACC_00902,ACC_00975,3193.47,2026-01-20T17:14:00
TXN_005661,ACC_00961,ACC_00977,4341.35,2026-01-23T01:31:00
TXN_005662,ACC_00963,ACC_00918,1689.81,2026-01-13T09:54:00
TXN_005663,ACC_00272,ACC_00235,1056.63,2026-01-05T23:37:00
TXN_005664,ACC_00679,ACC_00635,75.78,2026-01-24T23:13:00
TXN_005665,ACC_00506,ACC_00560,1776.15,2026-01-10T07:31:00
TXN_005666,ACC_00697,ACC_00689,1502.78,2026-01-23T09:33:00
TXN_005667,ACC_00802,ACC_00874,2496.34,2026-01-15T15:33:00
TXN_005668,ACC_00374,ACC_00333,4442.47,2026-01-01T20:34:00
TXN_005669,ACC_00981,ACC_00998,235.34,2026-01-25T23:06:00
TXN_005670,ACC_00601,ACC_00622,1262.36,2026-01-29T01:55:00
TXN_005671,ACC_00284,ACC_00206,4847.54,2026-01-11T14:47:00
TXN_005672,ACC_00568,ACC_00577,1667.3,2026-01-07T08:49:00
TXN_005673,ACC_00479,ACC_00403,964.14,2026-01-22T07:53:00
TXN_005674,ACC_00420,ACC_00406,490.88,2026-01-11T08:20:00
TXN_005675,ACC_00786,ACC_00759,1435.66,2026-01-22T10:38:00
TXN_005676,ACC_00659,ACC_00647,1832.85,2026-01-28T17:54:00
TXN_005677,ACC_00185,ACC_00140,2572.29,2026-01-04T00:50:00
TXN_005678,ACC_00695,ACC_00635,3610.96,2026-01-24T18:54:00
TXN_005679,ACC_00301,ACC_00365,3775.53,2026-01-24T18:08:00
TXN_005680,ACC_00278,ACC_00241,2604.8,2026-01-30T04:33:00
TXN_005681,ACC_00690,ACC_00666,539.05,2026-01-13T13:57:00
TXN_005682,ACC_00621,ACC_00632,3834.6,2026-01-30T10:22:00
TXN_005683,ACC_00255,ACC_00204,1809.37,2026-01-30T06:08:00
TXN_005684,ACC_00849,ACC_00892,3786.15,2026-01-29T08:09:00
TXN_005685,ACC_00259,ACC_00254,1469.75,2026-01-22T20:54:00
TXN_005686,ACC_00827,ACC_00813,970.42,2026-01-21T04:22:00
TXN_005687,ACC_00050,ACC_00052,4218.69,2026-01-09T06:34:00
TXN_005688,ACC_00385,ACC_00383,1863.94,2026-01-04T22:25:00
TXN_005689,ACC_00898,ACC_00812,2709.0,2026-01-22T07:59:00
TXN_005690,ACC_00238,ACC_00300,4432.91,2026-01-07T16:12:00
TXN_005691,ACC_00544,ACC_00573,2077.45,2026-01-15T05:14:00
TXN_005692,ACC_00876,ACC_00803,4639.98,2026-01-20T03:11:00
TXN_005693,ACC_00318,ACC_00359,1108.12,2026-01-07T13:44:00
TXN_005694,ACC_00716,ACC_00758,2517.91,2026-01-29T10:18:00
TXN_005695,ACC_00904,ACC_00920,1147.71,2026-01-08T19:03:00
TXN_005696,ACC_00908,ACC_00905,1588.63,2026-01-20T11:56:00
TXN_005697,ACC_00492,ACC_00470,3192.43,2026-01-29T13:36:00
TXN_005698,ACC_00086,ACC_00071,4051.5,2026-01-13T18:27:00
TXN_005699,ACC_00775,ACC_00742,362.3,2026-01-12T19:25:00
TXN_005700,ACC_00754,ACC_00764,1576.23,2026-01-15T06:55:00
TXN_005701,ACC_00968,ACC_00910,2708.53,2026-01-25T18:53:00
TXN_005702,ACC_00058,ACC_00096,2319.22,2026-01-10T13:31:00
TXN_005703,ACC_00146,ACC_00175,1608.82,2026-01-03T22:46:00
TXN_005704,ACC_00908,ACC_00972,1519.47,2026-01-27T10:38:00
TXN_005705,ACC_00878,ACC_00898,1959.13,2026-01-29T13:03:00
TXN_005706,ACC_00671,ACC_00627,1325.24,2026-01-24T00:10:00
TXN_005707,ACC_00857,ACC_00853,2630.37,2026-01-10T08:18:00
TXN_005708,ACC_00203,ACC_00288,1998.98,2026-01-22T19:10:00
TXN_005709,ACC_00231,ACC_00276,3409.48,2026-01-19T03:58:00
TXN_005710,ACC_00215,ACC_00281,149.01,2026-01-28T10:13:00
TXN_005711,ACC_00595,ACC_00512,4393.68,2026-01-25T21:40:00
TXN_005712,ACC_00813,ACC_00820,3238.73,2026-01-26T19:23:00
TXN_005713,ACC_00867,ACC_00883,4238.2,2026-01-18T14:40:00
TXN_005714,ACC_00166,ACC_00199,4079.24,2026-01-07T02:09:00
TXN_005715,ACC_00084,ACC_00063,4577.89,2026-01-01T07:41:00
TXN_005716,ACC_00692,ACC_00698,192.87,2026-01-28T02:58:00
TXN_005717,ACC_00107,ACC_00159,668.46,2026-01-27T16:13:00
TXN_005718,ACC_00800,ACC_00719,2778.64,2026-01-27T19:52:00
TXN_005719,ACC_00671,ACC_00678,1127.28,2026-01-11T12:16:00
TXN_005720,ACC_00885,ACC_00856,3041.28,2026-01-14T19:49:00
TXN_005721,ACC_00706,ACC_00732,230.75,2026-01-15T09:21:00
TXN_005722,ACC_00742,ACC_00759,3074.78,2026-01-24T06:11:00
TXN_005723,ACC_00894,ACC_00829,1698.21,2026-01-09T16:37:00
TXN_005724,ACC_00702,ACC_00763,1188.27,2026-01-21T03:03:00
TXN_005725,ACC_00199,ACC_00122,4495.0,2026-01-30T22:55:00
TXN_005726,ACC_00313,ACC_00342,1707.92,2026-01-15T23:39:00
TXN_005727,ACC_00088,ACC_00099,2205.49,2026-01-15T11:39:00
TXN_005728,ACC_00046,ACC_00017,477.13,2026-01-30T07:06:00
TXN_005729,ACC_00780,ACC_00778,2587.73,2026-01-11T03:11:00
TXN_005730,ACC_00434,ACC_00406,1844.55,2026-01-15T03:53:00
TXN_005731,ACC_00869,ACC_00827,4859.57,2026-01-05T18:19:00
TXN_005732,ACC_00409,ACC_00440,4755.36,2026-01-22T23:59:00
TXN_005733,ACC_00197,ACC_00120,4889.11,2026-01-11T07:44:00
TXN_005734,ACC_00507,ACC_00526,2683.41,2026-01-19T05:33:00
TXN_005735,ACC_00715,ACC_00742,3752.76,2026-01-29T13:42:00
TXN_005736,ACC_00878,ACC_00810,2918.07,2026-01-02T16:55:00
TXN_005737,ACC_00758,ACC_00780,2693.26,2026-01-21T07:35:00
TXN_005738,ACC_00230,ACC_00282,4023.44,2026-01-14T18:28:00
TXN_005739,ACC_00446,ACC_00455,1466.69,2026-01-24T07:39:00
TXN_005740,ACC_00661,ACC_00674,133.45,2026-01-14T08:31:00
TXN_005741,ACC_00399,ACC_00355,4769.36,2026-01-20T10:41:00
TXN_005742,ACC_00009,ACC_00056,4688.78,2026-01-10T22:02:00
TXN_005743,ACC_00941,ACC_00962,3794.33,2026-01-10T22:48:00
TXN_005744,ACC_00885,ACC_00827,1781.79,2026-01-06T10:00:00
TXN_005745,ACC_00747,ACC_00758,3011.09,2026-01-08T06:56:00
TXN_005746,ACC_00285,ACC_00257,531.26,2026-01-11T15:04:00
TXN_005747,ACC_00672,ACC_00700,3556.25,2026-01-10T11:36:00
TXN_005748,ACC_00273,ACC_00212,2800.46,2026-01-16T02:00:00
TXN_005749,ACC_00483,ACC_00421,1140.93,2026-01-11T07:41:00
TXN_005750,ACC_00412,ACC_00449,354.17,2026-01-17T23:14:00
TXN_005751,ACC_00581,ACC_00595,2692.35,2026-01-12T13:45:00
TXN_005752,ACC_00956,ACC_00950,4734.2,2026-01-02T02:10:00
TXN_005753,ACC_00339,ACC_00338,4234.33,2026-01-18T11:45:00
TXN_005754,ACC_00450,ACC_00423,1733.43,2026-01-06T13:37:00
TXN_005755,ACC_00946,ACC_00970,3255.01,2026-01-13T21:35:00
TXN_005756,ACC_00735,ACC_00795,583.37,2026-01-28T18:01:00
TXN_005757,ACC_00157,ACC_00101,75.51,2026-01-16T07:44:00
TXN_005758,ACC_00222,ACC_00210,3325.38,2026-01-24T09:00:00
TXN_005759,ACC_00673,ACC_00671,3231.2,2026-01-04T06:25:00
TXN_005760,ACC_00413,ACC_00430,4190.51,2026-01-14T15:31:00
TXN_005761,ACC_00750,ACC_00790,3529.11,2026-01-03T15:58:00
TXN_005762,ACC_00472,ACC_00427,4056.2,2026-01-23T03:46:00
TXN_005763,ACC_00404,ACC_00495,2961.54,2026-01-06T20:18:00
TXN_005764,ACC_00269,ACC_00252,3325.55,2026-01-14T03:14:00
TXN_005765,ACC_00326,ACC_00399,4061.42,2026-01-02T07:19:00
TXN_005766,ACC_00682,ACC_00645,2879.94,2026-01-02T08:17:00
TXN_005767,ACC_00950,ACC_00991,591.71,2026-01-09T12:26:00
TXN_005768,ACC_00354,ACC_00349,2303.8,2026-01-21T14:09:00
TXN_005769,ACC_00996,ACC_00949,2075.18,2026-01-19T21:49:00
TXN_005770,ACC_00101,ACC_00118,3735.56,2026-01-15T06:22:00
TXN_005771,ACC_00336,ACC_00323,680.79,2026-01-02T11:01:00
TXN_005772,ACC_00218,ACC_00288,1350.64,2026-01-11T00:29:00
TXN_005773,ACC_00970,ACC_00906,4499.23,2026-01-04T07:02:00
TXN_005774,ACC_00393,ACC_00357,2773.1,2026-01-20T06:26:00
TXN_005775,ACC_00663,ACC_00646,3704.44,2026-01-29T02:08:00
TXN_005776,ACC_00161,ACC_00158,370.11,2026-01-28T22:56:00
TXN_005777,ACC_00282,ACC_00239,4073.12,2026-01-13T13:33:00
TXN_005778,ACC_00136,ACC_00138,3087.74,2026-01-02T05:23:00
TXN_005779,ACC_00332,ACC_00400,322.71,2026-01-16T22:47:00
TXN_005780,ACC_00451,ACC_00447,4409.59,2026-01-20T18:21:00
TXN_005781,ACC_00249,ACC_00207,2752.43,2026-01-06T00:11:00
TXN_005782,ACC_00363,ACC_00397,1904.25,2026-01-06T20:04:00
TXN_005783,ACC_00173,ACC_00175,3677.97,2026-01-17T05:36:00
TXN_005784,ACC_00679,ACC_00682,1786.51,2026-01-16T05:45:00
TXN_005785,ACC_00282,ACC_00224,3429.69,2026-01-23T02:48:00
TXN_005786,ACC_00634,ACC_00612,3043.2,2026-01-14T14:11:00
TXN_005787,ACC_00028,ACC_00071,22.38,2026-01-15T17:12:00
TXN_005788,ACC_00296,ACC_00243,327.09,2026-01-16T14:56:00
TXN_005789,ACC_00335,ACC_00400,4627.54,2026-01-14T03:10:00
TXN_005790,ACC_00471,ACC_00452,712.0,2026-01-22T21:30:00
TXN_005791,ACC_00869,ACC_00830,13.96,2026-01-27T01:30:00
TXN_005792,ACC_00797,ACC_00731,339.86,2026-01-11T14:57:00
TXN_005793,ACC_00536,ACC_00549,1875.22,2026-01-04T19:24:00
TXN_005794,ACC_00738,ACC_00775,752.6,2026-01-10T00:14:00
TXN_005795,ACC_00115,ACC_00134,2295.36,2026-01-27T18:38:00
TXN_005796,ACC_00860,ACC_00876,1076.14,2026-01-15T10:02:00
TXN_005797,ACC_00289,ACC_00202,79.68,2026-01-14T04:13:00
TXN_005798,ACC_00537,ACC_00532,2482.78,2026-01-21T01:29:00
TXN_005799,ACC_00655,ACC_00613,979.65,2026-01-24T09:14:00
TXN_005800,ACC_00848,ACC_00865,308.27,2026-01-03T08:21:00
TXN_005801,ACC_00862,ACC_00832,1566.98,2026-01-04T21:41:00
TXN_005802,ACC_00911,ACC_00942,4692.21,2026-01-05T04:35:00
TXN_005803,ACC_00430,ACC_00456,2678.95,2026-01-22T21:47:00
TXN_005804,ACC_00281,ACC_00214,2434.57,2026-01-01T16:08:00
TXN_005805,ACC_00810,ACC_00871,495.62,2026-01-21T18:11:00
TXN_005806,ACC_00986,ACC_00952,2627.28,2026-01-29T17:04:00
TXN_005807,ACC_00639,ACC_00617,3807.32,2026-01-16T01:10:00
TXN_005808,ACC_00053,ACC_00083,3261.97,2026-01-25T22:28:00
TXN_005809,ACC_00019,ACC_00055,3286.16,2026-01-27T07:32:00
TXN_005810,ACC_00393,ACC_00310,4710.91,2026-01-17T22:38:00
TXN_005811,ACC_00291,ACC_00296,71.06,2026-01-09T22:16:00
TXN_005812,ACC_00007,ACC_00024,280.61,2026-01-09T21:15:00
TXN_005813,ACC_00856,ACC_00843,3460.0,2026-01-30T10:43:00
TXN_005814,ACC_00590,ACC_00503,4578.41,2026-01-15T20:33:00
TXN_005815,ACC_00222,ACC_00237,488.23,2026-01-05T08:23:00
TXN_005816,ACC_00204,ACC_00252,2407.19,2026-01-19T14:34:00
TXN_005817,ACC_00141,ACC_00110,1605.59,2026-01-12T15:43:00
TXN_005818,ACC_00973,ACC_00919,486.29,2026-01-01T20:51:00
TXN_005819,ACC_00655,ACC_00632,4245.53,2026-01-10T08:47:00
TXN_005820,ACC_00819,ACC_00817,4265.87,2026-01-07T04:12:00
TXN_005821,ACC_00405,ACC_00441,4346.61,2026-01-11T13:31:00
TXN_005822,ACC_00917,ACC_00924,245.49,2026-01-09T00:20:00
TXN_005823,ACC_00618,ACC_00684,487.07,2026-01-02T06:04:00
TXN_005824,ACC_00997,ACC_00906,578.22,2026-01-04T10:29:00
TXN_005825,ACC_00333,ACC_00369,1053.29,2026-01-14T23:02:00
TXN_005826,ACC_00913,ACC_00925,3212.29,2026-01-11T08:50:00
TXN_005827,ACC_00524,ACC_00567,4777.23,2026-01-18T05:47:00
TXN_005828,ACC_00128,ACC_00121,3667.36,2026-01-12T01:42:00
TXN_005829,ACC_00443,ACC_00453,1672.95,2026-01-13T21:26:00
TXN_005830,ACC_00339,ACC_00324,2004.64,2026-01-23T18:47:00
TXN_005831,ACC_00479,ACC_00457,3967.33,2026-01-20T11:42:00
TXN_005832,ACC_00234,ACC_00275,2155.94,2026-01-24T07:14:00
TXN_005833,ACC_00335,ACC_00323,3651.12,2026-01-03T11:32:00
TXN_005834,ACC_00946,ACC_00932,3754.27,2026-01-20T21:36:00
TXN_005835,ACC_00781,ACC_00732,3312.74,2026-01-13T14:15:00
TXN_005836,ACC_00882,ACC_00881,894.96,2026-01-17T09:47:00
TXN_005837,ACC_00730,ACC_00746,4175.85,2026-01-19T10:06:00
TXN_005838,ACC_00143,ACC_00189,4986.42,2026-01-09T01:56:00
TXN_005839,ACC_00648,ACC_00643,4236.84,2026-01-26T14:38:00
TXN_005840,ACC_00463,ACC_00498,4802.6,2026-01-18T18:04:00
TXN_005841,ACC_00532,ACC_00582,312.29,2026-01-24T06:02:00
TXN_005842,ACC_00654,ACC_00639,1340.34,2026-01-05T18:56:00
TXN_005843,ACC_00529,ACC_00532,4246.49,2026-01-19T09:37:00
TXN_005844,ACC_00521,ACC_00537,3889.5,2026-01-21T02:16:00
TXN_005845,ACC_00498,ACC_00451,3601.2,2026-01-20T18:22:00
TXN_005846,ACC_00344,ACC_00327,2907.0,2026-01-26T12:58:00
TXN_005847,ACC_00617,ACC_00698,4404.67,2026-01-29T20:16:00
TXN_005848,ACC_00971,ACC_00944,778.94,2026-01-12T08:53:00
TXN_005849,ACC_00391,ACC_00397,2474.33,2026-01-18T16:04:00
TXN_005850,ACC_00920,ACC_00939,1700.39,2026-01-05T16:47:00
TXN_005851,ACC_00121,ACC_00183,4318.42,2026-01-21T19:53:00
TXN_005852,ACC_00626,ACC_00696,2739.79,2026-01-29T10:59:00
TXN_005853,ACC_00342,ACC_00335,4701.53,2026-01-10T16:06:00
TXN_005854,ACC_00453,ACC_00471,2506.05,2026-01-15T22:50:00
TXN_005855,ACC_00632,ACC_00686,140.41,2026-01-27T07:03:00
TXN_005856,ACC_00151,ACC_00194,744.1,2026-01-25T12:04:00
TXN_005857,ACC_00961,ACC_00976,1189.46,2026-01-30T01:51:00
TXN_005858,ACC_00997,ACC_00998,3938.77,2026-01-25T20:47:00
TXN_005859,ACC_00154,ACC_00113,4303.62,2026-01-17T03:11:00
TXN_005860,ACC_00811,ACC_00813,4485.72,2026-01-18T21:58:00
TXN_005861,ACC_00884,ACC_00826,451.04,2026-01-22T00:31:00
TXN_005862,ACC_00303,ACC_00364,2375.18,2026-01-10T11:25:00
TXN_005863,ACC_00608,ACC_00661,3877.33,2026-01-08T13:22:00
TXN_005864,ACC_00013,ACC_00036,3071.59,2026-01-25T09:47:00
TXN_005865,ACC_00771,ACC_00792,2784.1,2026-01-01T20:51:00
TXN_005866,ACC_00250,ACC_00294,2873.47,2026-01-13T12:28:00
TXN_005867,ACC_00117,ACC_00116,1997.18,2026-01-13T23:48:00
TXN_005868,ACC_00376,ACC_00399,3917.16,2026-01-14T13:19:00
TXN_005869,ACC_00751,ACC_00724,3215.8,2026-01-15T17:08:00
TXN_005870,ACC_00296,ACC_00275,830.59,2026-01-29T19:13:00
TXN_005871,ACC_00445,ACC_00497,1033.52,2026-01-19T10:52:00
TXN_005872,ACC_00377,ACC_00314,702.09,2026-01-21T22:27:00
TXN_005873,ACC_00976,ACC_00981,66.63,2026-01-14T16:18:00
TXN_005874,ACC_00674,ACC_00634,4233.94,2026-01-24T00:16:00
TXN_005875,ACC_00186,ACC_00115,3213.74,2026-01-09T06:16:00
TXN_005876,ACC_00692,ACC_00638,2306.22,2026-01-26T19:29:00
TXN_005877,ACC_00953,ACC_00958,2064.35,2026-01-02T03:56:00
TXN_005878,ACC_00829,ACC_00828,1111.16,2026-01-15T22:57:00
TXN_005879,ACC_00105,ACC_00114,546.11,2026-01-18T17:34:00
TXN_005880,ACC_00599,ACC_00574,576.81,2026-01-02T06:04:00
TXN_005881,ACC_00373,ACC_00378,3659.59,2026-01-13T09:12:00
TXN_005882,ACC_00098,ACC_00097,981.49,2026-01-04T16:48:00
TXN_005883,ACC_00335,ACC_00328,4589.03,2026-01-22T16:10:00
TXN_005884,ACC_00662,ACC_00685,4785.42,2026-01-10T08:02:00
TXN_005885,ACC_00469,ACC_00413,237.5,2026-01-13T19:24:00
TXN_005886,ACC_00970,ACC_00989,452.17,2026-01-13T01:46:00
TXN_005887,ACC_00010,ACC_00056,3006.47,2026-01-23T11:10:00
TXN_005888,ACC_00010,ACC_00033,464.79,2026-01-25T18:38:00
TXN_005889,ACC_00602,ACC_00637,3275.72,2026-01-27T07:42:00
TXN_005890,ACC_00985,ACC_00911,247.33,2026-01-02T03:12:00
TXN_005891,ACC_00484,ACC_00421,761.11,2026-01-02T18:13:00
TXN_005892,ACC_00854,ACC_00816,4580.73,2026-01-19T09:29:00
TXN_005893,ACC_00096,ACC_00010,3015.09,2026-01-29T06:07:00
TXN_005894,ACC_00338,ACC_00319,4774.32,2026-01-06T13:14:00
TXN_005895,ACC_00334,ACC_00365,1518.79,2026-01-15T23:29:00
TXN_005896,ACC_00420,ACC_00408,1603.06,2026-01-10T12:51:00
TXN_005897,ACC_00155,ACC_00108,2831.72,2026-01-22T18:09:00
TXN_005898,ACC_00163,ACC_00176,1034.99,2026-01-05T12:53:00
TXN_005899,ACC_00849,ACC_00808,1626.39,2026-01-04T15:12:00
TXN_005900,ACC_00713,ACC_00790,3955.67,2026-01-04T22:22:00
TXN_005901,ACC_00127,ACC_00118,2919.0,2026-01-05T10:46:00
TXN_005902,ACC_00403,ACC_00418,4532.0,2026-01-14T19:27:00
TXN_005903,ACC_00021,ACC_00067,4016.99,2026-01-26T06:54:00
TXN_005904,ACC_00138,ACC_00112,671.27,2026-01-06T10:13:00
TXN_005905,ACC_00859,ACC_00881,1592.4,2026-01-14T14:40:00
TXN_005906,ACC_00790,ACC_00710,1073.5,2026-01-28T15:37:00
TXN_005907,ACC_00661,ACC_00666,2459.39,2026-01-17T18:30:00
TXN_005908,ACC_00455,ACC_00425,368.02,2026-01-28T13:02:00
TXN_005909,ACC_00811,ACC_00805,2501.59,2026-01-29T23:56:00
TXN_005910,ACC_00915,ACC_00985,619.35,2026-01-18T05:54:00
TXN_005911,ACC_00937,ACC_00922,3210.66,2026-01-12T08:31:00
TXN_005912,ACC_00145,ACC_00137,389.91,2026-01-03T04:18:00
TXN_005913,ACC_00311,ACC_00343,1664.17,2026-01-10T21:53:00
TXN_005914,ACC_00677,ACC_00685,4829.4,2026-01-20T17:19:00
TXN_005915,ACC_00250,ACC_00209,2743.86,2026-01-19T12:01:00
TXN_005916,ACC_00544,ACC_00522,885.75,2026-01-15T16:59:00
TXN_005917,ACC_00795,ACC_00740,20.06,2026-01-04T09:58:00
TXN_005918,ACC_00537,ACC_00563,4671.84,2026-01-03T23:00:00
TXN_005919,ACC_00775,ACC_00770,3526.89,2026-01-28T04:18:00
TXN_005920,ACC_00467,ACC_00468,2135.33,2026-01-17T08:00:00
TXN_005921,ACC_00937,ACC_00965,4910.05,2026-01-26T22:49:00
TXN_005922,ACC_00929,ACC_00908,1852.53,2026-01-02T09:27:00
TXN_005923,ACC_00981,ACC_00990,2169.1,2026-01-16T12:10:00
TXN_005924,ACC_00585,ACC_00552,1834.45,2026-01-10T11:25:00
TXN_005925,ACC_00838,ACC_00819,2246.79,2026-01-09T09:13:00
TXN_005926,ACC_00159,ACC_00120,2026.99,2026-01-18T17:40:00
TXN_005927,ACC_00552,ACC_00547,1302.36,2026-01-02T04:16:00
TXN_005928,ACC_00061,ACC_00003,424.19,2026-01-02T22:47:00
TXN_005929,ACC_00415,ACC_00429,4934.27,2026-01-01T05:33:00
TXN_005930,ACC_00666,ACC_00683,4307.12,2026-01-20T03:49:00
TXN_005931,ACC_00406,ACC_00490,2230.95,2026-01-24T07:11:00
TXN_005932,ACC_00101,ACC_00182,2051.8,2026-01-19T17:51:00
TXN_005933,ACC_00908,ACC_00987,4941.49,2026-01-13T09:02:00
TXN_005934,ACC_00163,ACC_00118,712.19,2026-01-25T09:46:00
TXN_005935,ACC_00753,ACC_00722,2512.5,2026-01-09T17:54:00
TXN_005936,ACC_00116,ACC_00145,708.63,2026-01-08T08:13:00
TXN_005937,ACC_00271,ACC_00219,883.2,2026-01-09T05:40:00
TXN_005938,ACC_00237,ACC_00202,1395.81,2026-01-25T09:30:00
TXN_005939,ACC_00520,ACC_00568,1796.0,2026-01-09T18:22:00
TXN_005940,ACC_00976,ACC_00977,169.43,2026-01-14T12:34:00
TXN_005941,ACC_00412,ACC_00405,1347.2,2026-01-26T05:22:00
TXN_005942,ACC_00915,ACC_00930,4450.64,2026-01-17T23:26:00
TXN_005943,ACC_00191,ACC_00115,1741.68,2026-01-12T04:59:00
TXN_005944,ACC_00100,ACC_00041,1600.24,2026-01-09T20:09:00
TXN_005945,ACC_00719,ACC_00722,2657.76,2026-01-30T06:28:00
TXN_005946,ACC_00201,ACC_00256,597.12,2026-01-14T03:57:00
TXN_005947,ACC_00563,ACC_00572,2997.99,2026-01-02T20:42:00
TXN_005948,ACC_00768,ACC_00731,646.85,2026-01-02T07:54:00
TXN_005949,ACC_00803,ACC_00810,4475.83,2026-01-02T01:55:00
TXN_005950,ACC_00180,ACC_00137,1220.5,2026-01-15T23:49:00
TXN_005951,ACC_00179,ACC_00143,3935.35,2026-01-06T17:53:00
TXN_005952,ACC_00898,ACC_00813,1320.56,2026-01-30T20:17:00
TXN_005953,ACC_00772,ACC_00753,1446.31,2026-01-21T16:02:00
TXN_005954,ACC_00271,ACC_00205,434.16,2026-01-08T23:27:00
TXN_005955,ACC_00887,ACC_00872,1124.13,2026-01-28T18:32:00
TXN_005956,ACC_00629,ACC_00697,2493.63,2026-01-16T16:07:00
TXN_005957,ACC_00883,ACC_00891,3371.71,2026-01-02T03:14:00
TXN_005958,ACC_00360,ACC_00372,3867.81,2026-01-27T15:10:00
TXN_005959,ACC_00213,ACC_00229,3629.67,2026-01-29T05:49:00
TXN_005960,ACC_00733,ACC_00731,2985.34,2026-01-19T07:38:00
TXN_005961,ACC_00041,ACC_00043,1622.58,2026-01-26T03:31:00
TXN_005962,ACC_00564,ACC_00548,2865.1,2026-01-27T23:00:00
TXN_005963,ACC_00070,ACC_00098,941.0,2026-01-13T15:55:00
TXN_005964,ACC_00054,ACC_00078,2836.53,2026-01-20T13:35:00
TXN_005965,ACC_00089,ACC_00039,4470.38,2026-01-17T08:26:00
TXN_005966,ACC_00878,ACC_00870,83.72,2026-01-20T12:44:00
TXN_005967,ACC_00194,ACC_00107,1664.48,2026-01-18T16:21:00
TXN_005968,ACC_00731,ACC_00730,3783.17,2026-01-21T14:05:00
TXN_005969,ACC_00557,ACC_00506,2001.38,2026-01-04T18:39:00
TXN_005970,ACC_00257,ACC_00254,4632.95,2026-01-05T05:50:00
TXN_005971,ACC_00685,ACC_00672,1501.22,2026-01-04T03:29:00
TXN_005972,ACC_00808,ACC_00818,1107.56,2026-01-17T06:43:00
TXN_005973,ACC_00066,ACC_00036,2399.76,2026-01-09T20:23:00
TXN_005974,ACC_00679,ACC_00621,3068.22,2026-01-30T03:12:00
TXN_005975,ACC_00638,ACC_00635,2304.56,2026-01-14T17:05:00
TXN_005976,ACC_00724,ACC_00742,2662.2,2026-01-01T09:59:00
TXN_005977,ACC_00231,ACC_00296,4505.76,2026-01-07T09:49:00
TXN_005978,ACC_00228,ACC_00239,33.79,2026-01-24T07:33:00
TXN_005979,ACC_00036,ACC_00011,3550.1,2026-01-21T16:17:00
TXN_005980,ACC_00415,ACC_00493,1716.62,2026-01-16T01:32:00
TXN_005981,ACC_00677,ACC_00614,2677.54,2026-01-15T21:51:00
TXN_005982,ACC_00559,ACC_00537,4641.55,2026-01-27T14:55:00
TXN_005983,ACC_00623,ACC_00664,4046.87,2026-01-26T15:03:00
TXN_005984,ACC_00021,ACC_00036,1850.92,2026-01-08T11:43:00
TXN_005985,ACC_00031,ACC_00098,1115.9,2026-01-10T16:32:00
TXN_005986,ACC_00280,ACC_00244,1462.67,2026-01-28T07:07:00
TXN_005987,ACC_00229,ACC_00211,3203.78,2026-01-15T15:52:00
TXN_005988,ACC_00268,ACC_00250,239.99,2026-01-11T07:14:00
TXN_005989,ACC_00018,ACC_00078,1967.63,2026-01-20T19:13:00
TXN_005990,ACC_00977,ACC_00912,798.08,2026-01-21T03:27:00
TXN_005991,ACC_00738,ACC_00721,702.78,2026-01-28T07:37:00
TXN_005992,ACC_00204,ACC_00239,2042.28,2026-01-04T23:02:00
TXN_005993,ACC_00899,ACC_00823,1802.32,2026-01-06T10:13:00
TXN_005994,ACC_00376,ACC_00323,1918.42,2026-01-19T11:35:00
TXN_005995,ACC_00361,ACC_00301,1114.24,2026-01-19T00:46:00
TXN_005996,ACC_00246,ACC_00297,4856.17,2026-01-02T12:03:00
TXN_005997,ACC_00130,ACC_00176,2505.56,2026-01-08T03:22:00
TXN_005998,ACC_00469,ACC_00500,47.87,2026-01-17T07:21:00
TXN_005999,ACC_00206,ACC_00254,3360.41,2026-01-05T08:00:00
TXN_006000,ACC_00014,ACC_00074,3218.5,2026-01-11T21:26:00
TXN_006001,ACC_00348,ACC_00380,2452.15,2026-01-11T06:31:00
TXN_006002,ACC_00711,ACC_00778,20.29,2026-01-03T19:29:00
TXN_006003,ACC_00024,ACC_00091,3243.68,2026-01-27T11:26:00
TXN_006004,ACC_00613,ACC_00649,929.19,2026-01-07T15:42:00
TXN_006005,ACC_00549,ACC_00592,3503.07,2026-01-13T18:40:00
TXN_006006,ACC_00166,ACC_00195,1775.95,2026-01-17T18:27:00
TXN_006007,ACC_00940,ACC_00901,2901.04,2026-01-21T10:58:00
TXN_006008,ACC_00919,ACC_00930,1435.42,2026-01-01T00:30:00
TXN_006009,ACC_00594,ACC_00528,3717.07,2026-01-07T05:19:00
TXN_006010,ACC_00150,ACC_00184,2348.93,2026-01-29T13:25:00
TXN_006011,ACC_00899,ACC_00810,1664.17,2026-01-13T23:08:00
TXN_006012,ACC_00457,ACC_00494,4190.96,2026-01-14T02:30:00
TXN_006013,ACC_00702,ACC_00795,3078.54,2026-01-06T09:10:00
TXN_006014,ACC_00526,ACC_00587,3499.51,2026-01-28T22:57:00
TXN_006015,ACC_00111,ACC_00186,4870.43,2026-01-21T13:00:00
TXN_006016,ACC_00654,ACC_00692,1706.51,2026-01-20T11:30:00
TXN_006017,ACC_00523,ACC_00585,3244.03,2026-01-22T10:22:00
TXN_006018,ACC_00609,ACC_00617,3920.93,2026-01-02T04:56:00
TXN_006019,ACC_00271,ACC_00212,1612.55,2026-01-30T11:47:00
TXN_006020,ACC_00808,ACC_00853,3987.8,2026-01-04T09:01:00
TXN_006021,ACC_00908,ACC_00920,1237.07,2026-01-07T00:13:00
TXN_006022,ACC_00151,ACC_00162,2740.0,2026-01-29T11:49:00
TXN_006023,ACC_00704,ACC_00750,4131.27,2026-01-29T15:15:00
TXN_006024,ACC_00627,ACC_00643,686.06,2026-01-12T04:46:00
TXN_006025,ACC_00388,ACC_00363,2700.36,2026-01-06T14:27:00
TXN_006026,ACC_00920,ACC_00910,1898.97,2026-01-07T06:47:00
TXN_006027,ACC_00893,ACC_00837,2568.02,2026-01-30T10:49:00
TXN_006028,ACC_00629,ACC_00664,424.8,2026-01-04T19:31:00
TXN_006029,ACC_00278,ACC_00240,117.65,2026-01-09T18:19:00
TXN_006030,ACC_00096,ACC_00032,4152.59,2026-01-21T15:24:00
TXN_006031,ACC_00373,ACC_00397,2827.35,2026-01-25T11:30:00
TXN_006032,ACC_00232,ACC_00290,1043.82,2026-01-04T07:53:00
TXN_006033,ACC_00456,ACC_00445,3296.94,2026-01-28T06:44:00
TXN_006034,ACC_00849,ACC_00879,642.78,2026-01-10T11:56:00
TXN_006035,ACC_00797,ACC_00769,525.37,2026-01-12T17:38:00
TXN_006036,ACC_00826,ACC_00888,2069.55,2026-01-23T14:46:00
TXN_006037,ACC_00910,ACC_00944,4597.56,2026-01-10T13:42:00
TXN_006038,ACC_00206,ACC_00213,3896.93,2026-01-05T11:26:00
TXN_006039,ACC_00050,ACC_00046,3504.64,2026-01-08T10:46:00
TXN_006040,ACC_00638,ACC_00624,2231.13,2026-01-20T14:51:00
TXN_006041,ACC_00348,ACC_00309,2444.38,2026-01-07T13:49:00
TXN_006042,ACC_00441,ACC_00445,4811.56,2026-01-11T00:57:00
TXN_006043,ACC_00363,ACC_00347,1576.94,2026-01-18T20:26:00
TXN_006044,ACC_00679,ACC_00661,1308.29,2026-01-19T16:37:00
TXN_006045,ACC_00766,ACC_00738,2135.04,2026-01-27T18:59:00
TXN_006046,ACC_00236,ACC_00274,3543.71,2026-01-14T02:32:00
TXN_006047,ACC_00103,ACC_00140,3131.12,2026-01-19T12:19:00
TXN_006048,ACC_00501,ACC_00553,656.77,2026-01-27T07:58:00
TXN_006049,ACC_00954,ACC_00942,2673.82,2026-01-18T10:25:00
TXN_006050,ACC_00515,ACC_00519,4333.18,2026-01-03T11:14:00
TXN_006051,ACC_00297,ACC_00258,3557.7,2026-01-20T00:26:00
TXN_006052,ACC_00277,ACC_00230,3513.75,2026-01-15T13:03:00
TXN_006053,ACC_00957,ACC_00975,1294.43,2026-01-10T19:23:00
TXN_006054,ACC_00418,ACC_00410,2881.88,2026-01-06T23:04:00
TXN_006055,ACC_00456,ACC_00485,4506.16,2026-01-17T21:30:00
TXN_006056,ACC_00219,ACC_00226,4465.97,2026-01-14T07:42:00
TXN_006057,ACC_00771,ACC_00789,1441.5,2026-01-01T06:49:00
TXN_006058,ACC_00564,ACC_00593,2323.57,2026-01-26T19:34:00
TXN_006059,ACC_00248,ACC_00215,1463.62,2026-01-24T15:42:00
TXN_006060,ACC_00059,ACC_00004,1158.59,2026-01-10T06:23:00
TXN_006061,ACC_00968,ACC_00918,1470.1,2026-01-05T06:14:00
TXN_006062,ACC_00888,ACC_00819,973.41,2026-01-12T01:26:00
TXN_006063,ACC_00289,ACC_00208,3496.6,2026-01-26T19:44:00
TXN_006064,ACC_00441,ACC_00409,2446.31,2026-01-18T23:07:00
TXN_006065,ACC_00702,ACC_00751,2040.91,2026-01-09T23:19:00
TXN_006066,ACC_00386,ACC_00318,2137.43,2026-01-24T16:13:00
TXN_006067,ACC_00015,ACC_00009,4417.57,2026-01-07T07:04:00
TXN_006068,ACC_00204,ACC_00207,1467.97,2026-01-24T13:47:00
TXN_006069,ACC_00417,ACC_00450,3868.44,2026-01-12T12:28:00
TXN_006070,ACC_00827,ACC_00897,2120.07,2026-01-10T16:07:00
TXN_006071,ACC_00787,ACC_00774,124.48,2026-01-18T08:10:00
TXN_006072,ACC_00822,ACC_00889,3030.21,2026-01-25T14:06:00
TXN_006073,ACC_00793,ACC_00795,438.11,2026-01-30T01:00:00
TXN_006074,ACC_00349,ACC_00302,3204.17,2026-01-16T06:31:00
TXN_006075,ACC_00478,ACC_00437,4384.77,2026-01-20T18:59:00
TXN_006076,ACC_00918,ACC_00904,4927.0,2026-01-26T14:10:00
TXN_006077,ACC_00636,ACC_00673,577.49,2026-01-03T08:47:00
TXN_006078,ACC_00319,ACC_00334,1854.26,2026-01-29T06:59:00
TXN_006079,ACC_00173,ACC_00128,259.09,2026-01-18T00:43:00
TXN_006080,ACC_00010,ACC_00014,1465.95,2026-01-16T02:24:00
TXN_006081,ACC_00161,ACC_00145,3579.82,2026-01-25T03:33:00
TXN_006082,ACC_00070,ACC_00007,4758.78,2026-01-10T20:44:00
TXN_006083,ACC_00874,ACC_00882,1436.35,2026-01-02T15:01:00
TXN_006084,ACC_00108,ACC_00137,1366.98,2026-01-03T19:06:00
TXN_006085,ACC_00145,ACC_00152,4469.19,2026-01-18T12:28:00
TXN_006086,ACC_00510,ACC_00588,4169.85,2026-01-10T17:16:00
TXN_006087,ACC_00367,ACC_00382,524.11,2026-01-30T18:55:00
TXN_006088,ACC_00883,ACC_00828,1558.37,2026-01-22T17:21:00
TXN_006089,ACC_00546,ACC_00565,993.45,2026-01-03T06:32:00
TXN_006090,ACC_00982,ACC_00902,4611.65,2026-01-05T16:37:00
TXN_006091,ACC_00841,ACC_00849,2242.42,2026-01-13T19:50:00
TXN_006092,ACC_00758,ACC_00771,190.1,2026-01-12T22:27:00
TXN_006093,ACC_00905,ACC_00920,3953.65,2026-01-22T01:16:00
TXN_006094,ACC_00152,ACC_00178,3472.64,2026-01-24T23:45:00
TXN_006095,ACC_00362,ACC_00390,2185.3,2026-01-05T16:19:00
TXN_006096,ACC_00147,ACC_00167,2127.22,2026-01-18T17:10:00
TXN_006097,ACC_00855,ACC_00815,2848.06,2026-01-04T21:02:00
TXN_006098,ACC_00750,ACC_00757,2899.92,2026-01-17T05:07:00
TXN_006099,ACC_00826,ACC_00885,807.56,2026-01-10T01:35:00
TXN_006100,ACC_00161,ACC_00106,4325.54,2026-01-15T14:27:00
TXN_006101,ACC_00569,ACC_00527,956.06,2026-01-18T01:31:00
TXN_006102,ACC_00583,ACC_00570,2944.43,2026-01-04T01:09:00
TXN_006103,ACC_00642,ACC_00657,2731.71,2026-01-07T19:47:00
TXN_006104,ACC_00347,ACC_00331,2896.73,2026-01-12T06:17:00
TXN_006105,ACC_00999,ACC_00998,823.84,2026-01-24T04:09:00
TXN_006106,ACC_00250,ACC_00252,480.38,2026-01-07T11:07:00
TXN_006107,ACC_00743,ACC_00772,342.01,2026-01-02T23:18:00
TXN_006108,ACC_00570,ACC_00535,2144.51,2026-01-20T08:33:00
TXN_006109,ACC_00778,ACC_00727,4075.79,2026-01-01T04:41:00
TXN_006110,ACC_00301,ACC_00320,1711.45,2026-01-24T10:59:00
TXN_006111,ACC_00260,ACC_00223,3772.21,2026-01-22T19:11:00
TXN_006112,ACC_00676,ACC_00672,1117.67,2026-01-30T11:04:00
TXN_006113,ACC_00509,ACC_00582,4056.92,2026-01-17T21:12:00
TXN_006114,ACC_00022,ACC_00041,4375.19,2026-01-06T17:23:00
TXN_006115,ACC_00539,ACC_00555,4841.72,2026-01-05T20:19:00
TXN_006116,ACC_00070,ACC_00060,4707.47,2026-01-09T16:00:00
TXN_006117,ACC_00069,ACC_00073,634.06,2026-01-22T11:26:00
TXN_006118,ACC_00082,ACC_00059,2782.29,2026-01-11T04:24:00
TXN_006119,ACC_00262,ACC_00261,2284.84,2026-01-22T08:25:00
TXN_006120,ACC_00116,ACC_00198,1469.52,2026-01-23T19:30:00
TXN_006121,ACC_00517,ACC_00589,3265.84,2026-01-22T21:05:00
TXN_006122,ACC_00626,ACC_00601,316.78,2026-01-28T10:08:00
TXN_006123,ACC_00711,ACC_00719,249.77,2026-01-04T07:56:00
TXN_006124,ACC_00292,ACC_00236,975.38,2026-01-07T09:48:00
TXN_006125,ACC_00463,ACC_00428,1750.51,2026-01-03T08:36:00
TXN_006126,ACC_00789,ACC_00785,4927.42,2026-01-21T08:16:00
TXN_006127,ACC_00197,ACC_00180,4674.03,2026-01-20T10:36:00
TXN_006128,ACC_00975,ACC_00981,550.6,2026-01-22T14:32:00
TXN_006129,ACC_00591,ACC_00579,1755.84,2026-01-20T18:35:00
TXN_006130,ACC_00652,ACC_00699,2039.53,2026-01-21T17:15:00
TXN_006131,ACC_00078,ACC_00079,2624.84,2026-01-18T04:28:00
TXN_006132,ACC_00325,ACC_00337,90.23,2026-01-13T02:33:00
TXN_006133,ACC_00992,ACC_00947,815.77,2026-01-07T22:23:00
TXN_006134,ACC_00418,ACC_00487,3413.93,2026-01-18T06:54:00
TXN_006135,ACC_00526,ACC_00600,3124.47,2026-01-21T21:14:00
TXN_006136,ACC_00217,ACC_00212,388.93,2026-01-27T08:55:00
TXN_006137,ACC_00432,ACC_00480,2298.69,2026-01-01T14:30:00
TXN_006138,ACC_00589,ACC_00537,3362.09,2026-01-22T18:21:00
TXN_006139,ACC_00607,ACC_00698,1679.53,2026-01-06T04:32:00
TXN_006140,ACC_00915,ACC_00911,195.34,2026-01-15T23:05:00
TXN_006141,ACC_00106,ACC_00109,3547.11,2026-01-19T01:35:00
TXN_006142,ACC_00254,ACC_00202,2524.56,2026-01-02T09:33:00
TXN_006143,ACC_00252,ACC_00245,2863.38,2026-01-26T12:14:00
TXN_006144,ACC_00386,ACC_00334,4549.58,2026-01-22T07:58:00
TXN_006145,ACC_00959,ACC_00972,1111.08,2026-01-10T06:03:00
TXN_006146,ACC_00465,ACC_00492,1797.2,2026-01-10T10:07:00
TXN_006147,ACC_00177,ACC_00124,1425.6,2026-01-05T21:44:00
TXN_006148,ACC_00661,ACC_00673,4092.83,2026-01-05T03:42:00
TXN_006149,ACC_00632,ACC_00691,4621.39,2026-01-23T23:59:00
TXN_006150,ACC_00637,ACC_00687,4063.44,2026-01-11T22:12:00
TXN_006151,ACC_00027,ACC_00012,3466.44,2026-01-23T12:30:00
TXN_006152,ACC_00655,ACC_00647,3895.61,2026-01-07T15:44:00
TXN_006153,ACC_00240,ACC_00251,1672.03,2026-01-25T12:25:00
TXN_006154,ACC_00922,ACC_00993,3352.35,2026-01-23T16:00:00
TXN_006155,ACC_00401,ACC_00406,3449.14,2026-01-02T13:33:00
TXN_006156,ACC_00203,ACC_00270,3323.71,2026-01-18T19:12:00
TXN_006157,ACC_00139,ACC_00186,3951.65,2026-01-18T03:46:00
TXN_006158,ACC_00512,ACC_00576,2801.8,2026-01-02T02:18:00
TXN_006159,ACC_00536,ACC_00527,2482.58,2026-01-07T12:27:00
TXN_006160,ACC_00152,ACC_00184,3650.87,2026-01-10T05:38:00
TXN_006161,ACC_00331,ACC_00341,4226.63,2026-01-20T03:38:00
TXN_006162,ACC_00349,ACC_00377,4061.0,2026-01-10T03:17:00
TXN_006163,ACC_00108,ACC_00193,2950.77,2026-01-02T17:11:00
TXN_006164,ACC_00877,ACC_00876,339.17,2026-01-11T16:27:00
TXN_006165,ACC_00767,ACC_00715,4049.62,2026-01-01T03:52:00
TXN_006166,ACC_00469,ACC_00406,2638.37,2026-01-08T21:29:00
TXN_006167,ACC_00343,ACC_00390,331.7,2026-01-13T16:23:00
TXN_006168,ACC_00877,ACC_00897,3128.72,2026-01-09T04:17:00
TXN_006169,ACC_00080,ACC_00095,256.35,2026-01-11T11:20:00
TXN_006170,ACC_00491,ACC_00429,2222.97,2026-01-29T19:47:00
TXN_006171,ACC_00612,ACC_00632,1975.6,2026-01-20T00:00:00
TXN_006172,ACC_00883,ACC_00804,3946.46,2026-01-24T07:04:00
TXN_006173,ACC_00118,ACC_00187,2151.16,2026-01-29T21:47:00
TXN_006174,ACC_00145,ACC_00198,1522.47,2026-01-27T00:51:00
TXN_006175,ACC_00790,ACC_00733,4235.55,2026-01-21T20:15:00
TXN_006176,ACC_00592,ACC_00529,4967.61,2026-01-04T08:26:00
TXN_006177,ACC_00105,ACC_00145,4734.92,2026-01-25T23:05:00
TXN_006178,ACC_00302,ACC_00379,2491.0,2026-01-20T16:34:00
TXN_006179,ACC_00378,ACC_00358,2524.15,2026-01-29T03:49:00
TXN_006180,ACC_00213,ACC_00272,4937.3,2026-01-27T14:27:00
TXN_006181,ACC_00418,ACC_00486,3035.96,2026-01-20T05:08:00
TXN_006182,ACC_00753,ACC_00794,3241.72,2026-01-17T04:49:00
TXN_006183,ACC_00152,ACC_00163,2399.89,2026-01-20T10:33:00
TXN_006184,ACC_00166,ACC_00164,1996.66,2026-01-22T18:53:00
TXN_006185,ACC_00285,ACC_00268,4054.35,2026-01-25T16:45:00
TXN_006186,ACC_00353,ACC_00331,2728.29,2026-01-20T16:20:00
TXN_006187,ACC_00504,ACC_00512,1988.6,2026-01-30T19:09:00
TXN_006188,ACC_00259,ACC_00252,2964.7,2026-01-08T19:45:00
TXN_006189,ACC_00255,ACC_00256,2224.83,2026-01-20T19:06:00
TXN_006190,ACC_00802,ACC_00873,2243.26,2026-01-09T20:40:00
TXN_006191,ACC_00611,ACC_00651,853.35,2026-01-15T18:50:00
TXN_006192,ACC_00883,ACC_00878,4837.61,2026-01-25T11:23:00
TXN_006193,ACC_00060,ACC_00038,2922.82,2026-01-27T10:22:00
TXN_006194,ACC_00573,ACC_00569,686.54,2026-01-05T19:58:00
TXN_006195,ACC_00580,ACC_00562,2329.62,2026-01-22T20:35:00
TXN_006196,ACC_00642,ACC_00678,1907.11,2026-01-23T13:46:00
TXN_006197,ACC_00071,ACC_00025,1853.09,2026-01-26T08:26:00
TXN_006198,ACC_00804,ACC_00841,4622.15,2026-01-02T08:01:00
TXN_006199,ACC_00416,ACC_00499,555.71,2026-01-21T01:29:00
TXN_006200,ACC_00643,ACC_00662,2917.73,2026-01-26T02:18:00
TXN_006201,ACC_00909,ACC_00918,4786.76,2026-01-27T20:41:00
TXN_006202,ACC_00551,ACC_00545,2676.57,2026-01-05T05:22:00
TXN_006203,ACC_00711,ACC_00783,4209.15,2026-01-06T04:40:00
TXN_006204,ACC_00468,ACC_00455,289.85,2026-01-02T19:00:00
TXN_006205,ACC_00600,ACC_00506,3594.81,2026-01-01T04:45:00
TXN_006206,ACC_00234,ACC_00235,3522.99,2026-01-28T01:12:00
TXN_006207,ACC_00267,ACC_00258,4178.0,2026-01-26T12:57:00
TXN_006208,ACC_00745,ACC_00782,4962.17,2026-01-22T01:46:00
TXN_006209,ACC_00383,ACC_00303,2952.36,2026-01-07T10:19:00
TXN_006210,ACC_00016,ACC_00014,1706.08,2026-01-07T19:45:00
TXN_006211,ACC_00009,ACC_00083,1963.21,2026-01-24T01:58:00
TXN_006212,ACC_00064,ACC_00036,2862.39,2026-01-08T18:41:00
TXN_006213,ACC_00052,ACC_00085,3007.63,2026-01-30T06:28:00
TXN_006214,ACC_00224,ACC_00221,4256.4,2026-01-11T08:00:00
TXN_006215,ACC_00678,ACC_00627,3173.6,2026-01-06T10:03:00
TXN_006216,ACC_00050,ACC_00022,78.06,2026-01-02T21:42:00
TXN_006217,ACC_00782,ACC_00726,4702.7,2026-01-01T21:38:00
TXN_006218,ACC_00423,ACC_00450,3555.82,2026-01-30T15:17:00
TXN_006219,ACC_00234,ACC_00290,2261.65,2026-01-27T03:11:00
TXN_006220,ACC_00361,ACC_00395,1448.52,2026-01-29T21:39:00
TXN_006221,ACC_00090,ACC_00042,4421.81,2026-01-23T12:28:00
TXN_006222,ACC_00183,ACC_00198,1532.33,2026-01-13T14:39:00
TXN_006223,ACC_00948,ACC_00953,1286.0,2026-01-23T13:48:00
TXN_006224,ACC_00670,ACC_00664,1815.82,2026-01-10T11:29:00
TXN_006225,ACC_00433,ACC_00448,1279.39,2026-01-10T23:03:00
TXN_006226,ACC_00136,ACC_00149,2151.4,2026-01-30T19:46:00
TXN_006227,ACC_00869,ACC_00885,1776.14,2026-01-20T01:28:00
TXN_006228,ACC_00826,ACC_00886,2538.32,2026-01-13T04:21:00
TXN_006229,ACC_00472,ACC_00495,3310.14,2026-01-11T09:44:00
TXN_006230,ACC_00584,ACC_00571,3153.61,2026-01-20T12:32:00
TXN_006231,ACC_00664,ACC_00628,4893.4,2026-01-20T18:14:00
TXN_006232,ACC_00467,ACC_00441,779.74,2026-01-11T22:30:00
TXN_006233,ACC_00761,ACC_00747,2360.29,2026-01-24T20:55:00
TXN_006234,ACC_00878,ACC_00838,803.75,2026-01-12T02:11:00
TXN_006235,ACC_00699,ACC_00679,1100.03,2026-01-26T12:36:00
TXN_006236,ACC_00439,ACC_00432,4984.12,2026-01-20T14:21:00
TXN_006237,ACC_00569,ACC_00505,128.66,2026-01-17T04:52:00
TXN_006238,ACC_00441,ACC_00408,4972.69,2026-01-17T10:30:00
TXN_006239,ACC_00077,ACC_00023,1353.01,2026-01-25T05:05:00
TXN_006240,ACC_00722,ACC_00794,265.17,2026-01-01T08:56:00
TXN_006241,ACC_00336,ACC_00323,3794.85,2026-01-28T11:11:00
TXN_006242,ACC_00906,ACC_00990,2239.71,2026-01-22T06:34:00
TXN_006243,ACC_00719,ACC_00776,1355.51,2026-01-15T07:46:00
TXN_006244,ACC_00586,ACC_00581,1216.03,2026-01-01T05:13:00
TXN_006245,ACC_00009,ACC_00054,1682.06,2026-01-07T06:24:00
TXN_006246,ACC_00515,ACC_00546,3386.15,2026-01-02T17:59:00
TXN_006247,ACC_00039,ACC_00044,3293.09,2026-01-02T01:17:00
TXN_006248,ACC_00813,ACC_00840,1723.65,2026-01-10T13:04:00
TXN_006249,ACC_00118,ACC_00160,1331.47,2026-01-28T03:40:00
TXN_006250,ACC_00329,ACC_00397,3106.0,2026-01-23T08:49:00
TXN_006251,ACC_00525,ACC_00511,567.26,2026-01-05T13:50:00
TXN_006252,ACC_00385,ACC_00346,155.67,2026-01-27T05:15:00
TXN_006253,ACC_00252,ACC_00246,4425.75,2026-01-09T09:41:00
TXN_006254,ACC_00420,ACC_00471,4204.06,2026-01-20T18:11:00
TXN_006255,ACC_00624,ACC_00686,563.94,2026-01-16T15:40:00
TXN_006256,ACC_00068,ACC_00047,1124.99,2026-01-23T13:39:00
TXN_006257,ACC_00371,ACC_00392,1749.32,2026-01-16T22:23:00
TXN_006258,ACC_00511,ACC_00534,3785.43,2026-01-29T18:13:00
TXN_006259,ACC_00078,ACC_00081,2927.16,2026-01-04T16:16:00
TXN_006260,ACC_00513,ACC_00511,3331.16,2026-01-22T16:36:00
TXN_006261,ACC_00445,ACC_00446,3781.44,2026-01-15T05:30:00
TXN_006262,ACC_00389,ACC_00359,4619.79,2026-01-02T10:08:00
TXN_006263,ACC_00618,ACC_00661,2723.64,2026-01-09T11:40:00
TXN_006264,ACC_00154,ACC_00159,1244.78,2026-01-10T02:13:00
TXN_006265,ACC_00450,ACC_00413,4230.82,2026-01-07T09:21:00
TXN_006266,ACC_00561,ACC_00548,3598.52,2026-01-20T06:13:00
TXN_006267,ACC_00298,ACC_00255,4416.02,2026-01-12T17:04:00
TXN_006268,ACC_00297,ACC_00255,2573.34,2026-01-02T07:23:00
TXN_006269,ACC_00816,ACC_00866,2215.96,2026-01-30T19:26:00
TXN_006270,ACC_00202,ACC_00276,4665.22,2026-01-29T06:46:00
TXN_006271,ACC_00674,ACC_00630,3021.5,2026-01-04T19:34:00
TXN_006272,ACC_00631,ACC_00603,4615.51,2026-01-11T16:32:00
TXN_006273,ACC_00944,ACC_00910,3726.21,2026-01-20T20:02:00
TXN_006274,ACC_00040,ACC_00043,3564.26,2026-01-02T11:29:00
TXN_006275,ACC_00976,ACC_00970,4589.25,2026-01-07T12:01:00
TXN_006276,ACC_00287,ACC_00291,2209.16,2026-01-20T01:24:00
TXN_006277,ACC_00123,ACC_00198,1409.18,2026-01-10T19:10:00
TXN_006278,ACC_00400,ACC_00368,2657.66,2026-01-26T07:21:00
TXN_006279,ACC_00040,ACC_00065,4252.54,2026-01-16T15:54:00
TXN_006280,ACC_00185,ACC_00138,769.75,2026-01-30T14:12:00
TXN_006281,ACC_00248,ACC_00278,2009.68,2026-01-12T00:38:00
TXN_006282,ACC_00506,ACC_00587,2769.36,2026-01-07T14:06:00
TXN_006283,ACC_00314,ACC_00332,671.25,2026-01-12T14:54:00
TXN_006284,ACC_00599,ACC_00548,1899.2,2026-01-21T02:18:00
TXN_006285,ACC_00278,ACC_00279,559.89,2026-01-03T21:49:00
TXN_006286,ACC_00538,ACC_00576,3744.95,2026-01-02T02:31:00
TXN_006287,ACC_00425,ACC_00411,4255.69,2026-01-24T17:26:00
TXN_006288,ACC_00383,ACC_00339,2185.03,2026-01-12T07:40:00
TXN_006289,ACC_00948,ACC_00929,4434.13,2026-01-04T20:21:00
TXN_006290,ACC_00286,ACC_00275,2423.38,2026-01-23T00:26:00
TXN_006291,ACC_00142,ACC_00103,743.92,2026-01-19T13:38:00
TXN_006292,ACC_00915,ACC_00987,3028.73,2026-01-22T06:51:00
TXN_006293,ACC_00644,ACC_00609,1076.01,2026-01-21T13:36:00
TXN_006294,ACC_00266,ACC_00215,714.86,2026-01-20T10:47:00
TXN_006295,ACC_00911,ACC_00996,3658.46,2026-01-03T10:31:00
TXN_006296,ACC_00730,ACC_00780,792.09,2026-01-08T01:58:00
TXN_006297,ACC_00971,ACC_00932,2840.33,2026-01-19T01:42:00
TXN_006298,ACC_00142,ACC_00157,3400.19,2026-01-10T21:55:00
TXN_006299,ACC_00700,ACC_00662,3866.65,2026-01-06T04:25:00
TXN_006300,ACC_00518,ACC_00573,3415.4,2026-01-24T09:15:00
TXN_006301,ACC_00701,ACC_00757,1467.17,2026-01-30T06:50:00
TXN_006302,ACC_00995,ACC_00980,1872.07,2026-01-04T16:26:00
TXN_006303,ACC_00308,ACC_00333,1595.8,2026-01-13T11:27:00
TXN_006304,ACC_00023,ACC_00001,3882.81,2026-01-06T23:00:00
TXN_006305,ACC_00696,ACC_00667,2806.7,2026-01-12T02:33:00
TXN_006306,ACC_00879,ACC_00805,3726.43,2026-01-10T16:42:00
TXN_006307,ACC_00482,ACC_00445,858.8,2026-01-03T12:23:00
TXN_006308,ACC_00565,ACC_00552,3808.55,2026-01-21T14:20:00
TXN_006309,ACC_00031,ACC_00084,1368.28,2026-01-03T03:54:00
TXN_006310,ACC_01000,ACC_00993,1372.98,2026-01-10T08:41:00
TXN_006311,ACC_00787,ACC_00745,3130.91,2026-01-14T13:03:00
TXN_006312,ACC_00892,ACC_00893,1208.07,2026-01-07T15:41:00
TXN_006313,ACC_00670,ACC_00665,232.82,2026-01-05T09:08:00
TXN_006314,ACC_00371,ACC_00386,2237.57,2026-01-07T00:21:00
TXN_006315,ACC_00107,ACC_00197,509.64,2026-01-15T06:30:00
TXN_006316,ACC_00336,ACC_00349,511.74,2026-01-03T17:39:00
TXN_006317,ACC_00421,ACC_00420,501.71,2026-01-01T03:11:00
TXN_006318,ACC_00885,ACC_00871,1814.69,2026-01-08T16:39:00
TXN_006319,ACC_00323,ACC_00305,3703.76,2026-01-26T00:56:00
TXN_006320,ACC_00197,ACC_00187,2619.63,2026-01-18T14:25:00
TXN_006321,ACC_00629,ACC_00654,1195.42,2026-01-01T09:52:00
TXN_006322,ACC_00987,ACC_00986,3246.08,2026-01-04T21:53:00
TXN_006323,ACC_00732,ACC_00795,3005.16,2026-01-18T07:28:00
TXN_006324,ACC_00796,ACC_00766,3535.09,2026-01-27T23:10:00
TXN_006325,ACC_00755,ACC_00762,240.4,2026-01-09T09:10:00
TXN_006326,ACC_00046,ACC_00017,1292.33,2026-01-04T16:14:00
TXN_006327,ACC_00200,ACC_00107,4567.49,2026-01-22T13:36:00
TXN_006328,ACC_00715,ACC_00756,1352.28,2026-01-11T23:43:00
TXN_006329,ACC_00504,ACC_00584,4191.37,2026-01-25T06:19:00
TXN_006330,ACC_00514,ACC_00524,2299.3,2026-01-10T20:41:00
TXN_006331,ACC_00848,ACC_00811,4411.94,2026-01-06T00:17:00
TXN_006332,ACC_00997,ACC_00911,1331.51,2026-01-29T07:37:00
TXN_006333,ACC_00447,ACC_00434,2107.38,2026-01-17T12:53:00
TXN_006334,ACC_00719,ACC_00779,1727.14,2026-01-18T23:54:00
TXN_006335,ACC_00615,ACC_00677,2273.06,2026-01-09T11:13:00
TXN_006336,ACC_00711,ACC_00731,2236.27,2026-01-20T23:42:00
TXN_006337,ACC_00189,ACC_00197,2507.37,2026-01-23T19:15:00
TXN_006338,ACC_00255,ACC_00231,1778.33,2026-01-27T14:35:00
TXN_006339,ACC_00118,ACC_00195,3826.91,2026-01-19T06:47:00
TXN_006340,ACC_00700,ACC_00657,1101.61,2026-01-25T18:05:00
TXN_006341,ACC_00048,ACC_00047,1045.29,2026-01-23T12:02:00
TXN_006342,ACC_00126,ACC_00170,2394.36,2026-01-24T21:10:00
TXN_006343,ACC_00406,ACC_00422,1094.9,2026-01-07T08:41:00
TXN_006344,ACC_00486,ACC_00449,1516.61,2026-01-04T03:11:00
TXN_006345,ACC_00649,ACC_00623,2127.07,2026-01-23T11:50:00
TXN_006346,ACC_00301,ACC_00338,367.38,2026-01-06T00:38:00
TXN_006347,ACC_00754,ACC_00800,3424.15,2026-01-05T09:41:00
TXN_006348,ACC_00281,ACC_00286,1879.22,2026-01-05T15:42:00
TXN_006349,ACC_00466,ACC_00430,3008.82,2026-01-06T03:05:00
TXN_006350,ACC_00895,ACC_00854,4437.0,2026-01-10T10:19:00
TXN_006351,ACC_00634,ACC_00662,4210.18,2026-01-02T05:43:00
TXN_006352,ACC_00641,ACC_00649,4885.02,2026-01-25T12:20:00
TXN_006353,ACC_00676,ACC_00666,4635.59,2026-01-22T23:36:00
TXN_006354,ACC_00349,ACC_00371,3899.25,2026-01-26T10:17:00
TXN_006355,ACC_00301,ACC_00304,2711.01,2026-01-13T15:58:00
TXN_006356,ACC_00788,ACC_00778,1146.91,2026-01-30T03:48:00
TXN_006357,ACC_00389,ACC_00311,2887.5,2026-01-16T16:18:00
TXN_006358,ACC_00296,ACC_00219,576.94,2026-01-28T00:39:00
TXN_006359,ACC_00262,ACC_00208,1655.85,2026-01-18T10:40:00
TXN_006360,ACC_00336,ACC_00309,4540.14,2026-01-02T23:42:00
TXN_006361,ACC_00049,ACC_00096,2899.26,2026-01-07T14:32:00
TXN_006362,ACC_00170,ACC_00158,650.13,2026-01-08T18:03:00
TXN_006363,ACC_00236,ACC_00262,2597.78,2026-01-06T15:31:00
TXN_006364,ACC_00012,ACC_00069,2237.29,2026-01-06T04:45:00
TXN_006365,ACC_00999,ACC_00952,276.61,2026-01-30T16:09:00
TXN_006366,ACC_00743,ACC_00787,2633.84,2026-01-21T09:33:00
TXN_006367,ACC_00884,ACC_00833,2390.55,2026-01-27T05:44:00
TXN_006368,ACC_00475,ACC_00479,3125.17,2026-01-21T10:12:00
TXN_006369,ACC_00041,ACC_00021,541.21,2026-01-07T03:15:00
TXN_006370,ACC_00115,ACC_00136,4269.8,2026-01-25T20:41:00
TXN_006371,ACC_00554,ACC_00546,3691.47,2026-01-24T12:27:00
TXN_006372,ACC_00880,ACC_00869,4974.56,2026-01-05T15:25:00
TXN_006373,ACC_00056,ACC_00010,1064.18,2026-01-23T09:57:00
TXN_006374,ACC_00553,ACC_00532,4965.84,2026-01-05T07:27:00
TXN_006375,ACC_00313,ACC_00322,2310.38,2026-01-28T03:24:00
TXN_006376,ACC_00546,ACC_00558,3726.78,2026-01-09T02:25:00
TXN_006377,ACC_00614,ACC_00654,1532.39,2026-01-28T03:44:00
TXN_006378,ACC_00628,ACC_00663,2540.51,2026-01-26T12:16:00
TXN_006379,ACC_00174,ACC_00128,4266.2,2026-01-24T22:02:00
TXN_006380,ACC_00983,ACC_00975,277.22,2026-01-27T15:14:00
TXN_006381,ACC_00822,ACC_00890,578.0,2026-01-03T03:43:00
TXN_006382,ACC_00383,ACC_00302,393.53,2026-01-23T17:41:00
TXN_006383,ACC_00745,ACC_00725,583.45,2026-01-08T19:35:00
TXN_006384,ACC_00389,ACC_00325,4605.41,2026-01-20T04:29:00
TXN_006385,ACC_00310,ACC_00361,4306.3,2026-01-28T22:33:00
TXN_006386,ACC_00535,ACC_00575,3774.02,2026-01-02T16:00:00
TXN_006387,ACC_00040,ACC_00089,4175.62,2026-01-28T09:36:00
TXN_006388,ACC_00361,ACC_00387,3010.87,2026-01-08T10:24:00
TXN_006389,ACC_00448,ACC_00467,2522.58,2026-01-16T03:37:00
TXN_006390,ACC_00589,ACC_00554,3403.61,2026-01-11T16:02:00
TXN_006391,ACC_00971,ACC_00998,774.21,2026-01-06T15:04:00
TXN_006392,ACC_00494,ACC_00428,3164.27,2026-01-28T11:27:00
TXN_006393,ACC_00242,ACC_00300,538.15,2026-01-16T13:34:00
TXN_006394,ACC_00409,ACC_00477,1620.13,2026-01-09T09:15:00
TXN_006395,ACC_00181,ACC_00195,4162.04,2026-01-12T13:30:00
TXN_006396,ACC_00623,ACC_00614,3536.28,2026-01-09T07:00:00
TXN_006397,ACC_00605,ACC_00616,1981.87,2026-01-25T16:00:00
TXN_006398,ACC_00977,ACC_00934,1298.46,2026-01-17T07:02:00
TXN_006399,ACC_00393,ACC_00399,1265.93,2026-01-26T06:03:00
TXN_006400,ACC_00313,ACC_00341,1095.96,2026-01-18T17:33:00
TXN_006401,ACC_00078,ACC_00032,4474.83,2026-01-01T09:28:00
TXN_006402,ACC_00777,ACC_00752,3310.77,2026-01-24T17:24:00
TXN_006403,ACC_00600,ACC_00580,3256.55,2026-01-03T02:23:00
TXN_006404,ACC_00690,ACC_00685,1818.19,2026-01-14T22:04:00
TXN_006405,ACC_00969,ACC_00960,3151.89,2026-01-07T04:07:00
TXN_006406,ACC_00072,ACC_00096,3030.7,2026-01-28T19:40:00
TXN_006407,ACC_00290,ACC_00214,2422.44,2026-01-21T23:25:00
TXN_006408,ACC_00343,ACC_00384,2098.5,2026-01-05T05:31:00
TXN_006409,ACC_00809,ACC_00827,4815.33,2026-01-10T19:42:00
TXN_006410,ACC_00725,ACC_00755,153.63,2026-01-21T14:36:00
TXN_006411,ACC_00216,ACC_00262,1139.55,2026-01-30T21:28:00
TXN_006412,ACC_00402,ACC_00491,1535.09,2026-01-09T04:53:00
TXN_006413,ACC_00283,ACC_00222,479.35,2026-01-13T07:19:00
TXN_006414,ACC_00968,ACC_00993,4055.68,2026-01-11T10:42:00
TXN_006415,ACC_00053,ACC_00087,932.29,2026-01-12T04:17:00
TXN_006416,ACC_00356,ACC_00341,4509.92,2026-01-15T01:00:00
TXN_006417,ACC_00170,ACC_00113,3956.6,2026-01-30T12:40:00
TXN_006418,ACC_00435,ACC_00422,3806.29,2026-01-14T11:53:00
TXN_006419,ACC_00835,ACC_00820,795.14,2026-01-02T09:39:00
TXN_006420,ACC_00432,ACC_00497,46.54,2026-01-17T17:47:00
TXN_006421,ACC_00940,ACC_00957,1761.68,2026-01-19T17:18:00
TXN_006422,ACC_00116,ACC_00186,2134.73,2026-01-24T10:14:00
TXN_006423,ACC_00144,ACC_00154,50.24,2026-01-13T11:14:00
TXN_006424,ACC_00937,ACC_00914,2480.01,2026-01-15T01:25:00
TXN_006425,ACC_00380,ACC_00370,3536.34,2026-01-29T05:15:00
TXN_006426,ACC_00360,ACC_00305,1562.12,2026-01-15T13:26:00
TXN_006427,ACC_00239,ACC_00242,3425.04,2026-01-05T05:57:00
TXN_006428,ACC_00908,ACC_00966,1933.86,2026-01-09T03:36:00
TXN_006429,ACC_00186,ACC_00200,145.54,2026-01-04T05:06:00
TXN_006430,ACC_00341,ACC_00350,3086.35,2026-01-15T13:00:00
TXN_006431,ACC_00296,ACC_00274,4950.48,2026-01-28T00:24:00
TXN_006432,ACC_00082,ACC_00023,2406.62,2026-01-12T00:10:00
TXN_006433,ACC_00656,ACC_00675,3003.74,2026-01-20T06:29:00
TXN_006434,ACC_00273,ACC_00245,1166.25,2026-01-11T15:17:00
TXN_006435,ACC_00612,ACC_00673,473.4,2026-01-12T09:07:00
TXN_006436,ACC_00181,ACC_00170,3048.06,2026-01-09T17:34:00
TXN_006437,ACC_00080,ACC_00030,642.81,2026-01-14T21:44:00
TXN_006438,ACC_00238,ACC_00201,2128.95,2026-01-18T05:28:00
TXN_006439,ACC_00266,ACC_00296,1358.09,2026-01-09T13:09:00
TXN_006440,ACC_00326,ACC_00339,2698.6,2026-01-24T13:07:00
TXN_006441,ACC_00331,ACC_00333,2368.47,2026-01-10T11:56:00
TXN_006442,ACC_00195,ACC_00168,2186.54,2026-01-18T08:25:00
TXN_006443,ACC_00933,ACC_00994,2543.57,2026-01-02T16:43:00
TXN_006444,ACC_00537,ACC_00523,1252.96,2026-01-13T22:30:00
TXN_006445,ACC_00823,ACC_00850,4724.13,2026-01-29T05:26:00
TXN_006446,ACC_00843,ACC_00844,2254.34,2026-01-01T22:44:00
TXN_006447,ACC_00344,ACC_00303,4311.22,2026-01-27T06:54:00
TXN_006448,ACC_00298,ACC_00272,4518.07,2026-01-29T20:03:00
TXN_006449,ACC_00880,ACC_00848,1367.18,2026-01-28T16:56:00
TXN_006450,ACC_00781,ACC_00702,2850.9,2026-01-12T07:41:00
TXN_006451,ACC_00955,ACC_00937,1055.55,2026-01-15T20:54:00
TXN_006452,ACC_00913,ACC_00961,1647.41,2026-01-19T10:12:00
TXN_006453,ACC_00459,ACC_00416,2619.94,2026-01-26T00:08:00
TXN_006454,ACC_00005,ACC_00098,3992.87,2026-01-27T22:31:00
TXN_006455,ACC_00536,ACC_00518,2548.21,2026-01-26T01:16:00
TXN_006456,ACC_00728,ACC_00736,3700.46,2026-01-13T23:04:00
TXN_006457,ACC_00983,ACC_00952,2586.56,2026-01-18T04:06:00
TXN_006458,ACC_00656,ACC_00658,2699.08,2026-01-27T19:23:00
TXN_006459,ACC_00934,ACC_00959,2048.83,2026-01-01T17:54:00
TXN_006460,ACC_00159,ACC_00190,121.02,2026-01-30T05:45:00
TXN_006461,ACC_00675,ACC_00607,4232.93,2026-01-04T20:50:00
TXN_006462,ACC_00957,ACC_00911,141.32,2026-01-04T16:14:00
TXN_006463,ACC_00368,ACC_00334,522.12,2026-01-21T09:22:00
TXN_006464,ACC_00662,ACC_00646,2166.35,2026-01-20T01:28:00
TXN_006465,ACC_00501,ACC_00584,392.1,2026-01-16T09:57:00
TXN_006466,ACC_00855,ACC_00803,1927.95,2026-01-05T08:46:00
TXN_006467,ACC_00434,ACC_00473,1030.01,2026-01-09T05:22:00
TXN_006468,ACC_00348,ACC_00379,4917.08,2026-01-30T02:40:00
TXN_006469,ACC_00967,ACC_00942,4415.89,2026-01-01T20:22:00
TXN_006470,ACC_00442,ACC_00498,3232.11,2026-01-01T18:10:00
TXN_006471,ACC_00653,ACC_00691,3957.03,2026-01-27T05:48:00
TXN_006472,ACC_00363,ACC_00344,237.35,2026-01-15T03:32:00
TXN_006473,ACC_00423,ACC_00472,369.78,2026-01-20T18:44:00
TXN_006474,ACC_00876,ACC_00822,4009.67,2026-01-16T01:41:00
TXN_006475,ACC_00139,ACC_00105,1658.89,2026-01-06T22:03:00
TXN_006476,ACC_00369,ACC_00342,2144.88,2026-01-23T07:45:00
TXN_006477,ACC_00297,ACC_00249,2575.67,2026-01-14T16:36:00
TXN_006478,ACC_00181,ACC_00153,2591.34,2026-01-12T08:22:00
TXN_006479,ACC_00474,ACC_00432,4298.66,2026-01-19T12:46:00
TXN_006480,ACC_00086,ACC_00050,1622.15,2026-01-09T21:56:00
TXN_006481,ACC_00529,ACC_00503,118.46,2026-01-04T20:23:00
TXN_006482,ACC_00198,ACC_00119,2750.86,2026-01-20T23:48:00
TXN_006483,ACC_00677,ACC_00643,4834.52,2026-01-04T19:48:00
TXN_006484,ACC_00984,ACC_00927,3797.87,2026-01-01T01:40:00
TXN_006485,ACC_00848,ACC_00819,2303.74,2026-01-23T06:54:00
TXN_006486,ACC_00849,ACC_00898,253.38,2026-01-22T14:39:00
TXN_006487,ACC_00350,ACC_00342,741.94,2026-01-19T21:14:00
TXN_006488,ACC_00396,ACC_00355,1276.11,2026-01-10T19:31:00
TXN_006489,ACC_00428,ACC_00481,1298.24,2026-01-28T02:02:00
TXN_006490,ACC_00900,ACC_00877,3738.57,2026-01-18T04:21:00
TXN_006491,ACC_00330,ACC_00314,368.98,2026-01-25T10:47:00
TXN_006492,ACC_00226,ACC_00229,2204.32,2026-01-17T20:59:00
TXN_006493,ACC_00612,ACC_00662,2247.98,2026-01-03T04:13:00
TXN_006494,ACC_00316,ACC_00358,1406.9,2026-01-14T17:16:00
TXN_006495,ACC_00560,ACC_00555,3379.26,2026-01-08T21:01:00
TXN_006496,ACC_00250,ACC_00232,2228.04,2026-01-18T20:37:00
TXN_006497,ACC_00590,ACC_00506,3075.12,2026-01-24T04:26:00
TXN_006498,ACC_00878,ACC_00863,1332.18,2026-01-23T13:39:00
TXN_006499,ACC_00799,ACC_00748,1370.35,2026-01-28T21:51:00
TXN_006500,ACC_00484,ACC_00431,4198.16,2026-01-13T23:34:00
TXN_006501,ACC_00518,ACC_00576,4243.72,2026-01-17T02:49:00
TXN_006502,ACC_00796,ACC_00759,4392.11,2026-01-12T13:09:00
TXN_006503,ACC_00097,ACC_00031,1952.57,2026-01-22T16:08:00
TXN_006504,ACC_00672,ACC_00661,134.86,2026-01-13T19:21:00
TXN_006505,ACC_00203,ACC_00262,2341.56,2026-01-20T04:07:00
TXN_006506,ACC_00140,ACC_00177,1760.15,2026-01-21T06:13:00
TXN_006507,ACC_00412,ACC_00410,3774.36,2026-01-15T10:20:00
TXN_006508,ACC_00384,ACC_00400,306.38,2026-01-10T11:08:00
TXN_006509,ACC_00908,ACC_00905,3590.96,2026-01-30T06:42:00
TXN_006510,ACC_00936,ACC_00995,3983.58,2026-01-02T12:35:00
TXN_006511,ACC_00551,ACC_00546,758.58,2026-01-24T00:56:00
TXN_006512,ACC_00493,ACC_00434,1228.39,2026-01-16T15:05:00
TXN_006513,ACC_00584,ACC_00585,1833.63,2026-01-20T05:39:00
TXN_006514,ACC_00524,ACC_00526,4708.02,2026-01-06T22:08:00
TXN_006515,ACC_00605,ACC_00681,4309.89,2026-01-01T14:43:00
TXN_006516,ACC_00034,ACC_00060,4278.78,2026-01-02T07:34:00
TXN_006517,ACC_00995,ACC_00911,309.05,2026-01-04T04:36:00
TXN_006518,ACC_00340,ACC_00375,4124.11,2026-01-17T11:02:00
TXN_006519,ACC_00111,ACC_00177,2514.3,2026-01-28T05:00:00
TXN_006520,ACC_00995,ACC_00952,4968.16,2026-01-15T07:21:00
TXN_006521,ACC_00171,ACC_00114,2516.89,2026-01-15T11:38:00
TXN_006522,ACC_00736,ACC_00752,391.74,2026-01-20T09:43:00
TXN_006523,ACC_00461,ACC_00458,4617.35,2026-01-20T08:16:00
TXN_006524,ACC_00883,ACC_00898,2047.73,2026-01-30T11:41:00
TXN_006525,ACC_00786,ACC_00701,3605.53,2026-01-13T18:33:00
TXN_006526,ACC_00953,ACC_00952,4293.91,2026-01-30T14:57:00
TXN_006527,ACC_00671,ACC_00619,88.96,2026-01-28T22:46:00
TXN_006528,ACC_00592,ACC_00518,2026.54,2026-01-17T18:53:00
TXN_006529,ACC_00976,ACC_00948,2638.5,2026-01-01T18:19:00
TXN_006530,ACC_00909,ACC_00936,3509.9,2026-01-08T11:12:00
TXN_006531,ACC_00301,ACC_00394,2875.52,2026-01-09T05:07:00
TXN_006532,ACC_00264,ACC_00255,4278.27,2026-01-14T00:08:00
TXN_006533,ACC_00536,ACC_00562,3119.48,2026-01-12T00:17:00
TXN_006534,ACC_00623,ACC_00620,1274.35,2026-01-04T01:16:00
TXN_006535,ACC_00509,ACC_00528,2664.35,2026-01-05T00:22:00
TXN_006536,ACC_00605,ACC_00640,1544.57,2026-01-23T01:15:00
TXN_006537,ACC_00328,ACC_00371,4191.66,2026-01-27T21:17:00
TXN_006538,ACC_00459,ACC_00494,1704.53,2026-01-23T18:30:00
TXN_006539,ACC_00459,ACC_00439,4139.79,2026-01-14T18:21:00
TXN_006540,ACC_00025,ACC_00042,1319.65,2026-01-28T13:35:00
TXN_006541,ACC_00103,ACC_00196,4582.46,2026-01-08T13:50:00
TXN_006542,ACC_00365,ACC_00362,1136.05,2026-01-30T08:39:00
TXN_006543,ACC_00511,ACC_00569,2073.96,2026-01-19T11:46:00
TXN_006544,ACC_00762,ACC_00739,1026.9,2026-01-05T08:19:00
TXN_006545,ACC_00347,ACC_00310,3374.84,2026-01-24T00:07:00
TXN_006546,ACC_00019,ACC_00046,1875.7,2026-01-24T09:33:00
TXN_006547,ACC_00454,ACC_00499,2677.21,2026-01-15T11:38:00
TXN_006548,ACC_00145,ACC_00127,4678.97,2026-01-29T07:23:00
TXN_006549,ACC_00847,ACC_00882,3471.89,2026-01-08T15:16:00
TXN_006550,ACC_00771,ACC_00778,1725.2,2026-01-15T22:07:00
TXN_006551,ACC_00980,ACC_00908,2617.35,2026-01-27T06:36:00
TXN_006552,ACC_00122,ACC_00171,1658.16,2026-01-18T01:43:00
TXN_006553,ACC_00815,ACC_00849,1732.36,2026-01-21T23:13:00
TXN_006554,ACC_00923,ACC_00928,1035.61,2026-01-25T11:40:00
TXN_006555,ACC_00176,ACC_00129,2667.14,2026-01-15T03:44:00
TXN_006556,ACC_00912,ACC_00971,3664.37,2026-01-02T20:50:00
TXN_006557,ACC_00369,ACC_00309,4332.08,2026-01-12T18:01:00
TXN_006558,ACC_00334,ACC_00317,4910.33,2026-01-28T14:40:00
TXN_006559,ACC_00240,ACC_00221,3448.8,2026-01-05T16:16:00
TXN_006560,ACC_00574,ACC_00560,4890.59,2026-01-12T00:30:00
TXN_006561,ACC_00076,ACC_00095,875.21,2026-01-05T14:58:00
TXN_006562,ACC_00841,ACC_00820,4523.97,2026-01-22T11:44:00
TXN_006563,ACC_00412,ACC_00438,449.72,2026-01-19T06:37:00
TXN_006564,ACC_00311,ACC_00343,1788.23,2026-01-30T04:16:00
TXN_006565,ACC_00307,ACC_00309,1125.05,2026-01-15T14:19:00
TXN_006566,ACC_00308,ACC_00340,61.21,2026-01-14T12:13:00
TXN_006567,ACC_00769,ACC_00712,4469.58,2026-01-05T13:01:00
TXN_006568,ACC_00995,ACC_00953,3073.42,2026-01-17T09:49:00
TXN_006569,ACC_00485,ACC_00499,1605.64,2026-01-15T05:43:00
TXN_006570,ACC_00695,ACC_00691,1194.53,2026-01-20T16:01:00
TXN_006571,ACC_00442,ACC_00439,3917.6,2026-01-06T10:43:00
TXN_006572,ACC_00277,ACC_00276,715.38,2026-01-05T11:20:00
TXN_006573,ACC_00977,ACC_00935,771.98,2026-01-16T12:43:00
TXN_006574,ACC_00640,ACC_00688,4675.33,2026-01-04T17:36:00
TXN_006575,ACC_00103,ACC_00154,4589.41,2026-01-05T18:17:00
TXN_006576,ACC_00683,ACC_00649,475.48,2026-01-29T00:40:00
TXN_006577,ACC_00097,ACC_00090,3185.88,2026-01-24T23:00:00
TXN_006578,ACC_00286,ACC_00233,4002.31,2026-01-07T02:21:00
TXN_006579,ACC_00152,ACC_00169,2092.84,2026-01-07T10:26:00
TXN_006580,ACC_00817,ACC_00820,3167.77,2026-01-04T19:26:00
TXN_006581,ACC_00746,ACC_00782,860.79,2026-01-19T07:12:00
TXN_006582,ACC_00680,ACC_00673,4773.47,2026-01-18T08:39:00
TXN_006583,ACC_00068,ACC_00025,1362.24,2026-01-29T17:41:00
TXN_006584,ACC_00991,ACC_00912,65.5,2026-01-01T04:14:00
TXN_006585,ACC_00930,ACC_00918,3170.43,2026-01-29T20:39:00
TXN_006586,ACC_00564,ACC_00517,2760.83,2026-01-07T00:54:00
TXN_006587,ACC_00707,ACC_00791,797.92,2026-01-10T03:48:00
TXN_006588,ACC_00006,ACC_00083,4565.22,2026-01-22T02:02:00
TXN_006589,ACC_00472,ACC_00444,2471.8,2026-01-29T00:29:00
TXN_006590,ACC_00233,ACC_00225,2320.77,2026-01-26T07:50:00
TXN_006591,ACC_00119,ACC_00179,450.98,2026-01-16T21:54:00
TXN_006592,ACC_00524,ACC_00592,1662.6,2026-01-03T00:49:00
TXN_006593,ACC_00883,ACC_00803,4568.5,2026-01-07T17:01:00
TXN_006594,ACC_00852,ACC_00803,229.15,2026-01-18T07:10:00
TXN_006595,ACC_00804,ACC_00823,1318.12,2026-01-09T06:42:00
TXN_006596,ACC_00646,ACC_00639,1324.82,2026-01-22T17:07:00
TXN_006597,ACC_00689,ACC_00678,217.87,2026-01-16T12:32:00
TXN_006598,ACC_00903,ACC_00933,3176.48,2026-01-04T19:07:00
TXN_006599,ACC_00965,ACC_00943,1966.79,2026-01-20T19:50:00
TXN_006600,ACC_00427,ACC_00405,4503.89,2026-01-05T06:25:00
TXN_006601,ACC_00581,ACC_00546,4028.24,2026-01-20T15:13:00
TXN_006602,ACC_00366,ACC_00372,2658.91,2026-01-23T09:32:00
TXN_006603,ACC_00857,ACC_00894,1744.5,2026-01-18T08:03:00
TXN_006604,ACC_00980,ACC_00931,1037.96,2026-01-04T08:54:00
TXN_006605,ACC_00054,ACC_00083,4426.39,2026-01-06T19:47:00
TXN_006606,ACC_00276,ACC_00203,4961.53,2026-01-05T00:19:00
TXN_006607,ACC_00372,ACC_00349,4611.3,2026-01-01T09:57:00
TXN_006608,ACC_00776,ACC_00736,4513.73,2026-01-21T08:28:00
TXN_006609,ACC_00197,ACC_00174,86.96,2026-01-29T00:10:00
TXN_006610,ACC_00803,ACC_00827,615.05,2026-01-15T23:39:00
TXN_006611,ACC_00467,ACC_00476,3651.96,2026-01-15T16:25:00
TXN_006612,ACC_00822,ACC_00892,1456.34,2026-01-26T22:05:00
TXN_006613,ACC_00176,ACC_00192,1305.48,2026-01-06T13:17:00
TXN_006614,ACC_00994,ACC_00907,1174.46,2026-01-17T11:03:00
TXN_006615,ACC_00717,ACC_00772,2946.73,2026-01-11T21:27:00
TXN_006616,ACC_00195,ACC_00153,1083.11,2026-01-22T13:59:00
TXN_006617,ACC_00073,ACC_00043,639.21,2026-01-11T01:27:00
TXN_006618,ACC_00664,ACC_00602,1286.68,2026-01-26T07:56:00
TXN_006619,ACC_00898,ACC_00867,4075.32,2026-01-19T09:17:00
TXN_006620,ACC_00896,ACC_00899,4175.22,2026-01-19T20:03:00
TXN_006621,ACC_00549,ACC_00589,2969.08,2026-01-07T19:01:00
TXN_006622,ACC_00248,ACC_00300,3321.11,2026-01-25T08:08:00
TXN_006623,ACC_00268,ACC_00222,4506.34,2026-01-25T10:01:00
TXN_006624,ACC_00168,ACC_00128,1234.89,2026-01-08T00:29:00
TXN_006625,ACC_00306,ACC_00356,2576.05,2026-01-24T05:00:00
TXN_006626,ACC_00669,ACC_00694,3410.73,2026-01-14T13:31:00
TXN_006627,ACC_00663,ACC_00653,2481.09,2026-01-30T02:06:00
TXN_006628,ACC_00079,ACC_00052,1626.5,2026-01-13T16:14:00
TXN_006629,ACC_00829,ACC_00862,3672.99,2026-01-13T05:36:00
TXN_006630,ACC_00942,ACC_00974,1680.27,2026-01-22T14:45:00
TXN_006631,ACC_00130,ACC_00146,1011.32,2026-01-29T22:52:00
TXN_006632,ACC_00742,ACC_00745,3002.5,2026-01-16T00:10:00
TXN_006633,ACC_00265,ACC_00290,2447.84,2026-01-29T08:06:00
TXN_006634,ACC_00891,ACC_00859,444.06,2026-01-13T13:56:00
TXN_006635,ACC_00191,ACC_00182,4853.96,2026-01-14T05:59:00
TXN_006636,ACC_00688,ACC_00621,2224.38,2026-01-20T12:04:00
TXN_006637,ACC_00196,ACC_00184,3951.65,2026-01-06T08:41:00
TXN_006638,ACC_00964,ACC_00955,1679.88,2026-01-12T16:54:00
TXN_006639,ACC_00479,ACC_00453,3937.78,2026-01-17T04:24:00
TXN_006640,ACC_00199,ACC_00146,2184.79,2026-01-30T04:29:00
TXN_006641,ACC_00179,ACC_00152,2651.65,2026-01-21T01:15:00
TXN_006642,ACC_00631,ACC_00693,4568.44,2026-01-01T08:40:00
TXN_006643,ACC_00073,ACC_00027,3684.63,2026-01-16T23:20:00
TXN_006644,ACC_00208,ACC_00215,3923.57,2026-01-19T00:32:00
TXN_006645,ACC_00011,ACC_00098,2882.28,2026-01-15T21:28:00
TXN_006646,ACC_00223,ACC_00236,640.0,2026-01-07T13:55:00
TXN_006647,ACC_00498,ACC_00470,1533.5,2026-01-10T18:48:00
TXN_006648,ACC_00922,ACC_00962,2056.95,2026-01-18T08:46:00
TXN_006649,ACC_00073,ACC_00081,3833.8,2026-01-24T15:52:00
TXN_006650,ACC_00684,ACC_00689,4775.04,2026-01-03T05:51:00
TXN_006651,ACC_00805,ACC_00836,3970.23,2026-01-01T08:51:00
TXN_006652,ACC_00339,ACC_00371,369.23,2026-01-01T05:28:00
TXN_006653,ACC_00529,ACC_00557,1879.89,2026-01-12T00:20:00
TXN_006654,ACC_00852,ACC_00896,530.59,2026-01-23T02:48:00
TXN_006655,ACC_00542,ACC_00534,2089.98,2026-01-13T09:42:00
TXN_006656,ACC_00045,ACC_00032,779.66,2026-01-27T15:49:00
TXN_006657,ACC_00606,ACC_00679,2427.93,2026-01-20T21:46:00
TXN_006658,ACC_00496,ACC_00452,3505.57,2026-01-29T19:23:00
TXN_006659,ACC_00718,ACC_00707,1670.46,2026-01-29T15:10:00
TXN_006660,ACC_00351,ACC_00390,3124.01,2026-01-14T14:29:00
TXN_006661,ACC_00114,ACC_00177,3555.88,2026-01-07T23:17:00
TXN_006662,ACC_00553,ACC_00557,4628.18,2026-01-29T12:20:00
TXN_006663,ACC_00265,ACC_00247,861.86,2026-01-02T22:30:00
TXN_006664,ACC_00146,ACC_00142,4193.77,2026-01-30T12:53:00
TXN_006665,ACC_00372,ACC_00332,3371.15,2026-01-01T21:25:00
TXN_006666,ACC_00744,ACC_00741,702.41,2026-01-25T23:40:00
TXN_006667,ACC_00250,ACC_00224,1306.51,2026-01-19T23:14:00
TXN_006668,ACC_00948,ACC_00951,3210.33,2026-01-22T17:46:00
TXN_006669,ACC_00437,ACC_00496,22.61,2026-01-18T23:54:00
TXN_006670,ACC_00879,ACC_00900,4157.64,2026-01-02T00:26:00
TXN_006671,ACC_00511,ACC_00586,3487.87,2026-01-26T14:29:00
TXN_006672,ACC_00178,ACC_00165,2285.86,2026-01-03T22:38:00
TXN_006673,ACC_00548,ACC_00509,2867.21,2026-01-07T23:18:00
TXN_006674,ACC_00439,ACC_00413,3024.04,2026-01-14T23:07:00
TXN_006675,ACC_00244,ACC_00227,2152.93,2026-01-05T13:33:00
TXN_006676,ACC_00480,ACC_00470,2604.87,2026-01-09T02:15:00
TXN_006677,ACC_00367,ACC_00400,1688.36,2026-01-30T07:31:00
TXN_006678,ACC_00961,ACC_00935,2230.26,2026-01-21T00:34:00
TXN_006679,ACC_00549,ACC_00600,2915.92,2026-01-15T12:41:00
TXN_006680,ACC_00062,ACC_00003,1637.46,2026-01-17T11:00:00
TXN_006681,ACC_00934,ACC_00984,3196.85,2026-01-10T13:38:00
TXN_006682,ACC_00429,ACC_00499,2689.85,2026-01-20T15:45:00
TXN_006683,ACC_00714,ACC_00744,4005.51,2026-01-19T16:24:00
TXN_006684,ACC_00219,ACC_00293,4152.04,2026-01-01T02:55:00
TXN_006685,ACC_00499,ACC_00479,2439.52,2026-01-03T10:43:00
TXN_006686,ACC_00339,ACC_00315,1060.44,2026-01-16T17:40:00
TXN_006687,ACC_00960,ACC_00916,3323.31,2026-01-03T07:39:00
TXN_006688,ACC_00116,ACC_00143,1268.78,2026-01-30T06:49:00
TXN_006689,ACC_00730,ACC_00799,3076.66,2026-01-14T02:17:00
TXN_006690,ACC_00431,ACC_00485,4095.05,2026-01-04T06:22:00
TXN_006691,ACC_00489,ACC_00469,676.12,2026-01-23T00:23:00
TXN_006692,ACC_00547,ACC_00560,1690.46,2026-01-23T18:39:00
TXN_006693,ACC_00414,ACC_00429,1359.11,2026-01-16T14:13:00
TXN_006694,ACC_00740,ACC_00713,2674.5,2026-01-18T21:48:00
TXN_006695,ACC_00560,ACC_00528,3329.3,2026-01-29T04:44:00
TXN_006696,ACC_00231,ACC_00219,1839.93,2026-01-25T09:53:00
TXN_006697,ACC_00545,ACC_00571,4171.61,2026-01-01T19:16:00
TXN_006698,ACC_00945,ACC_00963,1514.05,2026-01-28T04:57:00
TXN_006699,ACC_00747,ACC_00765,3271.57,2026-01-05T10:44:00
TXN_006700,ACC_00606,ACC_00620,3869.33,2026-01-25T03:53:00
TXN_006701,ACC_00481,ACC_00482,3885.71,2026-01-06T08:24:00
TXN_006702,ACC_00622,ACC_00631,3710.9,2026-01-10T17:05:00
TXN_006703,ACC_00457,ACC_00401,101.03,2026-01-14T16:19:00
TXN_006704,ACC_00133,ACC_00152,4985.49,2026-01-27T23:36:00
TXN_006705,ACC_00782,ACC_00792,1279.88,2026-01-05T08:52:00
TXN_006706,ACC_00786,ACC_00776,3604.62,2026-01-23T06:16:00
TXN_006707,ACC_00338,ACC_00316,1753.0,2026-01-26T07:16:00
TXN_006708,ACC_00574,ACC_00544,2595.83,2026-01-02T21:35:00
TXN_006709,ACC_00364,ACC_00337,3572.28,2026-01-17T23:15:00
TXN_006710,ACC_00605,ACC_00616,136.74,2026-01-22T00:03:00
TXN_006711,ACC_00950,ACC_00913,398.39,2026-01-01T21:04:00
TXN_006712,ACC_00579,ACC_00587,3298.68,2026-01-02T10:07:00
TXN_006713,ACC_00098,ACC_00014,3751.03,2026-01-20T22:46:00
TXN_006714,ACC_00659,ACC_00674,1355.85,2026-01-30T09:49:00
TXN_006715,ACC_00063,ACC_00070,3506.64,2026-01-20T16:22:00
TXN_006716,ACC_00268,ACC_00241,3402.72,2026-01-15T06:46:00
TXN_006717,ACC_00691,ACC_00620,3748.81,2026-01-05T23:58:00
TXN_006718,ACC_00575,ACC_00600,3326.27,2026-01-11T18:09:00
TXN_006719,ACC_00955,ACC_00957,3387.51,2026-01-19T06:52:00
TXN_006720,ACC_00526,ACC_00555,4999.29,2026-01-23T03:43:00
TXN_006721,ACC_00587,ACC_00546,2975.79,2026-01-24T23:49:00
TXN_006722,ACC_00063,ACC_00008,649.15,2026-01-21T16:23:00
TXN_006723,ACC_00869,ACC_00828,3897.66,2026-01-13T07:00:00
TXN_006724,ACC_00330,ACC_00345,3768.88,2026-01-05T20:17:00
TXN_006725,ACC_00901,ACC_00910,955.91,2026-01-13T09:12:00
TXN_006726,ACC_00960,ACC_00940,2467.57,2026-01-08T12:11:00
TXN_006727,ACC_00479,ACC_00430,2031.89,2026-01-20T16:05:00
TXN_006728,ACC_00341,ACC_00362,2076.09,2026-01-26T20:09:00
TXN_006729,ACC_00189,ACC_00135,4816.69,2026-01-24T16:09:00
TXN_006730,ACC_00391,ACC_00399,3324.32,2026-01-01T12:01:00
TXN_006731,ACC_00787,ACC_00793,4024.92,2026-01-11T09:23:00
TXN_006732,ACC_00647,ACC_00672,1955.26,2026-01-07T23:31:00
TXN_006733,ACC_00066,ACC_00023,915.56,2026-01-16T14:19:00
TXN_006734,ACC_00631,ACC_00694,4050.79,2026-01-22T10:19:00
TXN_006735,ACC_00491,ACC_00500,716.04,2026-01-04T02:36:00
TXN_006736,ACC_00898,ACC_00867,2151.53,2026-01-18T18:21:00
TXN_006737,ACC_00914,ACC_00912,3364.37,2026-01-06T17:54:00
TXN_006738,ACC_00322,ACC_00310,3136.85,2026-01-13T00:11:00
TXN_006739,ACC_00242,ACC_00221,422.22,2026-01-18T04:27:00
TXN_006740,ACC_00175,ACC_00163,2737.31,2026-01-30T05:08:00
TXN_006741,ACC_00243,ACC_00280,1977.63,2026-01-14T22:22:00
TXN_006742,ACC_00558,ACC_00534,3149.29,2026-01-29T15:13:00
TXN_006743,ACC_00648,ACC_00690,912.51,2026-01-10T18:35:00
TXN_006744,ACC_00536,ACC_00537,555.78,2026-01-04T11:27:00
TXN_006745,ACC_00199,ACC_00189,3332.01,2026-01-25T05:26:00
TXN_006746,ACC_00511,ACC_00528,4607.62,2026-01-18T09:17:00
TXN_006747,ACC_00366,ACC_00303,730.48,2026-01-16T09:19:00
TXN_006748,ACC_00371,ACC_00383,2703.98,2026-01-30T06:50:00
TXN_006749,ACC_00928,ACC_00957,2569.83,2026-01-20T12:24:00
TXN_006750,ACC_00169,ACC_00200,4311.16,2026-01-13T17:14:00
TXN_006751,ACC_00134,ACC_00149,837.4,2026-01-07T02:59:00
TXN_006752,ACC_00134,ACC_00185,1226.71,2026-01-24T18:24:00
TXN_006753,ACC_00342,ACC_00335,4498.01,2026-01-03T17:10:00
TXN_006754,ACC_00124,ACC_00157,2713.1,2026-01-08T16:34:00
TXN_006755,ACC_00602,ACC_00626,2545.71,2026-01-01T01:46:00
TXN_006756,ACC_00638,ACC_00660,240.59,2026-01-22T23:27:00
TXN_006757,ACC_00902,ACC_00954,2183.1,2026-01-22T23:44:00
TXN_006758,ACC_00831,ACC_00900,1892.31,2026-01-22T03:56:00
TXN_006759,ACC_00948,ACC_00901,2111.13,2026-01-22T23:45:00
TXN_006760,ACC_00789,ACC_00709,2086.02,2026-01-29T23:14:00
TXN_006761,ACC_00164,ACC_00119,1416.88,2026-01-02T21:39:00
TXN_006762,ACC_00867,ACC_00851,256.14,2026-01-26T12:40:00
TXN_006763,ACC_00414,ACC_00465,4071.47,2026-01-18T17:54:00
TXN_006764,ACC_00306,ACC_00329,1941.74,2026-01-08T08:46:00
TXN_006765,ACC_00484,ACC_00443,1290.95,2026-01-19T05:34:00
TXN_006766,ACC_00660,ACC_00639,2948.22,2026-01-05T23:15:00
TXN_006767,ACC_00152,ACC_00105,3592.44,2026-01-15T16:41:00
TXN_006768,ACC_00378,ACC_00388,1940.65,2026-01-01T22:19:00
TXN_006769,ACC_00473,ACC_00405,3599.4,2026-01-26T16:38:00
TXN_006770,ACC_00783,ACC_00702,1498.86,2026-01-11T10:38:00
TXN_006771,ACC_00585,ACC_00515,2258.64,2026-01-28T03:11:00
TXN_006772,ACC_00016,ACC_00071,3689.59,2026-01-04T03:31:00
TXN_006773,ACC_00572,ACC_00574,947.26,2026-01-05T13:03:00
TXN_006774,ACC_00819,ACC_00875,2328.09,2026-01-18T19:21:00
TXN_006775,ACC_00060,ACC_00036,598.15,2026-01-08T23:18:00
TXN_006776,ACC_00532,ACC_00509,1252.35,2026-01-28T05:34:00
TXN_006777,ACC_00694,ACC_00618,4763.48,2026-01-16T12:23:00
TXN_006778,ACC_00601,ACC_00618,574.28,2026-01-08T22:18:00
TXN_006779,ACC_00995,ACC_00997,2756.51,2026-01-02T03:23:00
TXN_006780,ACC_00859,ACC_00847,2576.85,2026-01-13T13:50:00
TXN_006781,ACC_00278,ACC_00230,3865.79,2026-01-10T01:20:00
TXN_006782,ACC_00570,ACC_00530,4139.5,2026-01-23T21:56:00
TXN_006783,ACC_00388,ACC_00380,422.59,2026-01-30T01:42:00
TXN_006784,ACC_00647,ACC_00658,4428.09,2026-01-11T21:23:00
TXN_006785,ACC_00511,ACC_00562,1696.98,2026-01-15T04:14:00
TXN_006786,ACC_00449,ACC_00474,3859.73,2026-01-10T21:45:00
TXN_006787,ACC_00516,ACC_00504,3674.68,2026-01-08T09:57:00
TXN_006788,ACC_00407,ACC_00498,761.2,2026-01-05T00:35:00
TXN_006789,ACC_00832,ACC_00825,2861.07,2026-01-04T22:47:00
TXN_006790,ACC_00566,ACC_00582,3535.6,2026-01-27T12:41:00
TXN_006791,ACC_00975,ACC_00902,1700.99,2026-01-11T00:53:00
TXN_006792,ACC_00959,ACC_00913,4645.45,2026-01-23T10:14:00
TXN_006793,ACC_00163,ACC_00190,969.31,2026-01-02T05:18:00
TXN_006794,ACC_00553,ACC_00565,4538.7,2026-01-21T13:35:00
TXN_006795,ACC_00939,ACC_00910,1275.71,2026-01-06T21:31:00
TXN_006796,ACC_00601,ACC_00643,4816.25,2026-01-05T05:49:00
TXN_006797,ACC_00470,ACC_00430,3159.67,2026-01-29T21:08:00
TXN_006798,ACC_00942,ACC_00927,2246.61,2026-01-11T21:07:00
TXN_006799,ACC_00834,ACC_00815,2273.19,2026-01-26T08:46:00
TXN_006800,ACC_00659,ACC_00660,4289.97,2026-01-20T19:46:00
TXN_006801,ACC_00050,ACC_00036,1557.72,2026-01-11T05:08:00
TXN_006802,ACC_00992,ACC_00959,3344.8,2026-01-29T21:36:00
TXN_006803,ACC_00311,ACC_00382,3803.92,2026-01-22T12:00:00
TXN_006804,ACC_00030,ACC_00029,1328.34,2026-01-09T01:22:00
TXN_006805,ACC_00696,ACC_00693,1673.32,2026-01-21T12:49:00
TXN_006806,ACC_00734,ACC_00744,3899.61,2026-01-06T07:02:00
TXN_006807,ACC_00470,ACC_00436,4295.34,2026-01-25T06:32:00
TXN_006808,ACC_00939,ACC_00990,3629.56,2026-01-20T23:16:00
TXN_006809,ACC_00315,ACC_00370,4954.23,2026-01-05T05:17:00
TXN_006810,ACC_00603,ACC_00644,819.37,2026-01-14T04:13:00
TXN_006811,ACC_00059,ACC_00077,4456.09,2026-01-27T13:31:00
TXN_006812,ACC_00575,ACC_00592,4015.7,2026-01-14T14:28:00
TXN_006813,ACC_00616,ACC_00614,265.61,2026-01-05T21:25:00
TXN_006814,ACC_00961,ACC_00951,4406.75,2026-01-14T22:58:00
TXN_006815,ACC_00538,ACC_00587,2097.45,2026-01-16T23:29:00
TXN_006816,ACC_00720,ACC_00766,3953.34,2026-01-26T17:25:00
TXN_006817,ACC_00222,ACC_00250,1058.34,2026-01-27T05:49:00
TXN_006818,ACC_00844,ACC_00835,3793.48,2026-01-02T03:00:00
TXN_006819,ACC_00902,ACC_00978,1296.53,2026-01-24T02:17:00
TXN_006820,ACC_00668,ACC_00645,66.92,2026-01-19T23:19:00
TXN_006821,ACC_00649,ACC_00693,3647.28,2026-01-27T20:34:00
TXN_006822,ACC_00284,ACC_00292,347.72,2026-01-19T13:20:00
TXN_006823,ACC_00817,ACC_00853,2387.03,2026-01-25T22:24:00
TXN_006824,ACC_00999,ACC_00957,4452.95,2026-01-21T01:22:00
TXN_006825,ACC_00777,ACC_00748,213.99,2026-01-22T07:36:00
TXN_006826,ACC_00373,ACC_00353,1887.48,2026-01-07T13:37:00
TXN_006827,ACC_00760,ACC_00776,4397.92,2026-01-09T08:41:00
TXN_006828,ACC_00709,ACC_00786,285.32,2026-01-04T21:16:00
TXN_006829,ACC_00798,ACC_00731,624.78,2026-01-17T06:35:00
TXN_006830,ACC_00877,ACC_00854,945.28,2026-01-08T20:17:00
TXN_006831,ACC_00053,ACC_00070,4582.27,2026-01-30T17:25:00
TXN_006832,ACC_00426,ACC_00421,971.04,2026-01-11T13:13:00
TXN_006833,ACC_00307,ACC_00319,3087.75,2026-01-10T19:34:00
TXN_006834,ACC_00333,ACC_00336,122.56,2026-01-18T06:03:00
TXN_006835,ACC_00691,ACC_00604,2834.33,2026-01-18T04:42:00
TXN_006836,ACC_00491,ACC_00430,2000.14,2026-01-01T02:31:00
TXN_006837,ACC_00584,ACC_00517,1711.71,2026-01-09T16:19:00
TXN_006838,ACC_00851,ACC_00842,2997.94,2026-01-07T09:32:00
TXN_006839,ACC_00118,ACC_00165,1219.78,2026-01-16T15:20:00
TXN_006840,ACC_00005,ACC_00049,1276.5,2026-01-13T01:20:00
TXN_006841,ACC_00844,ACC_00837,2399.59,2026-01-25T04:46:00
TXN_006842,ACC_00532,ACC_00514,4809.61,2026-01-06T07:11:00
TXN_006843,ACC_00802,ACC_00833,1816.93,2026-01-08T14:06:00
TXN_006844,ACC_00419,ACC_00468,1626.68,2026-01-01T07:03:00
TXN_006845,ACC_00753,ACC_00798,4853.41,2026-01-14T18:36:00
TXN_006846,ACC_00543,ACC_00504,2790.08,2026-01-22T19:55:00
TXN_006847,ACC_00671,ACC_00668,4803.32,2026-01-30T00:21:00
TXN_006848,ACC_00851,ACC_00804,219.8,2026-01-09T05:04:00
TXN_006849,ACC_00917,ACC_00922,1253.04,2026-01-06T13:37:00
TXN_006850,ACC_00162,ACC_00105,3110.95,2026-01-05T05:36:00
TXN_006851,ACC_00572,ACC_00552,4613.29,2026-01-19T20:58:00
TXN_006852,ACC_01000,ACC_00974,2704.33,2026-01-06T23:52:00
TXN_006853,ACC_00773,ACC_00768,805.8,2026-01-23T00:41:00
TXN_006854,ACC_00864,ACC_00826,1265.48,2026-01-04T11:19:00
TXN_006855,ACC_00240,ACC_00273,3988.05,2026-01-17T11:43:00
TXN_006856,ACC_00274,ACC_00215,4579.41,2026-01-22T13:36:00
TXN_006857,ACC_00951,ACC_00940,583.13,2026-01-14T16:08:00
TXN_006858,ACC_00031,ACC_00025,2714.09,2026-01-09T07:36:00
TXN_006859,ACC_00801,ACC_00861,106.74,2026-01-01T04:54:00
TXN_006860,ACC_00190,ACC_00106,2640.08,2026-01-09T03:17:00
TXN_006861,ACC_00444,ACC_00488,758.81,2026-01-04T14:36:00
TXN_006862,ACC_00019,ACC_00088,3655.81,2026-01-08T05:54:00
TXN_006863,ACC_00011,ACC_00093,1810.65,2026-01-23T06:13:00
TXN_006864,ACC_00535,ACC_00509,1384.38,2026-01-19T03:06:00
TXN_006865,ACC_00780,ACC_00718,4325.79,2026-01-30T23:18:00
TXN_006866,ACC_00108,ACC_00135,2081.11,2026-01-19T11:13:00
TXN_006867,ACC_00741,ACC_00784,3901.8,2026-01-01T19:33:00
TXN_006868,ACC_00522,ACC_00552,2242.11,2026-01-26T23:51:00
TXN_006869,ACC_00422,ACC_00407,4339.93,2026-01-11T11:00:00
TXN_006870,ACC_00608,ACC_00662,4543.65,2026-01-25T07:52:00
TXN_006871,ACC_00538,ACC_00595,4660.7,2026-01-25T16:56:00
TXN_006872,ACC_00326,ACC_00302,4838.3,2026-01-27T01:43:00
TXN_006873,ACC_00864,ACC_00819,3447.08,2026-01-11T19:51:00
TXN_006874,ACC_00351,ACC_00369,62.22,2026-01-30T07:42:00
TXN_006875,ACC_00012,ACC_00034,2232.72,2026-01-16T06:32:00
TXN_006876,ACC_00920,ACC_00930,2012.67,2026-01-07T02:59:00
TXN_006877,ACC_00135,ACC_00195,1717.78,2026-01-25T04:34:00
TXN_006878,ACC_00180,ACC_00182,44.77,2026-01-21T22:46:00
TXN_006879,ACC_00506,ACC_00593,2831.83,2026-01-05T20:43:00
TXN_006880,ACC_00778,ACC_00762,148.27,2026-01-07T00:26:00
TXN_006881,ACC_00245,ACC_00210,662.17,2026-01-27T00:11:00
TXN_006882,ACC_00172,ACC_00120,3621.87,2026-01-26T00:25:00
TXN_006883,ACC_00517,ACC_00531,3528.11,2026-01-11T07:46:00
TXN_006884,ACC_00958,ACC_00901,2880.99,2026-01-13T05:26:00
TXN_006885,ACC_00397,ACC_00362,1708.92,2026-01-27T15:30:00
TXN_006886,ACC_00276,ACC_00214,2682.28,2026-01-16T15:22:00
TXN_006887,ACC_00542,ACC_00516,2152.49,2026-01-04T12:27:00
TXN_006888,ACC_00378,ACC_00383,425.58,2026-01-21T04:33:00
TXN_006889,ACC_00922,ACC_00903,1677.89,2026-01-22T05:42:00
TXN_006890,ACC_00739,ACC_00790,4974.65,2026-01-06T00:54:00
TXN_006891,ACC_00424,ACC_00439,4055.41,2026-01-26T13:04:00
TXN_006892,ACC_00375,ACC_00353,1933.54,2026-01-08T05:04:00
TXN_006893,ACC_00577,ACC_00511,4629.12,2026-01-24T12:50:00
TXN_006894,ACC_00389,ACC_00309,1508.89,2026-01-09T02:13:00
TXN_006895,ACC_00961,ACC_00994,1185.82,2026-01-21T11:00:00
TXN_006896,ACC_00691,ACC_00660,867.54,2026-01-22T20:18:00
TXN_006897,ACC_00439,ACC_00425,1535.53,2026-01-29T21:58:00
TXN_006898,ACC_00539,ACC_00580,2599.27,2026-01-22T01:06:00
TXN_006899,ACC_00278,ACC_00249,2388.0,2026-01-17T11:17:00
TXN_006900,ACC_00552,ACC_00597,1121.77,2026-01-14T23:44:00
TXN_006901,ACC_00887,ACC_00883,4176.24,2026-01-02T22:58:00
TXN_006902,ACC_00974,ACC_00907,1358.35,2026-01-11T07:16:00
TXN_006903,ACC_00883,ACC_00803,1491.18,2026-01-30T03:49:00
TXN_006904,ACC_00461,ACC_00475,4805.43,2026-01-20T01:23:00
TXN_006905,ACC_00093,ACC_00007,1442.53,2026-01-26T19:59:00
TXN_006906,ACC_00909,ACC_00954,2419.82,2026-01-17T03:01:00
TXN_006907,ACC_00754,ACC_00717,4396.12,2026-01-14T02:33:00
TXN_006908,ACC_00649,ACC_00689,638.19,2026-01-07T07:11:00
TXN_006909,ACC_00477,ACC_00420,1111.91,2026-01-02T12:06:00
TXN_006910,ACC_00930,ACC_00907,3804.77,2026-01-28T02:22:00
TXN_006911,ACC_00481,ACC_00408,3397.06,2026-01-05T13:30:00
TXN_006912,ACC_00260,ACC_00231,4721.67,2026-01-05T22:45:00
TXN_006913,ACC_00197,ACC_00159,4099.77,2026-01-09T09:21:00
TXN_006914,ACC_00640,ACC_00609,2461.8,2026-01-12T18:29:00
TXN_006915,ACC_00554,ACC_00574,4395.22,2026-01-01T13:55:00
TXN_006916,ACC_00167,ACC_00135,4592.85,2026-01-06T17:29:00
TXN_006917,ACC_00328,ACC_00343,2642.17,2026-01-28T19:10:00
TXN_006918,ACC_00458,ACC_00440,797.99,2026-01-08T10:40:00
TXN_006919,ACC_00882,ACC_00832,3812.25,2026-01-30T11:06:00
TXN_006920,ACC_00954,ACC_00988,4558.85,2026-01-19T21:46:00
TXN_006921,ACC_00762,ACC_00711,1253.49,2026-01-17T01:28:00
TXN_006922,ACC_00903,ACC_00922,2162.07,2026-01-08T13:29:00
TXN_006923,ACC_00295,ACC_00239,3645.68,2026-01-22T03:52:00
TXN_006924,ACC_00352,ACC_00342,223.1,2026-01-01T11:34:00
TXN_006925,ACC_00319,ACC_00378,89.34,2026-01-26T14:41:00
TXN_006926,ACC_00091,ACC_00082,2167.3,2026-01-03T12:43:00
TXN_006927,ACC_00753,ACC_00709,1565.7,2026-01-30T08:25:00
TXN_006928,ACC_00258,ACC_00265,1254.6,2026-01-23T05:59:00
TXN_006929,ACC_00541,ACC_00534,4692.32,2026-01-30T23:25:00
TXN_006930,ACC_00423,ACC_00483,633.46,2026-01-12T07:31:00
TXN_006931,ACC_00964,ACC_00977,3623.35,2026-01-07T12:51:00
TXN_006932,ACC_00095,ACC_00056,4752.32,2026-01-21T03:44:00
TXN_006933,ACC_00474,ACC_00429,990.3,2026-01-29T07:21:00
TXN_006934,ACC_00388,ACC_00374,2941.54,2026-01-19T05:10:00
TXN_006935,ACC_00441,ACC_00428,4326.98,2026-01-27T20:23:00
TXN_006936,ACC_00523,ACC_00566,2794.1,2026-01-22T08:03:00
TXN_006937,ACC_00343,ACC_00359,1248.12,2026-01-10T00:24:00
TXN_006938,ACC_00813,ACC_00829,108.27,2026-01-12T04:59:00
TXN_006939,ACC_00730,ACC_00736,1250.28,2026-01-16T11:47:00
TXN_006940,ACC_00307,ACC_00324,2121.27,2026-01-11T11:13:00
TXN_006941,ACC_00123,ACC_00120,3793.18,2026-01-14T08:09:00
TXN_006942,ACC_00403,ACC_00482,2698.28,2026-01-26T22:39:00
TXN_006943,ACC_00392,ACC_00359,284.27,2026-01-08T03:47:00
TXN_006944,ACC_00345,ACC_00306,4580.11,2026-01-15T18:06:00
TXN_006945,ACC_00607,ACC_00617,4109.28,2026-01-12T07:28:00
TXN_006946,ACC_00513,ACC_00504,3546.42,2026-01-23T04:27:00
TXN_006947,ACC_00546,ACC_00542,4297.41,2026-01-25T07:37:00
TXN_006948,ACC_00076,ACC_00035,4988.36,2026-01-29T20:33:00
TXN_006949,ACC_00035,ACC_00020,4477.85,2026-01-07T22:21:00
TXN_006950,ACC_00444,ACC_00451,365.32,2026-01-14T21:44:00
TXN_006951,ACC_00980,ACC_00921,4066.93,2026-01-17T21:35:00
TXN_006952,ACC_00117,ACC_00142,2558.35,2026-01-11T14:01:00
TXN_006953,ACC_00063,ACC_00099,386.08,2026-01-24T12:33:00
TXN_006954,ACC_00132,ACC_00194,4518.06,2026-01-16T17:06:00
TXN_006955,ACC_00592,ACC_00596,3648.84,2026-01-11T03:48:00
TXN_006956,ACC_00479,ACC_00433,3086.19,2026-01-04T02:41:00
TXN_006957,ACC_00715,ACC_00743,4293.02,2026-01-23T15:05:00
TXN_006958,ACC_00546,ACC_00564,4471.74,2026-01-06T12:27:00
TXN_006959,ACC_00656,ACC_00630,4794.37,2026-01-08T21:42:00
TXN_006960,ACC_00236,ACC_00253,97.07,2026-01-12T04:43:00
TXN_006961,ACC_00616,ACC_00696,679.3,2026-01-19T16:23:00
TXN_006962,ACC_00186,ACC_00169,1829.77,2026-01-30T21:45:00
TXN_006963,ACC_00631,ACC_00641,56.2,2026-01-06T23:32:00
TXN_006964,ACC_00059,ACC_00056,1570.18,2026-01-04T07:54:00
TXN_006965,ACC_00420,ACC_00408,3039.5,2026-01-15T07:24:00
TXN_006966,ACC_00665,ACC_00646,2105.93,2026-01-30T16:18:00
TXN_006967,ACC_00759,ACC_00710,957.34,2026-01-14T22:18:00
TXN_006968,ACC_00389,ACC_00355,4565.39,2026-01-02T02:11:00
TXN_006969,ACC_00806,ACC_00896,199.33,2026-01-27T23:33:00
TXN_006970,ACC_00011,ACC_00037,3666.34,2026-01-20T00:07:00
TXN_006971,ACC_00094,ACC_00028,752.51,2026-01-28T07:14:00
TXN_006972,ACC_00868,ACC_00865,499.83,2026-01-26T08:41:00
TXN_006973,ACC_00927,ACC_00905,3998.25,2026-01-13T18:58:00
TXN_006974,ACC_00685,ACC_00615,4691.97,2026-01-18T13:28:00
TXN_006975,ACC_00867,ACC_00815,4834.76,2026-01-19T13:14:00
TXN_006976,ACC_00791,ACC_00769,452.09,2026-01-17T00:49:00
TXN_006977,ACC_00554,ACC_00577,4965.13,2026-01-03T01:58:00
TXN_006978,ACC_00085,ACC_00076,1677.02,2026-01-18T09:02:00
TXN_006979,ACC_00698,ACC_00672,3795.73,2026-01-25T09:47:00
TXN_006980,ACC_00662,ACC_00623,181.03,2026-01-24T20:21:00
TXN_006981,ACC_00720,ACC_00792,791.4,2026-01-23T05:19:00
TXN_006982,ACC_00093,ACC_00082,570.18,2026-01-26T05:05:00
TXN_006983,ACC_00458,ACC_00420,973.85,2026-01-29T18:36:00
TXN_006984,ACC_00346,ACC_00354,98.54,2026-01-13T20:48:00
TXN_006985,ACC_00829,ACC_00894,4797.54,2026-01-02T07:26:00
TXN_006986,ACC_00307,ACC_00399,3022.27,2026-01-19T05:16:00
TXN_006987,ACC_00898,ACC_00877,3147.77,2026-01-27T13:52:00
TXN_006988,ACC_00948,ACC_00914,1283.96,2026-01-30T04:44:00
TXN_006989,ACC_00478,ACC_00471,2064.16,2026-01-10T07:16:00
TXN_006990,ACC_00134,ACC_00150,1324.54,2026-01-22T21:10:00
TXN_006991,ACC_00056,ACC_00049,2580.36,2026-01-24T23:27:00
TXN_006992,ACC_00658,ACC_00648,4343.3,2026-01-04T02:41:00
TXN_006993,ACC_00598,ACC_00563,429.17,2026-01-05T14:17:00
TXN_006994,ACC_00446,ACC_00456,1761.96,2026-01-03T01:37:00
TXN_006995,ACC_00947,ACC_00952,4984.59,2026-01-10T10:20:00
TXN_006996,ACC_00397,ACC_00312,253.58,2026-01-23T22:15:00
TXN_006997,ACC_00727,ACC_00776,91.12,2026-01-07T16:04:00
TXN_006998,ACC_00018,ACC_00045,4176.12,2026-01-25T02:05:00
TXN_006999,ACC_00555,ACC_00543,1208.73,2026-01-10T17:39:00
TXN_007000,ACC_00791,ACC_00762,3975.06,2026-01-22T22:35:00
TXN_007001,ACC_00087,ACC_00026,1898.86,2026-01-05T12:35:00
TXN_007002,ACC_00862,ACC_00814,3916.0,2026-01-27T22:30:00
TXN_007003,ACC_00614,ACC_00648,2742.05,2026-01-13T21:17:00
TXN_007004,ACC_00202,ACC_00214,1320.48,2026-01-07T12:49:00
TXN_007005,ACC_00018,ACC_00048,1691.71,2026-01-14T04:50:00
TXN_007006,ACC_00085,ACC_00008,1485.98,2026-01-16T13:39:00
TXN_007007,ACC_00065,ACC_00096,3332.38,2026-01-02T15:50:00
TXN_007008,ACC_00971,ACC_00927,4234.71,2026-01-26T20:26:00
TXN_007009,ACC_00681,ACC_00659,2606.94,2026-01-11T18:45:00
TXN_007010,ACC_00718,ACC_00740,496.01,2026-01-18T04:20:00
TXN_007011,ACC_00302,ACC_00326,1251.17,2026-01-13T20:07:00
TXN_007012,ACC_00399,ACC_00386,147.21,2026-01-03T16:55:00
TXN_007013,ACC_00911,ACC_00938,1571.23,2026-01-11T04:00:00
TXN_007014,ACC_00940,ACC_00980,4929.72,2026-01-11T06:52:00
TXN_007015,ACC_00789,ACC_00792,540.72,2026-01-13T15:37:00
TXN_007016,ACC_00973,ACC_00983,1577.32,2026-01-19T18:51:00
TXN_007017,ACC_00453,ACC_00497,771.49,2026-01-18T15:14:00
TXN_007018,ACC_00964,ACC_00989,1802.54,2026-01-09T20:36:00
TXN_007019,ACC_00878,ACC_00849,734.91,2026-01-08T03:13:00
TXN_007020,ACC_00258,ACC_00300,3162.86,2026-01-15T21:30:00
TXN_007021,ACC_00001,ACC_00022,1256.56,2026-01-06T19:08:00
TXN_007022,ACC_00229,ACC_00237,1867.68,2026-01-02T18:32:00
TXN_007023,ACC_00758,ACC_00714,1803.53,2026-01-09T09:28:00
TXN_007024,ACC_00567,ACC_00573,4132.07,2026-01-02T23:29:00
TXN_007025,ACC_00167,ACC_00181,3863.29,2026-01-08T13:19:00
TXN_007026,ACC_00802,ACC_00844,2069.96,2026-01-04T03:51:00
TXN_007027,ACC_00606,ACC_00691,4007.18,2026-01-25T16:17:00
TXN_007028,ACC_00228,ACC_00275,2444.11,2026-01-06T18:48:00
TXN_007029,ACC_00838,ACC_00899,2434.71,2026-01-13T12:49:00
TXN_007030,ACC_00905,ACC_00975,1914.27,2026-01-26T08:15:00
TXN_007031,ACC_00354,ACC_00311,711.27,2026-01-15T20:29:00
TXN_007032,ACC_00679,ACC_00642,4053.46,2026-01-26T02:33:00
TXN_007033,ACC_00439,ACC_00420,732.29,2026-01-01T16:10:00
TXN_007034,ACC_00489,ACC_00472,1262.8,2026-01-07T18:56:00
TXN_007035,ACC_00851,ACC_00825,1229.14,2026-01-04T05:00:00
TXN_007036,ACC_00731,ACC_00760,1508.02,2026-01-04T11:53:00
TXN_007037,ACC_00029,ACC_00010,4567.86,2026-01-06T00:00:00
TXN_007038,ACC_00090,ACC_00020,3398.41,2026-01-18T07:20:00
TXN_007039,ACC_00916,ACC_00934,3025.37,2026-01-06T12:44:00
TXN_007040,ACC_00386,ACC_00374,41.94,2026-01-19T14:28:00
TXN_007041,ACC_00104,ACC_00134,4654.09,2026-01-21T16:06:00
TXN_007042,ACC_00165,ACC_00173,4155.79,2026-01-06T15:35:00
TXN_007043,ACC_00979,ACC_00917,4236.52,2026-01-15T08:25:00
TXN_007044,ACC_00685,ACC_00687,723.64,2026-01-28T06:32:00
TXN_007045,ACC_00493,ACC_00463,2805.39,2026-01-19T14:57:00
TXN_007046,ACC_00338,ACC_00309,1110.02,2026-01-03T01:26:00
TXN_007047,ACC_00136,ACC_00112,3780.54,2026-01-10T00:16:00
TXN_007048,ACC_00814,ACC_00815,3171.11,2026-01-26T14:15:00
TXN_007049,ACC_00402,ACC_00444,3490.06,2026-01-04T21:51:00
TXN_007050,ACC_00321,ACC_00341,588.06,2026-01-29T22:52:00
TXN_007051,ACC_00986,ACC_00901,1565.98,2026-01-15T02:17:00
TXN_007052,ACC_00065,ACC_00047,16.8,2026-01-19T20:16:00
TXN_007053,ACC_00407,ACC_00450,509.44,2026-01-21T15:03:00
TXN_007054,ACC_00859,ACC_00868,355.35,2026-01-10T16:18:00
TXN_007055,ACC_00314,ACC_00334,3817.01,2026-01-17T02:19:00
TXN_007056,ACC_00635,ACC_00641,634.46,2026-01-22T13:31:00
TXN_007057,ACC_00259,ACC_00242,3002.22,2026-01-22T11:58:00
TXN_007058,ACC_00059,ACC_00093,146.33,2026-01-13T04:25:00
TXN_007059,ACC_00358,ACC_00334,3095.0,2026-01-12T18:06:00
TXN_007060,ACC_00979,ACC_00968,28.51,2026-01-21T11:16:00
TXN_007061,ACC_00332,ACC_00378,3543.01,2026-01-05T20:22:00
TXN_007062,ACC_00696,ACC_00679,453.92,2026-01-14T03:35:00
TXN_007063,ACC_00639,ACC_00610,4168.94,2026-01-01T04:42:00
TXN_007064,ACC_00029,ACC_00022,3797.8,2026-01-20T09:59:00
TXN_007065,ACC_00745,ACC_00730,3517.09,2026-01-03T23:23:00
TXN_007066,ACC_00806,ACC_00845,4628.04,2026-01-23T06:01:00
TXN_007067,ACC_00631,ACC_00612,415.26,2026-01-02T15:32:00
TXN_007068,ACC_00878,ACC_00852,1668.11,2026-01-30T07:25:00
TXN_007069,ACC_00613,ACC_00622,1137.04,2026-01-15T15:50:00
TXN_007070,ACC_00050,ACC_00037,316.55,2026-01-01T23:17:00
TXN_007071,ACC_00738,ACC_00767,2324.76,2026-01-19T04:54:00
TXN_007072,ACC_00472,ACC_00449,3184.39,2026-01-29T22:13:00
TXN_007073,ACC_00876,ACC_00835,1269.1,2026-01-24T03:42:00
TXN_007074,ACC_00160,ACC_00102,1239.82,2026-01-30T13:34:00
TXN_007075,ACC_00104,ACC_00107,3991.68,2026-01-21T18:04:00
TXN_007076,ACC_00097,ACC_00010,2436.57,2026-01-21T05:31:00
TXN_007077,ACC_00384,ACC_00362,2874.87,2026-01-15T06:05:00
TXN_007078,ACC_00477,ACC_00426,4081.21,2026-01-10T04:37:00
TXN_007079,ACC_00057,ACC_00068,562.13,2026-01-05T16:47:00
TXN_007080,ACC_00157,ACC_00114,3520.39,2026-01-27T02:40:00
TXN_007081,ACC_00607,ACC_00605,3084.28,2026-01-13T15:41:00
TXN_007082,ACC_00212,ACC_00235,1475.69,2026-01-14T01:03:00
TXN_007083,ACC_00543,ACC_00576,2244.22,2026-01-20T05:53:00
TXN_007084,ACC_00330,ACC_00386,1522.16,2026-01-24T14:52:00
TXN_007085,ACC_00994,ACC_00953,1876.39,2026-01-16T14:02:00
TXN_007086,ACC_00230,ACC_00273,2405.42,2026-01-05T22:56:00
TXN_007087,ACC_00028,ACC_00094,1807.36,2026-01-11T15:44:00
TXN_007088,ACC_00097,ACC_00008,3089.77,2026-01-15T03:49:00
TXN_007089,ACC_00975,ACC_00924,3136.27,2026-01-18T12:13:00
TXN_007090,ACC_00528,ACC_00593,3590.99,2026-01-18T13:31:00
TXN_007091,ACC_00962,ACC_00983,1184.44,2026-01-21T18:28:00
TXN_007092,ACC_00728,ACC_00773,3819.11,2026-01-14T19:26:00
TXN_007093,ACC_00235,ACC_00265,3591.11,2026-01-23T13:00:00
TXN_007094,ACC_00226,ACC_00296,4115.19,2026-01-26T11:50:00
TXN_007095,ACC_00849,ACC_00843,4179.61,2026-01-12T02:04:00
TXN_007096,ACC_00262,ACC_00285,2771.51,2026-01-18T15:49:00
TXN_007097,ACC_00134,ACC_00190,4955.25,2026-01-04T13:27:00
TXN_007098,ACC_00336,ACC_00374,3957.24,2026-01-10T03:16:00
TXN_007099,ACC_00778,ACC_00750,4686.76,2026-01-21T00:56:00
TXN_007100,ACC_00601,ACC_00647,2800.48,2026-01-17T13:24:00
TXN_007101,ACC_00162,ACC_00130,2317.91,2026-01-15T12:54:00
TXN_007102,ACC_00216,ACC_00292,1949.02,2026-01-06T12:38:00
TXN_007103,ACC_00504,ACC_00551,2790.89,2026-01-27T17:38:00
TXN_007104,ACC_00348,ACC_00397,1971.79,2026-01-12T23:14:00
TXN_007105,ACC_00627,ACC_00676,3472.87,2026-01-25T08:29:00
TXN_007106,ACC_00702,ACC_00714,3316.48,2026-01-14T11:16:00
TXN_007107,ACC_00547,ACC_00563,4236.31,2026-01-01T05:21:00
TXN_007108,ACC_00377,ACC_00392,1260.18,2026-01-11T19:14:00
TXN_007109,ACC_00261,ACC_00290,3624.25,2026-01-05T12:11:00
TXN_007110,ACC_00651,ACC_00696,4824.74,2026-01-27T13:00:00
TXN_007111,ACC_00542,ACC_00517,4170.42,2026-01-28T12:05:00
TXN_007112,ACC_00043,ACC_00004,4620.34,2026-01-29T06:26:00
TXN_007113,ACC_00607,ACC_00601,3337.38,2026-01-03T04:19:00
TXN_007114,ACC_00186,ACC_00199,424.99,2026-01-03T12:29:00
TXN_007115,ACC_00555,ACC_00510,361.36,2026-01-19T21:35:00
TXN_007116,ACC_00959,ACC_00925,1297.04,2026-01-26T13:41:00
TXN_007117,ACC_00499,ACC_00496,3137.73,2026-01-29T09:00:00
TXN_007118,ACC_00118,ACC_00112,16.02,2026-01-11T12:18:00
TXN_007119,ACC_00866,ACC_00818,3821.27,2026-01-30T19:35:00
TXN_007120,ACC_00839,ACC_00886,4162.72,2026-01-18T02:06:00
TXN_007121,ACC_00907,ACC_00998,4264.96,2026-01-26T12:24:00
TXN_007122,ACC_00717,ACC_00726,377.15,2026-01-10T22:10:00
TXN_007123,ACC_00486,ACC_00434,633.1,2026-01-25T02:03:00
TXN_007124,ACC_00781,ACC_00732,4959.36,2026-01-29T14:05:00
TXN_007125,ACC_00541,ACC_00593,360.33,2026-01-20T01:38:00
TXN_007126,ACC_00217,ACC_00210,2739.28,2026-01-25T03:14:00
TXN_007127,ACC_00203,ACC_00253,3755.76,2026-01-10T17:00:00
TXN_007128,ACC_00894,ACC_00851,616.61,2026-01-14T01:56:00
TXN_007129,ACC_00609,ACC_00682,3140.62,2026-01-29T15:47:00
TXN_007130,ACC_00304,ACC_00320,2073.17,2026-01-09T15:04:00
TXN_007131,ACC_00189,ACC_00181,3041.68,2026-01-20T20:37:00
TXN_007132,ACC_00665,ACC_00625,4566.17,2026-01-15T10:06:00
TXN_007133,ACC_00976,ACC_00909,4239.61,2026-01-19T20:00:00
TXN_007134,ACC_00636,ACC_00602,745.24,2026-01-12T02:18:00
TXN_007135,ACC_00986,ACC_00909,3673.52,2026-01-27T00:18:00
TXN_007136,ACC_00244,ACC_00218,754.43,2026-01-25T06:53:00
TXN_007137,ACC_00659,ACC_00614,1908.87,2026-01-08T22:56:00
TXN_007138,ACC_00931,ACC_00960,1307.58,2026-01-27T12:58:00
TXN_007139,ACC_00973,ACC_00942,4682.05,2026-01-08T12:40:00
TXN_007140,ACC_00524,ACC_00579,3810.44,2026-01-19T20:42:00
TXN_007141,ACC_00439,ACC_00488,1399.32,2026-01-24T16:14:00
TXN_007142,ACC_00396,ACC_00381,3836.05,2026-01-20T12:48:00
TXN_007143,ACC_00856,ACC_00865,4361.82,2026-01-06T03:23:00
TXN_007144,ACC_00110,ACC_00140,1111.72,2026-01-11T03:05:00
TXN_007145,ACC_00633,ACC_00604,3540.59,2026-01-28T12:49:00
TXN_007146,ACC_00042,ACC_00072,2399.72,2026-01-23T17:47:00
TXN_007147,ACC_00541,ACC_00590,2973.22,2026-01-16T19:48:00
TXN_007148,ACC_00099,ACC_00082,3496.02,2026-01-18T16:30:00
TXN_007149,ACC_00300,ACC_00262,2399.76,2026-01-25T03:36:00
TXN_007150,ACC_00907,ACC_00922,2889.87,2026-01-17T05:12:00
TXN_007151,ACC_00203,ACC_00292,4773.1,2026-01-13T03:01:00
TXN_007152,ACC_00360,ACC_00322,2068.16,2026-01-06T06:57:00
TXN_007153,ACC_00651,ACC_00693,1089.66,2026-01-02T00:33:00
TXN_007154,ACC_00342,ACC_00366,371.58,2026-01-14T12:21:00
TXN_007155,ACC_00023,ACC_00080,1730.06,2026-01-15T12:57:00
TXN_007156,ACC_00976,ACC_00973,2347.35,2026-01-23T06:53:00
TXN_007157,ACC_00393,ACC_00359,985.87,2026-01-26T23:57:00
TXN_007158,ACC_00563,ACC_00575,3820.57,2026-01-15T08:59:00
TXN_007159,ACC_00173,ACC_00183,1281.73,2026-01-07T15:31:00
TXN_007160,ACC_00735,ACC_00788,376.72,2026-01-04T21:12:00
TXN_007161,ACC_00787,ACC_00728,4816.24,2026-01-18T19:38:00
TXN_007162,ACC_00702,ACC_00728,2134.23,2026-01-25T00:23:00
TXN_007163,ACC_00551,ACC_00584,4315.6,2026-01-22T01:44:00
TXN_007164,ACC_00114,ACC_00121,4740.89,2026-01-17T14:25:00
TXN_007165,ACC_00494,ACC_00421,1047.89,2026-01-10T08:13:00
TXN_007166,ACC_00070,ACC_00006,1995.63,2026-01-17T10:50:00
TXN_007167,ACC_00305,ACC_00396,3500.13,2026-01-24T03:03:00
TXN_007168,ACC_00922,ACC_00981,4971.19,2026-01-12T12:03:00
TXN_007169,ACC_00818,ACC_00866,1123.63,2026-01-22T05:21:00
TXN_007170,ACC_00215,ACC_00206,3417.93,2026-01-22T11:13:00
TXN_007171,ACC_00868,ACC_00826,867.11,2026-01-04T18:54:00
TXN_007172,ACC_00730,ACC_00792,4908.13,2026-01-20T10:08:00
TXN_007173,ACC_00470,ACC_00445,927.62,2026-01-07T19:07:00
TXN_007174,ACC_00718,ACC_00701,3089.74,2026-01-03T21:57:00
TXN_007175,ACC_00071,ACC_00038,2728.4,2026-01-07T06:26:00
TXN_007176,ACC_00487,ACC_00409,3412.57,2026-01-20T21:09:00
TXN_007177,ACC_00263,ACC_00279,3812.54,2026-01-20T13:32:00
TXN_007178,ACC_00381,ACC_00351,340.45,2026-01-15T20:20:00
TXN_007179,ACC_00994,ACC_00942,1666.76,2026-01-17T02:05:00
TXN_007180,ACC_00003,ACC_00047,171.48,2026-01-04T16:12:00
TXN_007181,ACC_00180,ACC_00139,3845.23,2026-01-25T11:23:00
TXN_007182,ACC_00217,ACC_00255,1047.88,2026-01-08T20:52:00
TXN_007183,ACC_00002,ACC_00027,63.57,2026-01-20T00:56:00
TXN_007184,ACC_00718,ACC_00717,1617.97,2026-01-11T22:49:00
TXN_007185,ACC_00296,ACC_00284,1162.26,2026-01-25T01:45:00
TXN_007186,ACC_00386,ACC_00335,4387.01,2026-01-07T11:28:00
TXN_007187,ACC_00426,ACC_00459,4036.32,2026-01-16T01:25:00
TXN_007188,ACC_00915,ACC_00956,716.31,2026-01-27T02:00:00
TXN_007189,ACC_00804,ACC_00878,4357.29,2026-01-06T02:10:00
TXN_007190,ACC_00629,ACC_00616,4202.77,2026-01-20T04:57:00
TXN_007191,ACC_00679,ACC_00650,2361.51,2026-01-26T09:39:00
TXN_007192,ACC_00402,ACC_00432,4292.06,2026-01-10T09:22:00
TXN_007193,ACC_00448,ACC_00436,330.75,2026-01-12T12:02:00
TXN_007194,ACC_00050,ACC_00013,1960.91,2026-01-20T20:06:00
TXN_007195,ACC_00960,ACC_00901,3432.01,2026-01-02T09:27:00
TXN_007196,ACC_00438,ACC_00495,2766.07,2026-01-16T01:51:00
TXN_007197,ACC_00143,ACC_00194,483.97,2026-01-30T20:24:00
TXN_007198,ACC_00639,ACC_00619,4727.4,2026-01-27T09:37:00
TXN_007199,ACC_00267,ACC_00201,656.67,2026-01-27T16:26:00
TXN_007200,ACC_00116,ACC_00146,1596.08,2026-01-01T06:37:00
TXN_007201,ACC_00084,ACC_00079,3080.22,2026-01-19T13:35:00
TXN_007202,ACC_00613,ACC_00694,619.62,2026-01-09T21:08:00
TXN_007203,ACC_00291,ACC_00243,807.39,2026-01-17T22:50:00
TXN_007204,ACC_00390,ACC_00321,3306.69,2026-01-07T01:26:00
TXN_007205,ACC_00807,ACC_00842,4188.89,2026-01-23T21:38:00
TXN_007206,ACC_00359,ACC_00383,3183.45,2026-01-21T06:07:00
TXN_007207,ACC_00345,ACC_00335,4773.69,2026-01-03T14:32:00
TXN_007208,ACC_00464,ACC_00452,4692.71,2026-01-08T22:26:00
TXN_007209,ACC_00377,ACC_00347,3860.23,2026-01-03T03:02:00
TXN_007210,ACC_00115,ACC_00143,4087.19,2026-01-08T05:50:00
TXN_007211,ACC_00565,ACC_00588,4175.77,2026-01-20T19:34:00
TXN_007212,ACC_00758,ACC_00791,2765.29,2026-01-25T17:25:00
TXN_007213,ACC_00252,ACC_00206,421.46,2026-01-11T01:26:00
TXN_007214,ACC_00736,ACC_00769,103.22,2026-01-27T17:46:00
TXN_007215,ACC_00303,ACC_00333,4013.68,2026-01-17T07:50:00
TXN_007216,ACC_00865,ACC_00801,2359.73,2026-01-27T23:43:00
TXN_007217,ACC_00856,ACC_00809,4135.82,2026-01-15T02:03:00
TXN_007218,ACC_00223,ACC_00278,1846.2,2026-01-11T00:30:00
TXN_007219,ACC_00589,ACC_00599,3307.15,2026-01-14T10:14:00
TXN_007220,ACC_00577,ACC_00524,1636.67,2026-01-03T01:21:00
TXN_007221,ACC_00573,ACC_00553,1612.66,2026-01-21T03:49:00
TXN_007222,ACC_00777,ACC_00778,543.8,2026-01-05T00:24:00
TXN_007223,ACC_00358,ACC_00376,1125.26,2026-01-25T22:50:00
TXN_007224,ACC_00498,ACC_00443,2064.27,2026-01-22T06:53:00
TXN_007225,ACC_00257,ACC_00233,3837.6,2026-01-15T19:08:00
TXN_007226,ACC_00112,ACC_00150,2751.97,2026-01-01T00:36:00
TXN_007227,ACC_00568,ACC_00574,4558.7,2026-01-22T03:38:00
TXN_007228,ACC_00097,ACC_00014,3299.89,2026-01-16T20:47:00
TXN_007229,ACC_00224,ACC_00215,1015.07,2026-01-10T08:01:00
TXN_007230,ACC_00877,ACC_00900,313.33,2026-01-18T02:38:00
TXN_007231,ACC_00826,ACC_00835,2168.79,2026-01-21T20:48:00
TXN_007232,ACC_00117,ACC_00186,3181.74,2026-01-24T02:25:00
TXN_007233,ACC_00876,ACC_00880,45.09,2026-01-11T08:15:00
TXN_007234,ACC_00736,ACC_00750,3704.96,2026-01-05T19:35:00
TXN_007235,ACC_00394,ACC_00374,3777.96,2026-01-28T12:03:00
TXN_007236,ACC_00774,ACC_00777,2338.05,2026-01-06T18:19:00
TXN_007237,ACC_00590,ACC_00551,4562.7,2026-01-03T05:07:00
TXN_007238,ACC_00328,ACC_00367,3743.36,2026-01-23T02:34:00
TXN_007239,ACC_00887,ACC_00846,2571.69,2026-01-07T14:57:00
TXN_007240,ACC_00879,ACC_00866,2567.52,2026-01-19T01:09:00
TXN_007241,ACC_00170,ACC_00199,3881.95,2026-01-12T18:01:00
TXN_007242,ACC_00960,ACC_00951,265.24,2026-01-12T01:06:00
TXN_007243,ACC_00902,ACC_00983,2356.62,2026-01-01T04:26:00
TXN_007244,ACC_00776,ACC_00737,2916.14,2026-01-29T00:15:00
TXN_007245,ACC_00994,ACC_00984,3911.35,2026-01-14T12:36:00
TXN_007246,ACC_00560,ACC_00588,3300.64,2026-01-30T05:51:00
TXN_007247,ACC_00436,ACC_00415,2264.98,2026-01-02T23:12:00
TXN_007248,ACC_00922,ACC_00996,685.83,2026-01-20T09:21:00
TXN_007249,ACC_00537,ACC_00584,1495.61,2026-01-11T13:41:00
TXN_007250,ACC_00746,ACC_00773,3449.95,2026-01-05T23:11:00
TXN_007251,ACC_00094,ACC_00034,1711.0,2026-01-12T08:30:00
TXN_007252,ACC_00827,ACC_00879,1653.66,2026-01-24T11:18:00
TXN_007253,ACC_00995,ACC_00907,4063.75,2026-01-22T00:41:00
TXN_007254,ACC_00955,ACC_00947,4276.81,2026-01-24T00:59:00
TXN_007255,ACC_00765,ACC_00797,4610.44,2026-01-11T03:32:00
TXN_007256,ACC_00743,ACC_00754,369.5,2026-01-26T03:06:00
TXN_007257,ACC_00768,ACC_00740,4955.0,2026-01-10T22:12:00
TXN_007258,ACC_00063,ACC_00089,293.38,2026-01-10T13:56:00
TXN_007259,ACC_00784,ACC_00786,4033.79,2026-01-05T10:53:00
TXN_007260,ACC_00760,ACC_00750,4402.01,2026-01-05T06:35:00
TXN_007261,ACC_00341,ACC_00385,3213.17,2026-01-02T03:53:00
TXN_007262,ACC_00063,ACC_00066,1097.38,2026-01-25T07:55:00
TXN_007263,ACC_00921,ACC_00920,994.88,2026-01-09T16:20:00
TXN_007264,ACC_00842,ACC_00837,1189.12,2026-01-01T14:54:00
TXN_007265,ACC_00353,ACC_00375,3024.03,2026-01-27T18:06:00
TXN_007266,ACC_00271,ACC_00243,3642.95,2026-01-02T23:12:00
TXN_007267,ACC_00312,ACC_00398,4649.19,2026-01-07T06:59:00
TXN_007268,ACC_00641,ACC_00626,2298.42,2026-01-08T05:15:00
TXN_007269,ACC_00589,ACC_00586,4046.22,2026-01-16T01:33:00
TXN_007270,ACC_00480,ACC_00458,1319.78,2026-01-08T02:15:00
TXN_007271,ACC_00025,ACC_00018,1235.88,2026-01-06T19:45:00
TXN_007272,ACC_00763,ACC_00710,2125.17,2026-01-14T06:57:00
TXN_007273,ACC_00943,ACC_00905,1222.7,2026-01-27T15:09:00
TXN_007274,ACC_00541,ACC_00548,3477.35,2026-01-16T16:28:00
TXN_007275,ACC_00020,ACC_00005,2061.26,2026-01-02T20:43:00
TXN_007276,ACC_00733,ACC_00710,2096.3,2026-01-09T20:30:00
TXN_007277,ACC_00434,ACC_00447,1377.73,2026-01-26T15:36:00
TXN_007278,ACC_00751,ACC_00715,547.79,2026-01-08T06:53:00
TXN_007279,ACC_00932,ACC_00985,475.29,2026-01-28T04:09:00
TXN_007280,ACC_00262,ACC_00287,4215.27,2026-01-01T15:35:00
TXN_007281,ACC_00504,ACC_00557,525.81,2026-01-19T10:36:00
TXN_007282,ACC_00222,ACC_00220,3249.05,2026-01-25T14:56:00
TXN_007283,ACC_00047,ACC_00050,1423.58,2026-01-14T11:21:00
TXN_007284,ACC_00889,ACC_00846,3359.27,2026-01-12T07:14:00
TXN_007285,ACC_00448,ACC_00442,2907.36,2026-01-16T11:29:00
TXN_007286,ACC_00017,ACC_00053,3531.41,2026-01-10T15:49:00
TXN_007287,ACC_00601,ACC_00664,2441.57,2026-01-23T16:24:00
TXN_007288,ACC_00878,ACC_00887,4615.43,2026-01-15T04:21:00
TXN_007289,ACC_00330,ACC_00383,2445.91,2026-01-07T05:31:00
TXN_007290,ACC_00374,ACC_00393,317.96,2026-01-28T08:01:00
TXN_007291,ACC_00605,ACC_00604,897.94,2026-01-24T15:29:00
TXN_007292,ACC_00352,ACC_00373,3607.15,2026-01-18T03:49:00
TXN_007293,ACC_00255,ACC_00273,926.87,2026-01-01T18:58:00
TXN_007294,ACC_00220,ACC_00208,2226.17,2026-01-26T16:17:00
TXN_007295,ACC_00587,ACC_00503,529.88,2026-01-19T05:21:00
TXN_007296,ACC_00905,ACC_00956,4693.37,2026-01-30T06:40:00
TXN_007297,ACC_00704,ACC_00793,4781.37,2026-01-04T01:19:00
TXN_007298,ACC_00123,ACC_00105,1043.96,2026-01-03T12:58:00
TXN_007299,ACC_00333,ACC_00340,175.49,2026-01-28T20:01:00
TXN_007300,ACC_00677,ACC_00661,4562.7,2026-01-08T10:41:00
TXN_007301,ACC_00624,ACC_00694,2760.65,2026-01-04T08:42:00
TXN_007302,ACC_00388,ACC_00331,2944.95,2026-01-11T12:32:00
TXN_007303,ACC_00195,ACC_00177,2894.18,2026-01-08T04:05:00
TXN_007304,ACC_00684,ACC_00679,571.25,2026-01-07T16:14:00
TXN_007305,ACC_00529,ACC_00504,434.35,2026-01-22T20:42:00
TXN_007306,ACC_00254,ACC_00206,4489.6,2026-01-03T12:47:00
TXN_007307,ACC_00219,ACC_00266,3265.32,2026-01-11T14:41:00
TXN_007308,ACC_00796,ACC_00736,2275.61,2026-01-09T06:36:00
TXN_007309,ACC_00041,ACC_00037,2802.7,2026-01-29T05:41:00
TXN_007310,ACC_00795,ACC_00770,4446.8,2026-01-25T08:51:00
TXN_007311,ACC_00271,ACC_00219,2007.14,2026-01-03T19:52:00
TXN_007312,ACC_00221,ACC_00289,4154.67,2026-01-24T14:23:00
TXN_007313,ACC_00011,ACC_00022,4880.44,2026-01-20T04:16:00
TXN_007314,ACC_00807,ACC_00838,2085.63,2026-01-12T18:33:00
TXN_007315,ACC_00647,ACC_00665,1626.98,2026-01-27T09:04:00
TXN_007316,ACC_00463,ACC_00453,4224.77,2026-01-01T14:21:00
TXN_007317,ACC_00689,ACC_00603,2138.67,2026-01-30T10:24:00
TXN_007318,ACC_00457,ACC_00420,1292.78,2026-01-29T13:32:00
TXN_007319,ACC_00523,ACC_00547,1095.42,2026-01-21T23:34:00
TXN_007320,ACC_00860,ACC_00889,2351.68,2026-01-12T09:43:00
TXN_007321,ACC_00869,ACC_00834,2213.18,2026-01-01T15:23:00
TXN_007322,ACC_00935,ACC_00954,2397.97,2026-01-15T11:25:00
TXN_007323,ACC_00800,ACC_00707,441.19,2026-01-20T18:01:00
TXN_007324,ACC_00966,ACC_00965,2274.26,2026-01-28T14:38:00
TXN_007325,ACC_00270,ACC_00240,2000.44,2026-01-08T01:22:00
TXN_007326,ACC_00077,ACC_00018,3985.28,2026-01-24T07:56:00
TXN_007327,ACC_00252,ACC_00288,3540.14,2026-01-04T05:46:00
TXN_007328,ACC_00633,ACC_00616,143.96,2026-01-20T21:55:00
TXN_007329,ACC_00526,ACC_00564,3230.91,2026-01-04T09:24:00
TXN_007330,ACC_00605,ACC_00643,3645.89,2026-01-18T14:55:00
TXN_007331,ACC_00670,ACC_00666,3976.54,2026-01-01T11:33:00
TXN_007332,ACC_00189,ACC_00183,1896.21,2026-01-19T06:27:00
TXN_007333,ACC_00774,ACC_00748,329.88,2026-01-29T22:39:00
TXN_007334,ACC_00775,ACC_00768,4488.86,2026-01-09T16:31:00
TXN_007335,ACC_00298,ACC_00234,2787.66,2026-01-07T01:51:00
TXN_007336,ACC_00531,ACC_00548,425.2,2026-01-13T06:58:00
TXN_007337,ACC_00603,ACC_00611,3023.61,2026-01-27T06:01:00
TXN_007338,ACC_00972,ACC_00988,2785.26,2026-01-12T21:50:00
TXN_007339,ACC_00857,ACC_00801,2361.69,2026-01-06T09:26:00
TXN_007340,ACC_00900,ACC_00893,2434.64,2026-01-19T05:19:00
TXN_007341,ACC_00147,ACC_00122,2402.9,2026-01-02T19:02:00
TXN_007342,ACC_00193,ACC_00108,4136.78,2026-01-22T10:46:00
TXN_007343,ACC_00037,ACC_00029,2129.0,2026-01-11T05:41:00
TXN_007344,ACC_00875,ACC_00848,2989.54,2026-01-21T03:28:00
TXN_007345,ACC_00790,ACC_00720,4560.94,2026-01-30T11:54:00
TXN_007346,ACC_00611,ACC_00686,1644.34,2026-01-03T10:39:00
TXN_007347,ACC_00112,ACC_00105,4626.52,2026-01-26T23:18:00
TXN_007348,ACC_00087,ACC_00061,4078.06,2026-01-03T07:42:00
TXN_007349,ACC_00772,ACC_00795,150.1,2026-01-17T11:31:00
TXN_007350,ACC_00202,ACC_00248,751.5,2026-01-03T04:30:00
TXN_007351,ACC_00473,ACC_00461,3433.53,2026-01-08T10:33:00
TXN_007352,ACC_00391,ACC_00388,886.37,2026-01-29T02:46:00
TXN_007353,ACC_00102,ACC_00187,3104.32,2026-01-08T20:01:00
TXN_007354,ACC_00747,ACC_00780,2372.12,2026-01-28T10:41:00
TXN_007355,ACC_00787,ACC_00789,3321.42,2026-01-30T18:17:00
TXN_007356,ACC_00582,ACC_00530,2117.08,2026-01-28T06:25:00
TXN_007357,ACC_00996,ACC_00958,1279.48,2026-01-15T01:45:00
TXN_007358,ACC_00245,ACC_00220,3318.9,2026-01-18T10:58:00
TXN_007359,ACC_00998,ACC_00995,3348.06,2026-01-12T17:42:00
TXN_007360,ACC_00208,ACC_00237,2028.27,2026-01-04T19:04:00
TXN_007361,ACC_00145,ACC_00200,2209.63,2026-01-10T14:40:00
TXN_007362,ACC_00088,ACC_00047,4503.28,2026-01-05T05:29:00
TXN_007363,ACC_00331,ACC_00359,3839.08,2026-01-28T21:07:00
TXN_007364,ACC_00755,ACC_00797,3710.38,2026-01-18T23:57:00
TXN_007365,ACC_00958,ACC_00949,584.91,2026-01-25T06:48:00
TXN_007366,ACC_00699,ACC_00601,1607.95,2026-01-25T03:06:00
TXN_007367,ACC_00799,ACC_00712,1512.88,2026-01-21T20:02:00
TXN_007368,ACC_00047,ACC_00067,3080.73,2026-01-14T13:47:00
TXN_007369,ACC_00667,ACC_00666,1382.41,2026-01-04T14:06:00
TXN_007370,ACC_00979,ACC_00905,300.98,2026-01-24T11:04:00
TXN_007371,ACC_00565,ACC_00552,1423.37,2026-01-08T18:41:00
TXN_007372,ACC_00087,ACC_00046,1284.9,2026-01-21T05:11:00
TXN_007373,ACC_00504,ACC_00573,2892.02,2026-01-29T02:08:00
TXN_007374,ACC_00627,ACC_00624,1875.69,2026-01-12T18:16:00
TXN_007375,ACC_00341,ACC_00319,3685.82,2026-01-21T02:05:00
TXN_007376,ACC_00113,ACC_00115,3460.46,2026-01-05T02:52:00
TXN_007377,ACC_00090,ACC_00067,4005.4,2026-01-17T22:15:00
TXN_007378,ACC_00169,ACC_00133,3390.37,2026-01-19T16:13:00
TXN_007379,ACC_00879,ACC_00871,2986.31,2026-01-15T15:10:00
TXN_007380,ACC_00210,ACC_00232,4135.5,2026-01-17T05:54:00
TXN_007381,ACC_00616,ACC_00665,271.05,2026-01-10T12:59:00
TXN_007382,ACC_00793,ACC_00789,3257.66,2026-01-10T00:52:00
TXN_007383,ACC_00802,ACC_00898,4424.9,2026-01-02T19:33:00
TXN_007384,ACC_00285,ACC_00254,782.77,2026-01-13T01:07:00
TXN_007385,ACC_00964,ACC_00985,53.17,2026-01-07T02:38:00
TXN_007386,ACC_00538,ACC_00570,4114.95,2026-01-08T11:05:00
TXN_007387,ACC_00862,ACC_00871,3594.13,2026-01-05T15:23:00
TXN_007388,ACC_00209,ACC_00298,2357.7,2026-01-13T19:55:00
TXN_007389,ACC_00478,ACC_00494,1407.4,2026-01-25T13:38:00
TXN_007390,ACC_00450,ACC_00401,880.78,2026-01-14T09:52:00
TXN_007391,ACC_00359,ACC_00314,3608.08,2026-01-22T22:13:00
TXN_007392,ACC_00488,ACC_00461,412.21,2026-01-09T04:52:00
TXN_007393,ACC_00611,ACC_00659,2500.19,2026-01-09T08:03:00
TXN_007394,ACC_00807,ACC_00835,4005.04,2026-01-16T15:53:00
TXN_007395,ACC_00924,ACC_00955,4322.72,2026-01-21T07:09:00
TXN_007396,ACC_00680,ACC_00665,3248.77,2026-01-24T14:18:00
TXN_007397,ACC_00776,ACC_00770,2310.51,2026-01-24T21:09:00
TXN_007398,ACC_00743,ACC_00738,1653.65,2026-01-13T16:30:00
TXN_007399,ACC_00458,ACC_00498,4832.72,2026-01-14T10:07:00
TXN_007400,ACC_00336,ACC_00301,4591.16,2026-01-06T06:12:00
TXN_007401,ACC_00293,ACC_00275,2085.58,2026-01-10T16:41:00
TXN_007402,ACC_00089,ACC_00043,2180.47,2026-01-28T09:37:00
TXN_007403,ACC_00743,ACC_00785,4939.48,2026-01-03T21:54:00
TXN_007404,ACC_00927,ACC_00933,4480.1,2026-01-18T03:39:00
TXN_007405,ACC_00878,ACC_00804,774.42,2026-01-06T01:06:00
TXN_007406,ACC_00468,ACC_00437,2397.8,2026-01-14T09:47:00
TXN_007407,ACC_00355,ACC_00393,2041.55,2026-01-16T21:43:00
TXN_007408,ACC_00147,ACC_00153,4018.55,2026-01-26T05:32:00
TXN_007409,ACC_00291,ACC_00217,4340.38,2026-01-11T22:08:00
TXN_007410,ACC_00060,ACC_00004,2100.24,2026-01-30T21:52:00
TXN_007411,ACC_00933,ACC_00967,4333.28,2026-01-02T09:02:00
TXN_007412,ACC_00314,ACC_00349,665.29,2026-01-02T14:21:00
TXN_007413,ACC_00258,ACC_00282,1213.95,2026-01-14T15:08:00
TXN_007414,ACC_00028,ACC_00057,4044.05,2026-01-09T00:31:00
TXN_007415,ACC_00709,ACC_00769,3182.34,2026-01-19T20:02:00
TXN_007416,ACC_00237,ACC_00239,4362.3,2026-01-21T18:41:00
TXN_007417,ACC_00554,ACC_00525,4001.01,2026-01-03T20:24:00
TXN_007418,ACC_00117,ACC_00181,1056.44,2026-01-04T11:33:00
TXN_007419,ACC_00063,ACC_00070,2792.43,2026-01-09T11:10:00
TXN_007420,ACC_00770,ACC_00798,4531.79,2026-01-03T03:52:00
TXN_007421,ACC_00610,ACC_00641,1740.12,2026-01-14T14:22:00
TXN_007422,ACC_00843,ACC_00866,1889.78,2026-01-19T06:22:00
TXN_007423,ACC_00556,ACC_00542,408.73,2026-01-14T11:48:00
TXN_007424,ACC_00022,ACC_00081,3406.5,2026-01-26T01:48:00
TXN_007425,ACC_00244,ACC_00218,4691.33,2026-01-04T11:02:00
TXN_007426,ACC_00891,ACC_00870,2169.63,2026-01-18T08:24:00
TXN_007427,ACC_00041,ACC_00079,1956.67,2026-01-13T09:39:00
TXN_007428,ACC_00968,ACC_00998,886.26,2026-01-15T02:46:00
TXN_007429,ACC_00821,ACC_00889,4950.84,2026-01-25T05:45:00
TXN_007430,ACC_00705,ACC_00743,231.84,2026-01-08T00:20:00
TXN_007431,ACC_00186,ACC_00129,4074.31,2026-01-08T15:01:00
TXN_007432,ACC_00872,ACC_00859,3965.42,2026-01-05T03:34:00
TXN_007433,ACC_00227,ACC_00296,4590.64,2026-01-08T06:02:00
TXN_007434,ACC_00356,ACC_00349,2188.03,2026-01-24T19:12:00
TXN_007435,ACC_00417,ACC_00457,2730.25,2026-01-22T20:52:00
TXN_007436,ACC_00255,ACC_00270,938.9,2026-01-16T09:06:00
TXN_007437,ACC_00268,ACC_00260,4907.97,2026-01-18T05:39:00
TXN_007438,ACC_00320,ACC_00301,4969.77,2026-01-24T00:29:00
TXN_007439,ACC_00758,ACC_00772,4157.5,2026-01-11T07:23:00
TXN_007440,ACC_00711,ACC_00796,2039.43,2026-01-01T07:55:00
TXN_007441,ACC_00830,ACC_00829,3192.26,2026-01-13T02:29:00
TXN_007442,ACC_00597,ACC_00582,2406.89,2026-01-17T18:15:00
TXN_007443,ACC_00555,ACC_00523,4770.66,2026-01-09T18:40:00
TXN_007444,ACC_00258,ACC_00264,3572.05,2026-01-30T07:45:00
TXN_007445,ACC_00008,ACC_00033,1072.7,2026-01-16T01:05:00
TXN_007446,ACC_00846,ACC_00891,2354.38,2026-01-27T13:53:00
TXN_007447,ACC_00017,ACC_00100,1110.93,2026-01-22T00:56:00
TXN_007448,ACC_00222,ACC_00271,4080.92,2026-01-16T16:10:00
TXN_007449,ACC_00703,ACC_00740,3945.41,2026-01-08T10:16:00
TXN_007450,ACC_00098,ACC_00094,1662.03,2026-01-07T22:27:00
TXN_007451,ACC_00538,ACC_00553,3022.12,2026-01-24T17:17:00
TXN_007452,ACC_00375,ACC_00358,3249.7,2026-01-21T20:25:00
TXN_007453,ACC_00414,ACC_00454,4855.62,2026-01-22T16:39:00
TXN_007454,ACC_00809,ACC_00847,2112.42,2026-01-27T13:38:00
TXN_007455,ACC_00452,ACC_00483,1171.9,2026-01-21T22:41:00
TXN_007456,ACC_00644,ACC_00649,60.69,2026-01-28T16:53:00
TXN_007457,ACC_00466,ACC_00486,3733.18,2026-01-13T00:57:00
TXN_007458,ACC_00664,ACC_00696,1044.07,2026-01-11T09:19:00
TXN_007459,ACC_00280,ACC_00210,1424.28,2026-01-08T10:04:00
TXN_007460,ACC_00943,ACC_00946,2331.57,2026-01-25T07:59:00
TXN_007461,ACC_00704,ACC_00702,4456.93,2026-01-20T06:17:00
TXN_007462,ACC_00387,ACC_00379,4700.68,2026-01-12T21:55:00
TXN_007463,ACC_00976,ACC_00987,4794.85,2026-01-13T16:47:00
TXN_007464,ACC_00636,ACC_00605,2068.78,2026-01-23T05:14:00
TXN_007465,ACC_00877,ACC_00842,305.19,2026-01-10T09:21:00
TXN_007466,ACC_00292,ACC_00207,4298.68,2026-01-11T06:11:00
TXN_007467,ACC_00374,ACC_00366,3472.11,2026-01-02T07:36:00
TXN_007468,ACC_00393,ACC_00365,464.68,2026-01-23T16:49:00
TXN_007469,ACC_00619,ACC_00670,1246.28,2026-01-11T04:29:00
TXN_007470,ACC_00671,ACC_00680,1609.14,2026-01-03T10:15:00
TXN_007471,ACC_00900,ACC_00810,2708.78,2026-01-02T17:42:00
TXN_007472,ACC_00015,ACC_00047,1041.46,2026-01-10T22:36:00
TXN_007473,ACC_00426,ACC_00442,2297.34,2026-01-19T08:56:00
TXN_007474,ACC_00282,ACC_00284,2460.1,2026-01-21T11:21:00
TXN_007475,ACC_00899,ACC_00859,4989.94,2026-01-04T05:25:00
TXN_007476,ACC_00647,ACC_00678,3303.65,2026-01-20T15:18:00
TXN_007477,ACC_00560,ACC_00590,3342.25,2026-01-27T11:00:00
TXN_007478,ACC_00446,ACC_00464,2846.05,2026-01-16T12:03:00
TXN_007479,ACC_00973,ACC_00948,136.84,2026-01-17T17:47:00
TXN_007480,ACC_00542,ACC_00584,3444.76,2026-01-11T22:08:00
TXN_007481,ACC_00618,ACC_00673,424.06,2026-01-29T17:48:00
TXN_007482,ACC_00139,ACC_00166,4377.91,2026-01-17T14:11:00
TXN_007483,ACC_00410,ACC_00472,3125.09,2026-01-11T04:56:00
TXN_007484,ACC_00289,ACC_00241,3697.95,2026-01-06T23:04:00
TXN_007485,ACC_00519,ACC_00508,4472.16,2026-01-21T14:56:00
TXN_007486,ACC_00883,ACC_00865,3876.46,2026-01-08T11:09:00
TXN_007487,ACC_00151,ACC_00184,490.44,2026-01-15T06:14:00
TXN_007488,ACC_00179,ACC_00181,471.73,2026-01-09T10:02:00
TXN_007489,ACC_00563,ACC_00538,1605.15,2026-01-14T11:08:00
TXN_007490,ACC_00027,ACC_00006,2373.19,2026-01-07T04:00:00
TXN_007491,ACC_00698,ACC_00680,2321.51,2026-01-12T22:15:00
TXN_007492,ACC_00066,ACC_00094,716.07,2026-01-25T21:23:00
TXN_007493,ACC_00025,ACC_00094,3419.18,2026-01-17T11:48:00
TXN_007494,ACC_00323,ACC_00393,3931.01,2026-01-05T04:00:00
TXN_007495,ACC_00437,ACC_00402,2917.92,2026-01-08T20:49:00
TXN_007496,ACC_00630,ACC_00638,4179.13,2026-01-30T07:24:00
TXN_007497,ACC_00074,ACC_00033,888.38,2026-01-05T02:34:00
TXN_007498,ACC_00171,ACC_00105,3594.97,2026-01-17T11:04:00
TXN_007499,ACC_00246,ACC_00262,1591.75,2026-01-27T00:25:00
TXN_007500,ACC_00908,ACC_00991,1418.74,2026-01-02T05:23:00
TXN_007501,ACC_00778,ACC_00733,690.11,2026-01-05T00:42:00
TXN_007502,ACC_00320,ACC_00342,2039.12,2026-01-14T18:23:00
TXN_007503,ACC_00171,ACC_00177,4774.51,2026-01-04T22:59:00
TXN_007504,ACC_00127,ACC_00139,1317.31,2026-01-11T14:44:00
TXN_007505,ACC_00891,ACC_00847,352.6,2026-01-22T12:37:00
TXN_007506,ACC_00377,ACC_00399,2167.7,2026-01-29T08:55:00
TXN_007507,ACC_00260,ACC_00255,2085.89,2026-01-25T21:19:00
TXN_007508,ACC_00264,ACC_00231,4098.74,2026-01-14T05:08:00
TXN_007509,ACC_00199,ACC_00115,139.34,2026-01-07T20:38:00
TXN_007510,ACC_00280,ACC_00212,2517.48,2026-01-10T06:37:00
TXN_007511,ACC_00306,ACC_00312,2964.39,2026-01-14T04:45:00
TXN_007512,ACC_00472,ACC_00405,3094.16,2026-01-08T09:46:00
TXN_007513,ACC_00907,ACC_00972,3227.18,2026-01-25T19:19:00
TXN_007514,ACC_00175,ACC_00149,1517.07,2026-01-19T18:11:00
TXN_007515,ACC_00521,ACC_00525,4124.26,2026-01-06T07:48:00
TXN_007516,ACC_00187,ACC_00174,190.14,2026-01-27T20:32:00
TXN_007517,ACC_00209,ACC_00286,969.04,2026-01-10T20:58:00
TXN_007518,ACC_00672,ACC_00694,479.56,2026-01-10T09:59:00
TXN_007519,ACC_00230,ACC_00298,4406.2,2026-01-20T14:48:00
TXN_007520,ACC_00663,ACC_00607,4869.26,2026-01-14T16:06:00
TXN_007521,ACC_00162,ACC_00111,4292.71,2026-01-01T12:23:00
TXN_007522,ACC_00389,ACC_00371,470.29,2026-01-26T15:08:00
TXN_007523,ACC_00165,ACC_00198,1459.91,2026-01-22T19:20:00
TXN_007524,ACC_00504,ACC_00515,3613.66,2026-01-11T21:14:00
TXN_007525,ACC_00203,ACC_00298,1369.43,2026-01-12T07:59:00
TXN_007526,ACC_00476,ACC_00448,148.8,2026-01-20T13:31:00
TXN_007527,ACC_00710,ACC_00733,2379.0,2026-01-24T15:08:00
TXN_007528,ACC_00645,ACC_00608,2274.37,2026-01-23T13:41:00
TXN_007529,ACC_00246,ACC_00291,2301.56,2026-01-30T17:16:00
TXN_007530,ACC_00310,ACC_00349,597.18,2026-01-10T12:14:00
TXN_007531,ACC_00026,ACC_00085,4798.81,2026-01-23T15:21:00
TXN_007532,ACC_00894,ACC_00810,3265.09,2026-01-05T05:23:00
TXN_007533,ACC_00041,ACC_00099,4883.0,2026-01-21T00:02:00
TXN_007534,ACC_00025,ACC_00098,3064.14,2026-01-27T02:13:00
TXN_007535,ACC_00308,ACC_00355,4349.54,2026-01-19T03:44:00
TXN_007536,ACC_00002,ACC_00045,3041.6,2026-01-28T00:35:00
TXN_007537,ACC_00677,ACC_00651,3435.23,2026-01-19T01:51:00
TXN_007538,ACC_00392,ACC_00318,1098.82,2026-01-12T06:41:00
TXN_007539,ACC_00708,ACC_00704,549.39,2026-01-23T10:39:00
TXN_007540,ACC_00567,ACC_00502,2904.19,2026-01-02T04:51:00
TXN_007541,ACC_00136,ACC_00184,2801.57,2026-01-03T05:02:00
TXN_007542,ACC_00332,ACC_00324,1498.24,2026-01-10T20:09:00
TXN_007543,ACC_00097,ACC_00052,4448.87,2026-01-16T08:47:00
TXN_007544,ACC_00738,ACC_00737,3470.51,2026-01-25T15:41:00
TXN_007545,ACC_00825,ACC_00880,863.79,2026-01-30T15:09:00
TXN_007546,ACC_00743,ACC_00777,4205.24,2026-01-01T05:41:00
TXN_007547,ACC_00724,ACC_00719,4256.08,2026-01-24T21:00:00
TXN_007548,ACC_00570,ACC_00589,3432.62,2026-01-07T10:25:00
TXN_007549,ACC_00844,ACC_00896,1786.79,2026-01-13T11:39:00
TXN_007550,ACC_00128,ACC_00180,4471.89,2026-01-06T04:52:00
TXN_007551,ACC_00604,ACC_00628,2601.71,2026-01-15T03:29:00
TXN_007552,ACC_00300,ACC_00297,2147.54,2026-01-11T16:54:00
TXN_007553,ACC_00872,ACC_00827,3555.07,2026-01-25T22:20:00
TXN_007554,ACC_00351,ACC_00373,970.62,2026-01-29T21:29:00
TXN_007555,ACC_00369,ACC_00303,1297.91,2026-01-02T11:32:00
TXN_007556,ACC_00353,ACC_00333,1826.82,2026-01-20T23:28:00
TXN_007557,ACC_00453,ACC_00454,2591.13,2026-01-13T10:42:00
TXN_007558,ACC_00792,ACC_00735,1970.55,2026-01-05T11:19:00
TXN_007559,ACC_00799,ACC_00712,202.57,2026-01-06T22:17:00
TXN_007560,ACC_00314,ACC_00359,1732.58,2026-01-16T03:38:00
TXN_007561,ACC_00274,ACC_00257,2004.18,2026-01-22T21:08:00
TXN_007562,ACC_00134,ACC_00146,1516.53,2026-01-24T08:45:00
TXN_007563,ACC_00814,ACC_00815,1272.78,2026-01-13T06:12:00
TXN_007564,ACC_00148,ACC_00157,2724.81,2026-01-09T02:42:00
TXN_007565,ACC_00492,ACC_00428,4459.25,2026-01-18T06:14:00
TXN_007566,ACC_00154,ACC_00169,600.13,2026-01-18T08:22:00
TXN_007567,ACC_00450,ACC_00404,4388.48,2026-01-10T00:32:00
TXN_007568,ACC_00112,ACC_00167,840.27,2026-01-28T15:37:00
TXN_007569,ACC_00043,ACC_00044,3549.29,2026-01-16T11:08:00
TXN_007570,ACC_00449,ACC_00445,885.5,2026-01-12T18:01:00
TXN_007571,ACC_00665,ACC_00632,2537.72,2026-01-18T06:48:00
TXN_007572,ACC_00500,ACC_00430,2265.86,2026-01-23T17:56:00
TXN_007573,ACC_00404,ACC_00426,4387.65,2026-01-14T04:49:00
TXN_007574,ACC_00481,ACC_00488,1411.24,2026-01-15T07:48:00
TXN_007575,ACC_00573,ACC_00546,3941.77,2026-01-19T16:07:00
TXN_007576,ACC_00002,ACC_00030,4257.62,2026-01-01T07:35:00
TXN_007577,ACC_00177,ACC_00153,4897.3,2026-01-30T06:54:00
TXN_007578,ACC_00264,ACC_00300,4782.74,2026-01-07T19:39:00
TXN_007579,ACC_00849,ACC_00876,4536.41,2026-01-22T11:05:00
TXN_007580,ACC_00289,ACC_00213,4287.63,2026-01-30T15:45:00
TXN_007581,ACC_00796,ACC_00727,3991.23,2026-01-18T18:36:00
TXN_007582,ACC_00369,ACC_00348,3932.66,2026-01-30T22:50:00
TXN_007583,ACC_00075,ACC_00042,2260.4,2026-01-29T17:11:00
TXN_007584,ACC_00925,ACC_00934,3906.65,2026-01-02T08:05:00
TXN_007585,ACC_00974,ACC_00911,3418.01,2026-01-19T11:53:00
TXN_007586,ACC_00505,ACC_00570,357.47,2026-01-06T03:58:00
TXN_007587,ACC_00689,ACC_00634,1210.33,2026-01-01T21:02:00
TXN_007588,ACC_00881,ACC_00833,1367.33,2026-01-26T13:49:00
TXN_007589,ACC_00760,ACC_00705,3458.23,2026-01-01T17:02:00
TXN_007590,ACC_00263,ACC_00274,3565.52,2026-01-16T01:14:00
TXN_007591,ACC_00943,ACC_00991,1531.36,2026-01-06T15:33:00
TXN_007592,ACC_00277,ACC_00246,1432.57,2026-01-12T14:37:00
TXN_007593,ACC_00655,ACC_00674,1475.48,2026-01-15T23:41:00
TXN_007594,ACC_00195,ACC_00197,4214.42,2026-01-22T15:53:00
TXN_007595,ACC_00556,ACC_00517,1720.55,2026-01-22T14:26:00
TXN_007596,ACC_00801,ACC_00802,2080.38,2026-01-06T02:36:00
TXN_007597,ACC_00183,ACC_00158,1361.8,2026-01-10T07:34:00
TXN_007598,ACC_00775,ACC_00785,3488.62,2026-01-13T22:49:00
TXN_007599,ACC_00575,ACC_00524,1572.09,2026-01-11T15:50:00
TXN_007600,ACC_00153,ACC_00192,2758.51,2026-01-10T16:29:00
TXN_007601,ACC_00255,ACC_00236,3034.14,2026-01-24T09:50:00
TXN_007602,ACC_00188,ACC_00106,461.58,2026-01-03T09:54:00
TXN_007603,ACC_00060,ACC_00072,636.0,2026-01-05T16:59:00
TXN_007604,ACC_00937,ACC_00982,1695.83,2026-01-30T20:39:00
TXN_007605,ACC_00610,ACC_00695,214.36,2026-01-11T21:29:00
TXN_007606,ACC_00500,ACC_00473,2801.59,2026-01-14T17:34:00
TXN_007607,ACC_00190,ACC_00137,3131.31,2026-01-08T21:45:00
TXN_007608,ACC_00341,ACC_00392,3871.6,2026-01-16T22:57:00
TXN_007609,ACC_00826,ACC_00882,2422.13,2026-01-10T16:56:00
TXN_007610,ACC_00861,ACC_00892,4298.63,2026-01-17T08:20:00
TXN_007611,ACC_00774,ACC_00772,3301.13,2026-01-06T16:11:00
TXN_007612,ACC_00018,ACC_00054,1898.0,2026-01-15T19:45:00
TXN_007613,ACC_00792,ACC_00761,4141.41,2026-01-05T08:42:00
TXN_007614,ACC_00567,ACC_00572,4418.82,2026-01-06T21:52:00
TXN_007615,ACC_00168,ACC_00160,3378.93,2026-01-02T16:58:00
TXN_007616,ACC_00877,ACC_00836,4662.48,2026-01-04T07:43:00
TXN_007617,ACC_00063,ACC_00094,612.9,2026-01-27T06:04:00
TXN_007618,ACC_00616,ACC_00610,4665.79,2026-01-14T16:26:00
TXN_007619,ACC_00433,ACC_00449,417.81,2026-01-30T13:34:00
TXN_007620,ACC_00175,ACC_00165,311.15,2026-01-11T23:21:00
TXN_007621,ACC_00959,ACC_00947,870.58,2026-01-14T19:25:00
TXN_007622,ACC_00463,ACC_00428,4587.06,2026-01-24T11:48:00
TXN_007623,ACC_00591,ACC_00524,2490.24,2026-01-11T23:25:00
TXN_007624,ACC_00738,ACC_00772,2297.87,2026-01-23T13:18:00
TXN_007625,ACC_00061,ACC_00072,4437.91,2026-01-26T12:13:00
TXN_007626,ACC_00244,ACC_00232,1678.33,2026-01-08T20:30:00
TXN_007627,ACC_00121,ACC_00112,3638.1,2026-01-30T13:45:00
TXN_007628,ACC_00804,ACC_00871,3777.21,2026-01-08T10:30:00
TXN_007629,ACC_00662,ACC_00674,311.41,2026-01-27T15:34:00
TXN_007630,ACC_00686,ACC_00652,3642.78,2026-01-19T17:56:00
TXN_007631,ACC_00270,ACC_00256,4553.72,2026-01-17T09:51:00
TXN_007632,ACC_00371,ACC_00328,3236.47,2026-01-26T23:47:00
TXN_007633,ACC_00559,ACC_00509,1544.12,2026-01-19T15:41:00
TXN_007634,ACC_00818,ACC_00814,4147.25,2026-01-01T01:16:00
TXN_007635,ACC_00388,ACC_00396,58.04,2026-01-22T11:58:00
TXN_007636,ACC_00903,ACC_00958,4055.61,2026-01-03T02:56:00
TXN_007637,ACC_00767,ACC_00800,2643.37,2026-01-03T18:22:00
TXN_007638,ACC_00897,ACC_00894,4596.05,2026-01-19T23:22:00
TXN_007639,ACC_00697,ACC_00675,829.46,2026-01-11T05:32:00
TXN_007640,ACC_00797,ACC_00791,2857.49,2026-01-02T14:21:00
TXN_007641,ACC_00831,ACC_00835,1363.89,2026-01-23T23:09:00
TXN_007642,ACC_00287,ACC_00289,2463.62,2026-01-20T19:20:00
TXN_007643,ACC_00470,ACC_00457,4670.01,2026-01-19T15:08:00
TXN_007644,ACC_00279,ACC_00253,305.73,2026-01-16T19:41:00
TXN_007645,ACC_00737,ACC_00787,4062.25,2026-01-13T05:50:00
TXN_007646,ACC_00641,ACC_00657,2141.08,2026-01-07T01:31:00
TXN_007647,ACC_00647,ACC_00687,458.16,2026-01-13T13:39:00
TXN_007648,ACC_00966,ACC_00921,523.78,2026-01-23T20:28:00
TXN_007649,ACC_00935,ACC_00964,2891.2,2026-01-22T16:36:00
TXN_007650,ACC_00006,ACC_00025,1675.88,2026-01-14T23:41:00
TXN_007651,ACC_00297,ACC_00220,937.65,2026-01-03T18:38:00
TXN_007652,ACC_00251,ACC_00279,301.15,2026-01-11T06:35:00
TXN_007653,ACC_00296,ACC_00250,1733.11,2026-01-12T15:16:00
TXN_007654,ACC_00557,ACC_00529,60.44,2026-01-11T23:48:00
TXN_007655,ACC_00060,ACC_00097,3880.04,2026-01-12T17:42:00
TXN_007656,ACC_00094,ACC_00049,1681.71,2026-01-11T08:03:00
TXN_007657,ACC_00666,ACC_00644,3240.01,2026-01-07T16:10:00
TXN_007658,ACC_00460,ACC_00452,1846.8,2026-01-22T18:47:00
TXN_007659,ACC_00244,ACC_00291,1008.53,2026-01-26T09:27:00
TXN_007660,ACC_00976,ACC_00904,3603.41,2026-01-03T19:33:00
TXN_007661,ACC_00527,ACC_00552,3006.39,2026-01-19T13:51:00
TXN_007662,ACC_00325,ACC_00318,2178.03,2026-01-23T10:00:00
TXN_007663,ACC_00334,ACC_00317,2668.62,2026-01-07T19:14:00
TXN_007664,ACC_00590,ACC_00552,3868.92,2026-01-08T06:02:00
TXN_007665,ACC_00830,ACC_00860,4477.1,2026-01-07T08:42:00
TXN_007666,ACC_00364,ACC_00387,939.33,2026-01-09T01:01:00
TXN_007667,ACC_00927,ACC_00914,1173.06,2026-01-02T14:36:00
TXN_007668,ACC_00392,ACC_00361,44.46,2026-01-03T10:06:00
TXN_007669,ACC_00940,ACC_00919,1046.01,2026-01-30T19:24:00
TXN_007670,ACC_00027,ACC_00096,65.59,2026-01-21T06:54:00
TXN_007671,ACC_00325,ACC_00330,3417.17,2026-01-09T22:47:00
TXN_007672,ACC_00866,ACC_00827,1411.84,2026-01-25T06:35:00
TXN_007673,ACC_00682,ACC_00699,648.13,2026-01-04T18:06:00
TXN_007674,ACC_00771,ACC_00781,1354.22,2026-01-01T13:48:00
TXN_007675,ACC_00357,ACC_00313,2623.59,2026-01-27T23:06:00
TXN_007676,ACC_00597,ACC_00588,2392.82,2026-01-06T04:09:00
TXN_007677,ACC_00674,ACC_00685,2706.37,2026-01-18T13:13:00
TXN_007678,ACC_00638,ACC_00648,1542.74,2026-01-17T05:26:00
TXN_007679,ACC_00213,ACC_00248,3331.78,2026-01-23T06:37:00
TXN_007680,ACC_00829,ACC_00860,3346.9,2026-01-29T05:59:00
TXN_007681,ACC_00638,ACC_00604,1039.23,2026-01-15T17:01:00
TXN_007682,ACC_00281,ACC_00258,3241.99,2026-01-10T00:30:00
TXN_007683,ACC_00955,ACC_00967,1819.67,2026-01-25T02:09:00
TXN_007684,ACC_00334,ACC_00393,2635.6,2026-01-07T01:02:00
TXN_007685,ACC_00828,ACC_00882,199.7,2026-01-27T00:57:00
TXN_007686,ACC_00959,ACC_00979,2349.06,2026-01-28T15:12:00
TXN_007687,ACC_00828,ACC_00887,410.71,2026-01-10T14:42:00
TXN_007688,ACC_00503,ACC_00531,482.07,2026-01-08T12:12:00
TXN_007689,ACC_00848,ACC_00897,4123.13,2026-01-27T11:19:00
TXN_007690,ACC_00645,ACC_00647,3407.87,2026-01-04T16:08:00
TXN_007691,ACC_00017,ACC_00043,1986.65,2026-01-01T12:45:00
TXN_007692,ACC_00695,ACC_00684,2029.88,2026-01-24T20:21:00
TXN_007693,ACC_00052,ACC_00083,1123.54,2026-01-21T19:58:00
TXN_007694,ACC_00464,ACC_00454,477.17,2026-01-22T10:29:00
TXN_007695,ACC_00473,ACC_00474,2148.53,2026-01-25T04:58:00
TXN_007696,ACC_00272,ACC_00275,3623.55,2026-01-17T07:26:00
TXN_007697,ACC_00194,ACC_00101,2643.41,2026-01-11T12:26:00
TXN_007698,ACC_00240,ACC_00219,1911.86,2026-01-22T09:02:00
TXN_007699,ACC_00214,ACC_00242,2834.24,2026-01-17T00:59:00
TXN_007700,ACC_00631,ACC_00687,1481.83,2026-01-21T02:31:00
TXN_007701,ACC_00987,ACC_00954,2986.89,2026-01-11T08:52:00
TXN_007702,ACC_00479,ACC_00444,1452.26,2026-01-28T03:30:00
TXN_007703,ACC_00372,ACC_00373,1608.72,2026-01-16T19:57:00
TXN_007704,ACC_00454,ACC_00447,3895.69,2026-01-20T19:39:00
TXN_007705,ACC_00526,ACC_00510,300.46,2026-01-22T09:17:00
TXN_007706,ACC_00728,ACC_00705,756.59,2026-01-03T10:31:00
TXN_007707,ACC_00103,ACC_00185,3684.14,2026-01-07T15:59:00
TXN_007708,ACC_00727,ACC_00749,1115.02,2026-01-18T02:44:00
TXN_007709,ACC_00245,ACC_00295,3287.49,2026-01-18T18:33:00
TXN_007710,ACC_00727,ACC_00793,858.36,2026-01-09T11:02:00
TXN_007711,ACC_00337,ACC_00365,1346.83,2026-01-21T13:43:00
TXN_007712,ACC_00377,ACC_00309,3340.98,2026-01-20T09:23:00
TXN_007713,ACC_00013,ACC_00075,176.59,2026-01-06T15:16:00
TXN_007714,ACC_00039,ACC_00071,2159.65,2026-01-24T15:19:00
TXN_007715,ACC_00096,ACC_00057,4881.05,2026-01-10T11:03:00
TXN_007716,ACC_00253,ACC_00240,4620.63,2026-01-14T20:16:00
TXN_007717,ACC_00800,ACC_00799,4433.98,2026-01-26T09:04:00
TXN_007718,ACC_00386,ACC_00361,1793.45,2026-01-24T09:31:00
TXN_007719,ACC_00581,ACC_00536,2426.88,2026-01-05T03:47:00
TXN_007720,ACC_00608,ACC_00679,3001.36,2026-01-02T01:21:00
TXN_007721,ACC_00713,ACC_00754,4577.3,2026-01-14T07:38:00
TXN_007722,ACC_00582,ACC_00572,82.25,2026-01-05T21:21:00
TXN_007723,ACC_00597,ACC_00563,3581.7,2026-01-12T05:42:00
TXN_007724,ACC_00656,ACC_00674,1282.16,2026-01-14T15:50:00
TXN_007725,ACC_00728,ACC_00789,2702.41,2026-01-11T15:22:00
TXN_007726,ACC_00808,ACC_00896,662.53,2026-01-15T19:37:00
TXN_007727,ACC_00904,ACC_00985,1951.07,2026-01-16T02:21:00
TXN_007728,ACC_00512,ACC_00571,2218.09,2026-01-09T17:02:00
TXN_007729,ACC_00495,ACC_00458,461.95,2026-01-21T03:22:00
TXN_007730,ACC_00897,ACC_00870,1189.58,2026-01-23T20:49:00
TXN_007731,ACC_00736,ACC_00732,1780.25,2026-01-13T00:23:00
TXN_007732,ACC_00952,ACC_00966,3098.66,2026-01-15T12:20:00
TXN_007733,ACC_00806,ACC_00851,3737.06,2026-01-08T04:17:00
TXN_007734,ACC_00020,ACC_00031,2562.4,2026-01-03T01:14:00
TXN_007735,ACC_00983,ACC_00976,1409.29,2026-01-18T17:54:00
TXN_007736,ACC_00982,ACC_00922,4652.39,2026-01-13T01:41:00
TXN_007737,ACC_00500,ACC_00430,1263.17,2026-01-17T07:23:00
TXN_007738,ACC_00677,ACC_00643,4983.76,2026-01-09T01:07:00
TXN_007739,ACC_00214,ACC_00288,1950.49,2026-01-17T04:29:00
TXN_007740,ACC_00365,ACC_00358,35.49,2026-01-03T21:21:00
TXN_007741,ACC_00806,ACC_00827,4340.23,2026-01-16T00:34:00
TXN_007742,ACC_00680,ACC_00638,2141.56,2026-01-18T08:59:00
TXN_007743,ACC_00476,ACC_00408,2389.93,2026-01-10T15:29:00
TXN_007744,ACC_00457,ACC_00436,2157.26,2026-01-21T21:57:00
TXN_007745,ACC_00916,ACC_00985,2135.89,2026-01-04T17:28:00
TXN_007746,ACC_00223,ACC_00215,230.96,2026-01-16T09:13:00
TXN_007747,ACC_00394,ACC_00374,3496.78,2026-01-19T10:26:00
TXN_007748,ACC_00571,ACC_00553,3557.68,2026-01-23T21:05:00
TXN_007749,ACC_00182,ACC_00173,231.63,2026-01-30T01:46:00
TXN_007750,ACC_00416,ACC_00441,3014.87,2026-01-24T17:13:00
TXN_007751,ACC_00328,ACC_00348,4227.01,2026-01-06T23:06:00
TXN_007752,ACC_00692,ACC_00685,16.33,2026-01-19T06:06:00
TXN_007753,ACC_00366,ACC_00341,3748.55,2026-01-15T08:46:00
TXN_007754,ACC_00022,ACC_00076,3929.17,2026-01-16T09:59:00
TXN_007755,ACC_00725,ACC_00767,538.58,2026-01-01T12:37:00
TXN_007756,ACC_00009,ACC_00024,4055.13,2026-01-14T09:27:00
TXN_007757,ACC_00713,ACC_00770,4556.99,2026-01-05T05:11:00
TXN_007758,ACC_00808,ACC_00850,4044.01,2026-01-30T18:25:00
TXN_007759,ACC_00938,ACC_00978,3855.92,2026-01-26T20:37:00
TXN_007760,ACC_00125,ACC_00152,3924.21,2026-01-29T11:10:00
TXN_007761,ACC_00505,ACC_00546,612.86,2026-01-16T07:02:00
TXN_007762,ACC_00186,ACC_00195,1120.83,2026-01-27T23:50:00
TXN_007763,ACC_00953,ACC_00969,416.6,2026-01-20T22:26:00
TXN_007764,ACC_00685,ACC_00664,2420.31,2026-01-04T11:53:00
TXN_007765,ACC_00802,ACC_00883,3055.5,2026-01-15T03:54:00
TXN_007766,ACC_00277,ACC_00227,3758.56,2026-01-08T09:58:00
TXN_007767,ACC_00892,ACC_00847,2457.07,2026-01-01T18:51:00
TXN_007768,ACC_00177,ACC_00155,776.95,2026-01-04T19:27:00
TXN_007769,ACC_00929,ACC_00927,380.39,2026-01-07T09:27:00
TXN_007770,ACC_00336,ACC_00374,824.33,2026-01-17T01:35:00
TXN_007771,ACC_00206,ACC_00273,216.33,2026-01-13T01:39:00
TXN_007772,ACC_00028,ACC_00062,4678.81,2026-01-04T07:46:00
TXN_007773,ACC_00764,ACC_00747,2782.8,2026-01-24T18:19:00
TXN_007774,ACC_00620,ACC_00692,1281.88,2026-01-21T10:23:00
TXN_007775,ACC_00050,ACC_00052,350.78,2026-01-05T20:01:00
TXN_007776,ACC_00254,ACC_00295,3606.87,2026-01-06T23:25:00
TXN_007777,ACC_00308,ACC_00350,4983.24,2026-01-27T22:31:00
TXN_007778,ACC_00510,ACC_00555,2457.03,2026-01-15T11:20:00
TXN_007779,ACC_00122,ACC_00115,2776.29,2026-01-06T08:45:00
TXN_007780,ACC_00083,ACC_00009,418.53,2026-01-25T16:03:00
TXN_007781,ACC_00186,ACC_00194,4318.76,2026-01-06T23:55:00
TXN_007782,ACC_00387,ACC_00379,4631.56,2026-01-28T16:51:00
TXN_007783,ACC_00308,ACC_00324,1792.31,2026-01-15T18:29:00
TXN_007784,ACC_00899,ACC_00864,3606.01,2026-01-27T10:23:00
TXN_007785,ACC_00208,ACC_00255,1113.6,2026-01-07T20:32:00
TXN_007786,ACC_00485,ACC_00444,2158.07,2026-01-28T07:23:00
TXN_007787,ACC_00890,ACC_00878,4230.63,2026-01-05T19:11:00
TXN_007788,ACC_00991,ACC_00950,547.61,2026-01-29T19:41:00
TXN_007789,ACC_00671,ACC_00607,1802.96,2026-01-14T02:47:00
TXN_007790,ACC_00521,ACC_00512,713.5,2026-01-03T23:06:00
TXN_007791,ACC_00028,ACC_00055,2599.15,2026-01-01T06:25:00
TXN_007792,ACC_00636,ACC_00700,4707.71,2026-01-05T16:44:00
TXN_007793,ACC_00899,ACC_00802,1282.99,2026-01-12T12:31:00
TXN_007794,ACC_00606,ACC_00670,3462.04,2026-01-04T10:19:00
TXN_007795,ACC_00714,ACC_00733,4024.17,2026-01-02T17:39:00
TXN_007796,ACC_00831,ACC_00835,2823.98,2026-01-20T08:03:00
TXN_007797,ACC_00436,ACC_00473,158.89,2026-01-17T00:54:00
TXN_007798,ACC_00602,ACC_00676,4144.89,2026-01-16T03:05:00
TXN_007799,ACC_00805,ACC_00853,3464.63,2026-01-06T23:51:00
TXN_007800,ACC_00734,ACC_00744,2166.67,2026-01-19T03:07:00
TXN_007801,ACC_00829,ACC_00888,3192.01,2026-01-29T03:16:00
TXN_007802,ACC_00574,ACC_00584,2440.69,2026-01-02T20:22:00
TXN_007803,ACC_00278,ACC_00236,1532.2,2026-01-04T13:23:00
TXN_007804,ACC_00985,ACC_00903,3105.29,2026-01-14T05:08:00
TXN_007805,ACC_00784,ACC_00757,903.92,2026-01-20T14:51:00
TXN_007806,ACC_00387,ACC_00398,2672.93,2026-01-29T12:57:00
TXN_007807,ACC_00752,ACC_00797,3028.05,2026-01-18T18:34:00
TXN_007808,ACC_00945,ACC_00925,487.67,2026-01-03T01:02:00
TXN_007809,ACC_00464,ACC_00418,4902.25,2026-01-24T20:49:00
TXN_007810,ACC_00616,ACC_00661,3364.76,2026-01-14T08:34:00
TXN_007811,ACC_00667,ACC_00641,4534.12,2026-01-27T12:11:00
TXN_007812,ACC_00288,ACC_00250,3047.66,2026-01-06T21:25:00
TXN_007813,ACC_00750,ACC_00711,3795.19,2026-01-06T12:07:00
TXN_007814,ACC_00618,ACC_00699,2001.1,2026-01-25T13:58:00
TXN_007815,ACC_00099,ACC_00025,2987.85,2026-01-15T00:54:00
TXN_007816,ACC_00235,ACC_00252,2976.54,2026-01-25T22:59:00
TXN_007817,ACC_00662,ACC_00684,633.43,2026-01-03T02:12:00
TXN_007818,ACC_00549,ACC_00521,3732.6,2026-01-23T15:33:00
TXN_007819,ACC_00406,ACC_00421,4485.26,2026-01-03T20:42:00
TXN_007820,ACC_00717,ACC_00727,3586.82,2026-01-04T22:44:00
TXN_007821,ACC_00242,ACC_00219,904.76,2026-01-13T10:45:00
TXN_007822,ACC_00344,ACC_00320,4140.74,2026-01-16T13:05:00
TXN_007823,ACC_00605,ACC_00601,1611.94,2026-01-24T17:04:00
TXN_007824,ACC_00880,ACC_00840,1958.49,2026-01-28T07:34:00
TXN_007825,ACC_00158,ACC_00124,1816.21,2026-01-05T21:57:00
TXN_007826,ACC_00044,ACC_00099,51.19,2026-01-07T20:03:00
TXN_007827,ACC_00594,ACC_00530,1004.1,2026-01-16T00:56:00
TXN_007828,ACC_00125,ACC_00193,2580.03,2026-01-06T10:00:00
TXN_007829,ACC_00553,ACC_00503,3066.97,2026-01-15T23:46:00
TXN_007830,ACC_00930,ACC_00937,1218.58,2026-01-07T19:11:00
TXN_007831,ACC_00293,ACC_00292,43.08,2026-01-06T14:58:00
TXN_007832,ACC_00119,ACC_00175,4582.92,2026-01-13T07:51:00
TXN_007833,ACC_00393,ACC_00314,4544.78,2026-01-13T14:44:00
TXN_007834,ACC_00136,ACC_00104,4631.93,2026-01-25T11:54:00
TXN_007835,ACC_00766,ACC_00729,3476.39,2026-01-13T01:42:00
TXN_007836,ACC_00388,ACC_00382,4380.99,2026-01-22T04:32:00
TXN_007837,ACC_00776,ACC_00798,764.14,2026-01-25T18:11:00
TXN_007838,ACC_00406,ACC_00497,492.38,2026-01-07T18:17:00
TXN_007839,ACC_00155,ACC_00168,1148.15,2026-01-07T16:51:00
TXN_007840,ACC_00363,ACC_00380,4328.81,2026-01-26T18:03:00
TXN_007841,ACC_00811,ACC_00865,3269.19,2026-01-05T23:06:00
TXN_007842,ACC_00088,ACC_00073,761.51,2026-01-18T10:11:00
TXN_007843,ACC_00421,ACC_00453,4966.96,2026-01-16T15:31:00
TXN_007844,ACC_00899,ACC_00879,4055.73,2026-01-20T19:22:00
TXN_007845,ACC_00547,ACC_00565,2263.78,2026-01-22T13:09:00
TXN_007846,ACC_00500,ACC_00445,2090.89,2026-01-06T19:15:00
TXN_007847,ACC_00465,ACC_00467,727.09,2026-01-25T06:22:00
TXN_007848,ACC_00781,ACC_00720,1560.97,2026-01-15T07:35:00
TXN_007849,ACC_00217,ACC_00282,1020.97,2026-01-15T15:37:00
TXN_007850,ACC_00109,ACC_00160,3401.02,2026-01-24T22:57:00
TXN_007851,ACC_00271,ACC_00204,239.85,2026-01-16T01:40:00
TXN_007852,ACC_00333,ACC_00344,1159.7,2026-01-17T15:14:00
TXN_007853,ACC_00824,ACC_00866,802.6,2026-01-22T11:15:00
TXN_007854,ACC_00457,ACC_00451,2181.39,2026-01-22T12:26:00
TXN_007855,ACC_00691,ACC_00606,651.24,2026-01-25T05:23:00
TXN_007856,ACC_00864,ACC_00839,3536.78,2026-01-15T14:33:00
TXN_007857,ACC_00858,ACC_00811,287.52,2026-01-06T21:19:00
TXN_007858,ACC_00741,ACC_00727,3423.23,2026-01-04T06:55:00
TXN_007859,ACC_00392,ACC_00350,1805.94,2026-01-26T06:41:00
TXN_007860,ACC_00314,ACC_00348,1986.7,2026-01-07T04:50:00
TXN_007861,ACC_00185,ACC_00184,2409.02,2026-01-02T13:38:00
TXN_007862,ACC_00492,ACC_00411,3953.86,2026-01-12T16:37:00
TXN_007863,ACC_00429,ACC_00401,4097.0,2026-01-29T22:12:00
TXN_007864,ACC_00050,ACC_00011,4610.66,2026-01-13T14:57:00
TXN_007865,ACC_00519,ACC_00576,1915.94,2026-01-28T04:37:00
TXN_007866,ACC_00446,ACC_00491,1566.32,2026-01-21T23:55:00
TXN_007867,ACC_00328,ACC_00309,3980.53,2026-01-28T02:04:00
TXN_007868,ACC_00713,ACC_00716,1141.64,2026-01-17T11:51:00
TXN_007869,ACC_00336,ACC_00375,831.49,2026-01-21T12:31:00
TXN_007870,ACC_00679,ACC_00660,470.25,2026-01-02T07:07:00
TXN_007871,ACC_00096,ACC_00027,1519.7,2026-01-29T19:36:00
TXN_007872,ACC_00439,ACC_00477,2486.71,2026-01-28T06:58:00
TXN_007873,ACC_00890,ACC_00846,3587.54,2026-01-26T02:26:00
TXN_007874,ACC_00194,ACC_00168,2537.88,2026-01-24T19:47:00
TXN_007875,ACC_00766,ACC_00752,4740.67,2026-01-03T10:38:00
TXN_007876,ACC_00215,ACC_00247,2957.91,2026-01-27T01:31:00
TXN_007877,ACC_00778,ACC_00733,2287.16,2026-01-10T21:24:00
TXN_007878,ACC_00366,ACC_00317,4516.08,2026-01-23T08:21:00
TXN_007879,ACC_00906,ACC_00927,596.45,2026-01-10T18:10:00
TXN_007880,ACC_00224,ACC_00230,1614.25,2026-01-28T09:38:00
TXN_007881,ACC_00806,ACC_00857,1456.29,2026-01-01T15:03:00
TXN_007882,ACC_00388,ACC_00316,3661.86,2026-01-15T05:00:00
TXN_007883,ACC_00828,ACC_00851,2321.99,2026-01-26T06:50:00
TXN_007884,ACC_00761,ACC_00793,1286.63,2026-01-23T14:10:00
TXN_007885,ACC_00703,ACC_00729,1931.13,2026-01-19T07:50:00
TXN_007886,ACC_00552,ACC_00502,3364.33,2026-01-01T04:04:00
TXN_007887,ACC_00749,ACC_00792,818.65,2026-01-07T08:05:00
TXN_007888,ACC_00820,ACC_00816,3939.34,2026-01-09T05:41:00
TXN_007889,ACC_00817,ACC_00816,4146.68,2026-01-27T10:38:00
TXN_007890,ACC_00365,ACC_00354,833.51,2026-01-25T10:44:00
TXN_007891,ACC_00834,ACC_00898,676.98,2026-01-21T00:59:00
TXN_007892,ACC_00491,ACC_00428,1037.89,2026-01-28T05:56:00
TXN_007893,ACC_00039,ACC_00093,3222.8,2026-01-17T09:22:00
TXN_007894,ACC_00673,ACC_00622,4501.67,2026-01-02T16:04:00
TXN_007895,ACC_00685,ACC_00651,4438.35,2026-01-02T11:27:00
TXN_007896,ACC_00846,ACC_00830,916.7,2026-01-05T07:13:00
TXN_007897,ACC_00484,ACC_00434,4992.42,2026-01-10T08:33:00
TXN_007898,ACC_00894,ACC_00836,4392.62,2026-01-27T07:38:00
TXN_007899,ACC_00812,ACC_00815,3292.54,2026-01-24T16:54:00
TXN_007900,ACC_00645,ACC_00613,4834.69,2026-01-08T00:13:00
TXN_007901,ACC_00216,ACC_00204,3749.31,2026-01-18T16:40:00
TXN_007902,ACC_00772,ACC_00788,2374.46,2026-01-05T00:29:00
TXN_007903,ACC_00040,ACC_00072,3948.53,2026-01-11T06:19:00
TXN_007904,ACC_00481,ACC_00468,424.99,2026-01-05T07:35:00
TXN_007905,ACC_00694,ACC_00644,1754.57,2026-01-27T08:50:00
TXN_007906,ACC_00595,ACC_00571,3551.65,2026-01-29T11:07:00
TXN_007907,ACC_00934,ACC_00922,3117.1,2026-01-04T08:00:00
TXN_007908,ACC_00774,ACC_00797,4607.77,2026-01-09T23:32:00
TXN_007909,ACC_00398,ACC_00353,4548.85,2026-01-09T19:16:00
TXN_007910,ACC_00644,ACC_00674,894.56,2026-01-23T14:21:00
TXN_007911,ACC_00660,ACC_00655,2466.93,2026-01-24T15:36:00
TXN_007912,ACC_00747,ACC_00773,1810.79,2026-01-10T12:56:00
TXN_007913,ACC_00855,ACC_00810,4168.91,2026-01-10T11:52:00
TXN_007914,ACC_00412,ACC_00463,4992.11,2026-01-12T16:32:00
TXN_007915,ACC_00175,ACC_00145,3874.4,2026-01-11T00:21:00
TXN_007916,ACC_00804,ACC_00871,2726.66,2026-01-30T16:32:00
TXN_007917,ACC_00423,ACC_00456,4276.28,2026-01-23T08:43:00
TXN_007918,ACC_00326,ACC_00378,74.8,2026-01-28T14:55:00
TXN_007919,ACC_00752,ACC_00715,4330.77,2026-01-17T12:50:00
TXN_007920,ACC_00013,ACC_00010,1127.48,2026-01-04T17:33:00
TXN_007921,ACC_00143,ACC_00140,4835.42,2026-01-24T22:11:00
TXN_007922,ACC_00437,ACC_00424,2069.36,2026-01-10T01:09:00
TXN_007923,ACC_00464,ACC_00480,3793.12,2026-01-08T02:42:00
TXN_007924,ACC_00475,ACC_00478,444.28,2026-01-01T13:56:00
TXN_007925,ACC_00851,ACC_00813,3888.91,2026-01-18T11:56:00
TXN_007926,ACC_00459,ACC_00491,102.56,2026-01-28T13:28:00
TXN_007927,ACC_00974,ACC_00912,4906.39,2026-01-16T14:14:00
TXN_007928,ACC_00729,ACC_00768,1913.29,2026-01-02T05:13:00
TXN_007929,ACC_00974,ACC_00949,3334.87,2026-01-22T00:23:00
TXN_007930,ACC_00658,ACC_00624,2924.33,2026-01-02T15:56:00
TXN_007931,ACC_00616,ACC_00606,3810.76,2026-01-09T05:56:00
TXN_007932,ACC_00724,ACC_00756,1126.37,2026-01-14T21:44:00
TXN_007933,ACC_00208,ACC_00247,3994.21,2026-01-24T03:52:00
TXN_007934,ACC_00973,ACC_00957,4480.07,2026-01-08T04:49:00
TXN_007935,ACC_00580,ACC_00561,3326.22,2026-01-05T17:06:00
TXN_007936,ACC_00547,ACC_00588,3094.13,2026-01-21T04:53:00
TXN_007937,ACC_00299,ACC_00263,45.49,2026-01-22T05:59:00
TXN_007938,ACC_00188,ACC_00143,3392.37,2026-01-15T00:41:00
TXN_007939,ACC_00160,ACC_00187,1035.95,2026-01-23T17:11:00
TXN_007940,ACC_00294,ACC_00253,4087.61,2026-01-01T05:01:00
TXN_007941,ACC_00955,ACC_00966,2037.44,2026-01-16T11:43:00
TXN_007942,ACC_00889,ACC_00869,3436.47,2026-01-30T03:58:00
TXN_007943,ACC_00697,ACC_00609,4640.21,2026-01-02T14:09:00
TXN_007944,ACC_00844,ACC_00887,2376.67,2026-01-28T12:46:00
TXN_007945,ACC_00565,ACC_00549,4311.34,2026-01-22T19:01:00
TXN_007946,ACC_00938,ACC_00928,4964.37,2026-01-09T20:29:00
TXN_007947,ACC_00636,ACC_00635,264.79,2026-01-23T13:57:00
TXN_007948,ACC_00626,ACC_00620,1984.11,2026-01-23T07:12:00
TXN_007949,ACC_00785,ACC_00755,2976.69,2026-01-16T23:00:00
TXN_007950,ACC_00495,ACC_00443,2227.8,2026-01-24T14:03:00
TXN_007951,ACC_00650,ACC_00680,4098.13,2026-01-12T19:12:00
TXN_007952,ACC_00457,ACC_00496,1750.86,2026-01-04T13:31:00
TXN_007953,ACC_00336,ACC_00357,4319.04,2026-01-12T12:03:00
TXN_007954,ACC_00092,ACC_00082,1273.41,2026-01-06T21:40:00
TXN_007955,ACC_00531,ACC_00557,856.57,2026-01-23T12:50:00
TXN_007956,ACC_00072,ACC_00093,3399.34,2026-01-13T10:04:00
TXN_007957,ACC_00879,ACC_00851,4393.69,2026-01-15T07:52:00
TXN_007958,ACC_00934,ACC_00943,1192.75,2026-01-02T05:28:00
TXN_007959,ACC_00536,ACC_00571,3866.53,2026-01-02T11:32:00
TXN_007960,ACC_00768,ACC_00701,1155.56,2026-01-18T01:09:00
TXN_007961,ACC_00326,ACC_00394,1865.65,2026-01-25T06:55:00
TXN_007962,ACC_00675,ACC_00625,3610.86,2026-01-09T11:44:00
TXN_007963,ACC_00132,ACC_00153,1905.08,2026-01-28T08:16:00
TXN_007964,ACC_00806,ACC_00890,4059.0,2026-01-13T14:13:00
TXN_007965,ACC_00061,ACC_00029,1053.07,2026-01-21T20:54:00
TXN_007966,ACC_00412,ACC_00446,3611.34,2026-01-01T01:25:00
TXN_007967,ACC_00628,ACC_00623,4193.77,2026-01-12T17:19:00
TXN_007968,ACC_00514,ACC_00506,2043.98,2026-01-07T10:10:00
TXN_007969,ACC_00830,ACC_00869,3161.88,2026-01-21T13:39:00
TXN_007970,ACC_00627,ACC_00626,4623.38,2026-01-14T06:14:00
TXN_007971,ACC_00736,ACC_00783,1339.72,2026-01-20T10:26:00
TXN_007972,ACC_00656,ACC_00696,1245.72,2026-01-02T16:47:00
TXN_007973,ACC_00263,ACC_00226,3100.46,2026-01-26T23:00:00
TXN_007974,ACC_00415,ACC_00443,741.72,2026-01-28T01:30:00
TXN_007975,ACC_00091,ACC_00098,1425.55,2026-01-27T04:40:00
TXN_007976,ACC_00107,ACC_00112,903.41,2026-01-01T23:05:00
TXN_007977,ACC_00756,ACC_00706,4022.93,2026-01-22T23:29:00
TXN_007978,ACC_00188,ACC_00177,583.77,2026-01-15T22:09:00
TXN_007979,ACC_00467,ACC_00434,4406.95,2026-01-27T22:30:00
TXN_007980,ACC_00773,ACC_00782,1018.9,2026-01-22T08:38:00
TXN_007981,ACC_00331,ACC_00303,445.1,2026-01-20T10:31:00
TXN_007982,ACC_00428,ACC_00442,4312.43,2026-01-21T08:26:00
TXN_007983,ACC_00535,ACC_00591,2645.24,2026-01-22T12:42:00
TXN_007984,ACC_00344,ACC_00303,3346.72,2026-01-16T15:40:00
TXN_007985,ACC_00253,ACC_00205,3805.03,2026-01-09T10:51:00
TXN_007986,ACC_00093,ACC_00052,2357.15,2026-01-25T00:33:00
TXN_007987,ACC_00697,ACC_00661,2409.62,2026-01-03T18:02:00
TXN_007988,ACC_00888,ACC_00816,3002.57,2026-01-08T06:40:00
TXN_007989,ACC_00393,ACC_00352,4314.85,2026-01-05T07:36:00
TXN_007990,ACC_00915,ACC_00917,2465.0,2026-01-09T12:54:00
TXN_007991,ACC_00447,ACC_00477,2945.37,2026-01-30T08:05:00
TXN_007992,ACC_00487,ACC_00414,4547.04,2026-01-10T10:12:00
TXN_007993,ACC_00364,ACC_00353,2235.01,2026-01-23T18:43:00
TXN_007994,ACC_00589,ACC_00565,2451.5,2026-01-01T12:47:00
TXN_007995,ACC_00198,ACC_00106,4015.2,2026-01-29T13:54:00
TXN_007996,ACC_00683,ACC_00647,4433.37,2026-01-06T10:05:00
TXN_007997,ACC_00635,ACC_00606,188.7,2026-01-23T13:43:00
TXN_007998,ACC_00768,ACC_00727,3406.84,2026-01-25T11:28:00
TXN_007999,ACC_00457,ACC_00468,2566.33,2026-01-13T05:42:00
TXN_008000,ACC_00302,ACC_00330,2592.55,2026-01-12T13:46:00
TXN_008001,ACC_00560,ACC_00528,4649.19,2026-01-20T16:47:00
TXN_008002,ACC_00585,ACC_00537,4341.2,2026-01-01T07:54:00
TXN_008003,ACC_00480,ACC_00417,931.67,2026-01-22T19:25:00
TXN_008004,ACC_00079,ACC_00002,597.24,2026-01-09T14:35:00
TXN_008005,ACC_00771,ACC_00765,3961.38,2026-01-12T03:27:00
TXN_008006,ACC_00633,ACC_00632,2145.83,2026-01-04T18:20:00
TXN_008007,ACC_00842,ACC_00896,2517.85,2026-01-29T09:45:00
TXN_008008,ACC_00434,ACC_00435,2758.62,2026-01-02T21:29:00
TXN_008009,ACC_00941,ACC_00996,1085.9,2026-01-27T17:50:00
TXN_008010,ACC_00324,ACC_00381,2311.23,2026-01-02T12:46:00
TXN_008011,ACC_00556,ACC_00501,781.03,2026-01-16T13:51:00
TXN_008012,ACC_00980,ACC_01000,629.75,2026-01-03T11:04:00
TXN_008013,ACC_00521,ACC_00527,198.44,2026-01-30T12:51:00
TXN_008014,ACC_00278,ACC_00277,3116.03,2026-01-30T23:08:00
TXN_008015,ACC_00626,ACC_00629,4797.38,2026-01-01T23:17:00
TXN_008016,ACC_00232,ACC_00246,1769.59,2026-01-19T04:24:00
TXN_008017,ACC_00032,ACC_00004,2990.24,2026-01-21T00:46:00
TXN_008018,ACC_00916,ACC_00946,4027.42,2026-01-13T12:34:00
TXN_008019,ACC_00024,ACC_00088,1050.32,2026-01-22T01:37:00
TXN_008020,ACC_00204,ACC_00216,4333.25,2026-01-07T15:26:00
TXN_008021,ACC_00946,ACC_00928,2796.55,2026-01-05T06:02:00
TXN_008022,ACC_00501,ACC_00503,648.83,2026-01-14T07:10:00
TXN_008023,ACC_00186,ACC_00169,3501.92,2026-01-07T08:57:00
TXN_008024,ACC_00667,ACC_00617,1511.77,2026-01-03T12:35:00
TXN_008025,ACC_00189,ACC_00105,1195.19,2026-01-26T18:53:00
TXN_008026,ACC_00045,ACC_00039,1446.55,2026-01-25T03:39:00
TXN_008027,ACC_00728,ACC_00767,2222.89,2026-01-17T08:01:00
TXN_008028,ACC_00777,ACC_00758,2938.69,2026-01-10T07:26:00
TXN_008029,ACC_00896,ACC_00820,4156.83,2026-01-13T07:53:00
TXN_008030,ACC_00582,ACC_00588,1191.14,2026-01-15T21:37:00
TXN_008031,ACC_00148,ACC_00111,792.5,2026-01-25T09:13:00
TXN_008032,ACC_00287,ACC_00225,4353.0,2026-01-24T10:45:00
TXN_008033,ACC_00636,ACC_00617,1781.63,2026-01-27T17:01:00
TXN_008034,ACC_00165,ACC_00144,4355.41,2026-01-09T09:42:00
TXN_008035,ACC_00583,ACC_00560,3872.29,2026-01-20T01:26:00
TXN_008036,ACC_00885,ACC_00893,1689.35,2026-01-04T14:34:00
TXN_008037,ACC_00576,ACC_00506,277.65,2026-01-12T02:09:00
TXN_008038,ACC_00816,ACC_00874,3642.37,2026-01-20T06:16:00
TXN_008039,ACC_00943,ACC_00939,3711.29,2026-01-12T21:57:00
TXN_008040,ACC_00750,ACC_00714,84.32,2026-01-16T09:49:00
TXN_008041,ACC_00466,ACC_00471,2930.17,2026-01-13T19:43:00
TXN_008042,ACC_00192,ACC_00142,2557.0,2026-01-02T09:15:00
TXN_008043,ACC_00284,ACC_00233,2042.04,2026-01-14T02:41:00
TXN_008044,ACC_00406,ACC_00431,143.54,2026-01-16T03:06:00
TXN_008045,ACC_00677,ACC_00647,3921.43,2026-01-16T18:39:00
TXN_008046,ACC_00990,ACC_01000,1847.65,2026-01-10T13:44:00
TXN_008047,ACC_00566,ACC_00510,2543.87,2026-01-03T19:43:00
TXN_008048,ACC_00285,ACC_00220,2198.81,2026-01-21T07:50:00
TXN_008049,ACC_00539,ACC_00558,3141.65,2026-01-21T13:43:00
TXN_008050,ACC_00735,ACC_00748,4370.66,2026-01-27T03:25:00
TXN_008051,ACC_00537,ACC_00591,639.69,2026-01-06T08:18:00
TXN_008052,ACC_00858,ACC_00819,3685.94,2026-01-14T03:04:00
TXN_008053,ACC_00362,ACC_00377,3082.32,2026-01-22T09:17:00
TXN_008054,ACC_00064,ACC_00008,4372.09,2026-01-13T23:19:00
TXN_008055,ACC_00577,ACC_00537,4162.32,2026-01-25T21:55:00
TXN_008056,ACC_00989,ACC_00995,2314.61,2026-01-19T22:26:00
TXN_008057,ACC_00493,ACC_00414,2137.59,2026-01-20T20:38:00
TXN_008058,ACC_00387,ACC_00373,3942.58,2026-01-16T12:22:00
TXN_008059,ACC_00716,ACC_00720,1826.43,2026-01-16T00:19:00
TXN_008060,ACC_00344,ACC_00304,3884.85,2026-01-08T16:19:00
TXN_008061,ACC_00658,ACC_00634,3673.85,2026-01-29T09:38:00
TXN_008062,ACC_00049,ACC_00039,3913.37,2026-01-06T15:21:00
TXN_008063,ACC_00263,ACC_00219,1992.53,2026-01-22T23:12:00
TXN_008064,ACC_00309,ACC_00337,4742.69,2026-01-17T17:45:00
TXN_008065,ACC_00336,ACC_00314,4532.95,2026-01-23T14:14:00
TXN_008066,ACC_00008,ACC_00044,4802.31,2026-01-13T21:01:00
TXN_008067,ACC_00572,ACC_00531,1772.43,2026-01-14T04:31:00
TXN_008068,ACC_00944,ACC_00947,4009.09,2026-01-20T19:17:00
TXN_008069,ACC_00155,ACC_00172,1025.65,2026-01-10T18:29:00
TXN_008070,ACC_00790,ACC_00798,2079.66,2026-01-19T20:52:00
TXN_008071,ACC_00072,ACC_00079,3795.55,2026-01-17T04:58:00
TXN_008072,ACC_00496,ACC_00475,159.55,2026-01-05T04:06:00
TXN_008073,ACC_00698,ACC_00692,1475.58,2026-01-03T07:30:00
TXN_008074,ACC_00161,ACC_00112,4554.48,2026-01-17T20:44:00
TXN_008075,ACC_00772,ACC_00742,476.51,2026-01-08T05:18:00
TXN_008076,ACC_00959,ACC_00975,1123.11,2026-01-11T12:52:00
TXN_008077,ACC_00850,ACC_00806,3411.43,2026-01-29T00:54:00
TXN_008078,ACC_00309,ACC_00386,189.87,2026-01-20T03:00:00
TXN_008079,ACC_00967,ACC_00965,1757.8,2026-01-25T20:43:00
TXN_008080,ACC_00012,ACC_00005,1865.31,2026-01-17T18:33:00
TXN_008081,ACC_00826,ACC_00877,473.24,2026-01-04T13:30:00
TXN_008082,ACC_00527,ACC_00523,817.2,2026-01-02T23:44:00
TXN_008083,ACC_00407,ACC_00405,3543.73,2026-01-28T19:28:00
TXN_008084,ACC_00391,ACC_00328,2172.81,2026-01-26T23:19:00
TXN_008085,ACC_00776,ACC_00706,4549.14,2026-01-09T10:00:00
TXN_008086,ACC_00370,ACC_00372,2243.26,2026-01-29T22:59:00
TXN_008087,ACC_00284,ACC_00209,2666.16,2026-01-26T11:13:00
TXN_008088,ACC_00368,ACC_00339,4763.43,2026-01-13T21:28:00
TXN_008089,ACC_00767,ACC_00713,3866.89,2026-01-19T18:14:00
TXN_008090,ACC_00652,ACC_00632,4404.58,2026-01-13T10:09:00
TXN_008091,ACC_00295,ACC_00202,1170.6,2026-01-25T17:50:00
TXN_008092,ACC_00890,ACC_00812,1476.79,2026-01-09T10:43:00
TXN_008093,ACC_00656,ACC_00638,1397.69,2026-01-22T21:05:00
TXN_008094,ACC_00640,ACC_00636,1295.71,2026-01-02T08:45:00
TXN_008095,ACC_00825,ACC_00899,3810.51,2026-01-08T13:48:00
TXN_008096,ACC_00956,ACC_00953,2217.29,2026-01-11T21:43:00
TXN_008097,ACC_00567,ACC_00512,2377.11,2026-01-26T00:22:00
TXN_008098,ACC_00435,ACC_00479,852.14,2026-01-26T18:44:00
TXN_008099,ACC_00668,ACC_00658,1536.72,2026-01-05T00:27:00
TXN_008100,ACC_00450,ACC_00479,4913.96,2026-01-10T21:16:00
TXN_008101,ACC_00979,ACC_00991,1254.11,2026-01-16T05:51:00
TXN_008102,ACC_00543,ACC_00556,1561.65,2026-01-19T08:35:00
TXN_008103,ACC_00226,ACC_00279,61.08,2026-01-13T16:54:00
TXN_008104,ACC_00281,ACC_00249,3797.43,2026-01-27T13:09:00
TXN_008105,ACC_00873,ACC_00849,3830.71,2026-01-13T05:01:00
TXN_008106,ACC_00950,ACC_00954,328.74,2026-01-24T15:16:00
TXN_008107,ACC_00185,ACC_00169,4200.51,2026-01-09T06:51:00
TXN_008108,ACC_00919,ACC_00932,3154.42,2026-01-30T13:53:00
TXN_008109,ACC_00235,ACC_00250,2458.32,2026-01-26T11:52:00
TXN_008110,ACC_00207,ACC_00229,1046.87,2026-01-22T06:51:00
TXN_008111,ACC_00791,ACC_00772,275.64,2026-01-13T06:44:00
TXN_008112,ACC_00687,ACC_00692,1026.73,2026-01-03T22:15:00
TXN_008113,ACC_00663,ACC_00639,4818.67,2026-01-24T16:52:00
TXN_008114,ACC_00765,ACC_00732,4641.93,2026-01-03T08:12:00
TXN_008115,ACC_00542,ACC_00575,3435.57,2026-01-18T12:34:00
TXN_008116,ACC_00587,ACC_00600,3316.34,2026-01-21T10:48:00
TXN_008117,ACC_00559,ACC_00565,2812.5,2026-01-18T12:55:00
TXN_008118,ACC_00007,ACC_00046,344.85,2026-01-16T08:26:00
TXN_008119,ACC_00251,ACC_00282,3261.78,2026-01-22T19:10:00
TXN_008120,ACC_00482,ACC_00433,1327.2,2026-01-28T09:10:00
TXN_008121,ACC_00629,ACC_00622,191.74,2026-01-22T05:58:00
TXN_008122,ACC_00614,ACC_00633,1782.11,2026-01-20T18:28:00
TXN_008123,ACC_00433,ACC_00423,316.64,2026-01-02T22:12:00
TXN_008124,ACC_00212,ACC_00288,2162.16,2026-01-24T05:10:00
TXN_008125,ACC_00459,ACC_00492,4328.64,2026-01-05T12:57:00
TXN_008126,ACC_00207,ACC_00232,423.28,2026-01-15T19:51:00
TXN_008127,ACC_00912,ACC_00974,1744.53,2026-01-25T00:22:00
TXN_008128,ACC_00044,ACC_00053,3140.47,2026-01-18T00:34:00
TXN_008129,ACC_00329,ACC_00341,1604.33,2026-01-25T21:49:00
TXN_008130,ACC_00812,ACC_00881,4944.57,2026-01-12T23:23:00
TXN_008131,ACC_00224,ACC_00291,2508.51,2026-01-26T14:34:00
TXN_008132,ACC_00755,ACC_00753,938.97,2026-01-10T07:42:00
TXN_008133,ACC_00786,ACC_00776,3899.28,2026-01-03T04:00:00
TXN_008134,ACC_00227,ACC_00271,17.8,2026-01-05T08:37:00
TXN_008135,ACC_00096,ACC_00065,4853.01,2026-01-29T00:24:00
TXN_008136,ACC_00706,ACC_00705,764.0,2026-01-17T13:10:00
TXN_008137,ACC_00911,ACC_00968,1754.36,2026-01-13T03:55:00
TXN_008138,ACC_00475,ACC_00499,1815.63,2026-01-19T11:55:00
TXN_008139,ACC_00903,ACC_00943,2370.68,2026-01-07T00:56:00
TXN_008140,ACC_00245,ACC_00279,2151.78,2026-01-29T05:40:00
TXN_008141,ACC_00138,ACC_00128,4518.79,2026-01-15T09:44:00
TXN_008142,ACC_00825,ACC_00806,4711.46,2026-01-15T04:54:00
TXN_008143,ACC_00081,ACC_00062,3660.55,2026-01-22T19:20:00
TXN_008144,ACC_00516,ACC_00529,2146.25,2026-01-02T19:51:00
TXN_008145,ACC_00077,ACC_00097,4486.64,2026-01-07T23:16:00
TXN_008146,ACC_00214,ACC_00252,2942.49,2026-01-26T00:29:00
TXN_008147,ACC_00444,ACC_00426,560.05,2026-01-21T22:20:00
TXN_008148,ACC_00731,ACC_00720,1424.26,2026-01-02T23:45:00
TXN_008149,ACC_00179,ACC_00117,1417.2,2026-01-21T04:23:00
TXN_008150,ACC_00123,ACC_00153,2062.06,2026-01-20T08:11:00
TXN_008151,ACC_00606,ACC_00623,1014.22,2026-01-11T02:06:00
TXN_008152,ACC_00153,ACC_00146,2555.86,2026-01-16T11:06:00
TXN_008153,ACC_00698,ACC_00619,2273.91,2026-01-12T09:39:00
TXN_008154,ACC_00544,ACC_00520,2289.95,2026-01-20T03:49:00
TXN_008155,ACC_00207,ACC_00287,2031.86,2026-01-12T00:16:00
TXN_008156,ACC_00796,ACC_00708,2278.93,2026-01-07T13:15:00
TXN_008157,ACC_00515,ACC_00501,4447.4,2026-01-01T08:24:00
TXN_008158,ACC_00596,ACC_00588,2753.8,2026-01-20T20:54:00
TXN_008159,ACC_00055,ACC_00075,1602.84,2026-01-01T02:59:00
TXN_008160,ACC_00199,ACC_00110,425.31,2026-01-09T02:14:00
TXN_008161,ACC_00812,ACC_00850,4348.81,2026-01-21T15:29:00
TXN_008162,ACC_00926,ACC_00924,1831.23,2026-01-11T23:09:00
TXN_008163,ACC_00374,ACC_00330,93.32,2026-01-11T12:41:00
TXN_008164,ACC_00535,ACC_00568,3673.04,2026-01-13T19:53:00
TXN_008165,ACC_00511,ACC_00554,2370.67,2026-01-16T01:22:00
TXN_008166,ACC_00057,ACC_00075,949.84,2026-01-14T12:11:00
TXN_008167,ACC_00191,ACC_00168,170.02,2026-01-11T08:09:00
TXN_008168,ACC_00423,ACC_00451,2067.2,2026-01-13T01:31:00
TXN_008169,ACC_00843,ACC_00881,3698.69,2026-01-16T01:27:00
TXN_008170,ACC_00904,ACC_00919,1529.89,2026-01-02T13:42:00
TXN_008171,ACC_00142,ACC_00191,2726.42,2026-01-14T20:54:00
TXN_008172,ACC_00100,ACC_00041,259.02,2026-01-05T11:37:00
TXN_008173,ACC_00325,ACC_00337,3875.7,2026-01-18T19:27:00
TXN_008174,ACC_00329,ACC_00354,3822.13,2026-01-10T05:49:00
TXN_008175,ACC_00041,ACC_00062,3502.51,2026-01-17T18:17:00
TXN_008176,ACC_00360,ACC_00390,24.46,2026-01-03T09:49:00
TXN_008177,ACC_00837,ACC_00816,3857.63,2026-01-19T11:02:00
TXN_008178,ACC_00430,ACC_00458,174.69,2026-01-21T10:23:00
TXN_008179,ACC_00213,ACC_00260,4143.99,2026-01-01T11:42:00
TXN_008180,ACC_00457,ACC_00408,4096.39,2026-01-06T01:35:00
TXN_008181,ACC_00591,ACC_00590,856.39,2026-01-29T07:49:00
TXN_008182,ACC_00328,ACC_00381,3726.8,2026-01-26T17:33:00
TXN_008183,ACC_00158,ACC_00183,1876.82,2026-01-25T12:48:00
TXN_008184,ACC_00814,ACC_00859,3029.6,2026-01-18T05:31:00
TXN_008185,ACC_00505,ACC_00546,481.02,2026-01-28T12:03:00
TXN_008186,ACC_00389,ACC_00400,1202.51,2026-01-26T14:43:00
TXN_008187,ACC_00108,ACC_00188,3608.33,2026-01-16T19:11:00
TXN_008188,ACC_00911,ACC_01000,3036.81,2026-01-18T05:20:00
TXN_008189,ACC_00825,ACC_00832,377.44,2026-01-30T14:28:00
TXN_008190,ACC_00928,ACC_00949,3221.48,2026-01-14T02:03:00
TXN_008191,ACC_00067,ACC_00078,3616.19,2026-01-12T17:28:00
TXN_008192,ACC_00050,ACC_00045,1487.12,2026-01-29T15:33:00
TXN_008193,ACC_00520,ACC_00595,2858.96,2026-01-16T04:52:00
TXN_008194,ACC_00560,ACC_00503,4263.93,2026-01-23T15:21:00
TXN_008195,ACC_00648,ACC_00601,1312.19,2026-01-27T05:44:00
TXN_008196,ACC_00202,ACC_00261,4404.87,2026-01-25T11:37:00
TXN_008197,ACC_00555,ACC_00519,4709.54,2026-01-30T16:45:00
TXN_008198,ACC_00258,ACC_00215,3311.57,2026-01-27T10:34:00
TXN_008199,ACC_00253,ACC_00204,4891.18,2026-01-06T20:32:00
TXN_008200,ACC_00695,ACC_00609,2809.95,2026-01-06T12:28:00
TXN_008201,ACC_00803,ACC_00895,141.68,2026-01-06T08:23:00
TXN_008202,ACC_00929,ACC_00956,2942.3,2026-01-01T03:31:00
TXN_008203,ACC_00176,ACC_00136,27.41,2026-01-27T00:31:00
TXN_008204,ACC_00809,ACC_00884,254.3,2026-01-22T06:28:00
TXN_008205,ACC_00318,ACC_00364,3337.19,2026-01-19T11:41:00
TXN_008206,ACC_00804,ACC_00845,2314.54,2026-01-24T20:13:00
TXN_008207,ACC_00764,ACC_00707,1394.88,2026-01-04T20:26:00
TXN_008208,ACC_00960,ACC_00918,2537.54,2026-01-18T13:17:00
TXN_008209,ACC_00114,ACC_00173,2139.74,2026-01-16T06:50:00
TXN_008210,ACC_00952,ACC_00940,150.58,2026-01-20T18:03:00
TXN_008211,ACC_00758,ACC_00726,1596.5,2026-01-29T22:23:00
TXN_008212,ACC_00947,ACC_00950,3432.37,2026-01-26T14:52:00
TXN_008213,ACC_00922,ACC_00920,1776.96,2026-01-02T16:19:00
TXN_008214,ACC_00127,ACC_00148,1208.39,2026-01-19T06:17:00
TXN_008215,ACC_00995,ACC_00985,3987.43,2026-01-21T21:57:00
TXN_008216,ACC_00886,ACC_00879,1765.01,2026-01-08T22:49:00
TXN_008217,ACC_00064,ACC_00046,2127.83,2026-01-05T19:36:00
TXN_008218,ACC_00493,ACC_00468,3198.42,2026-01-19T22:27:00
TXN_008219,ACC_00347,ACC_00370,2759.47,2026-01-06T11:46:00
TXN_008220,ACC_00163,ACC_00194,1318.08,2026-01-23T14:27:00
TXN_008221,ACC_00737,ACC_00764,3039.99,2026-01-21T12:45:00
TXN_008222,ACC_00579,ACC_00580,3276.48,2026-01-16T03:49:00
TXN_008223,ACC_00428,ACC_00469,1870.49,2026-01-11T16:53:00
TXN_008224,ACC_00975,ACC_00976,3761.11,2026-01-22T09:00:00
TXN_008225,ACC_00245,ACC_00219,4213.34,2026-01-02T15:25:00
TXN_008226,ACC_00926,ACC_00908,4461.37,2026-01-18T07:01:00
TXN_008227,ACC_00682,ACC_00674,752.03,2026-01-06T14:26:00
TXN_008228,ACC_00715,ACC_00774,2847.3,2026-01-05T01:15:00
TXN_008229,ACC_00974,ACC_00925,1854.11,2026-01-10T14:16:00
TXN_008230,ACC_00028,ACC_00081,1234.13,2026-01-04T11:20:00
TXN_008231,ACC_00862,ACC_00872,207.63,2026-01-10T20:44:00
TXN_008232,ACC_00668,ACC_00617,3991.23,2026-01-24T11:10:00
TXN_008233,ACC_00748,ACC_00730,1653.83,2026-01-11T17:08:00
TXN_008234,ACC_00523,ACC_00555,275.78,2026-01-08T19:30:00
TXN_008235,ACC_00987,ACC_00936,4780.96,2026-01-25T23:30:00
TXN_008236,ACC_00462,ACC_00465,577.54,2026-01-06T15:19:00
TXN_008237,ACC_00821,ACC_00852,4273.92,2026-01-27T21:24:00
TXN_008238,ACC_00926,ACC_00938,619.88,2026-01-17T18:22:00
TXN_008239,ACC_00374,ACC_00322,695.85,2026-01-06T19:18:00
TXN_008240,ACC_00311,ACC_00357,2305.85,2026-01-30T08:16:00
TXN_008241,ACC_00643,ACC_00602,2842.61,2026-01-12T02:50:00
TXN_008242,ACC_00488,ACC_00493,1873.87,2026-01-20T23:55:00
TXN_008243,ACC_00041,ACC_00042,3466.69,2026-01-22T22:51:00
TXN_008244,ACC_00793,ACC_00762,403.6,2026-01-26T14:26:00
TXN_008245,ACC_00427,ACC_00410,3349.89,2026-01-06T17:07:00
TXN_008246,ACC_00339,ACC_00383,1039.92,2026-01-15T12:43:00
TXN_008247,ACC_00365,ACC_00390,352.86,2026-01-04T11:32:00
TXN_008248,ACC_00564,ACC_00546,4286.67,2026-01-02T10:34:00
TXN_008249,ACC_00259,ACC_00221,3098.32,2026-01-03T06:47:00
TXN_008250,ACC_00805,ACC_00894,1908.87,2026-01-09T13:27:00
TXN_008251,ACC_00558,ACC_00583,4959.14,2026-01-17T00:50:00
TXN_008252,ACC_00279,ACC_00233,1005.34,2026-01-09T23:15:00
TXN_008253,ACC_00153,ACC_00169,4450.66,2026-01-18T04:24:00
TXN_008254,ACC_00701,ACC_00767,1583.96,2026-01-25T10:39:00
TXN_008255,ACC_00052,ACC_00074,1146.87,2026-01-13T09:23:00
TXN_008256,ACC_00983,ACC_00935,4011.31,2026-01-13T02:34:00
TXN_008257,ACC_00092,ACC_00009,1506.21,2026-01-01T17:05:00
TXN_008258,ACC_00800,ACC_00796,2374.98,2026-01-27T23:43:00
TXN_008259,ACC_00925,ACC_00945,4209.05,2026-01-13T16:05:00
TXN_008260,ACC_00215,ACC_00201,4255.5,2026-01-05T20:39:00
TXN_008261,ACC_00165,ACC_00170,3078.61,2026-01-30T03:27:00
TXN_008262,ACC_00980,ACC_00983,1078.5,2026-01-06T04:06:00
TXN_008263,ACC_00298,ACC_00281,1234.65,2026-01-27T16:18:00
TXN_008264,ACC_00742,ACC_00727,1540.36,2026-01-25T01:26:00
TXN_008265,ACC_00882,ACC_00810,454.87,2026-01-05T14:02:00
TXN_008266,ACC_00705,ACC_00725,2295.7,2026-01-14T15:12:00
TXN_008267,ACC_00607,ACC_00683,4354.54,2026-01-05T05:02:00
TXN_008268,ACC_00637,ACC_00688,1927.9,2026-01-08T08:15:00
TXN_008269,ACC_00443,ACC_00442,2086.97,2026-01-13T22:01:00
TXN_008270,ACC_00201,ACC_00223,4154.34,2026-01-06T14:49:00
TXN_008271,ACC_00591,ACC_00533,3118.69,2026-01-18T17:18:00
TXN_008272,ACC_00219,ACC_00285,2852.38,2026-01-12T09:01:00
TXN_008273,ACC_00063,ACC_00011,1238.14,2026-01-21T05:51:00
TXN_008274,ACC_00430,ACC_00436,1921.29,2026-01-18T12:26:00
TXN_008275,ACC_00080,ACC_00044,2366.7,2026-01-12T19:06:00
TXN_008276,ACC_00093,ACC_00085,2091.43,2026-01-03T07:18:00
TXN_008277,ACC_00374,ACC_00368,266.84,2026-01-04T12:05:00
TXN_008278,ACC_01000,ACC_00946,1962.0,2026-01-05T22:21:00
TXN_008279,ACC_00518,ACC_00510,3165.71,2026-01-12T19:43:00
TXN_008280,ACC_00195,ACC_00123,4564.03,2026-01-01T00:29:00
TXN_008281,ACC_00238,ACC_00282,2443.15,2026-01-05T20:32:00
TXN_008282,ACC_00609,ACC_00650,217.61,2026-01-24T10:04:00
TXN_008283,ACC_00944,ACC_00956,3325.64,2026-01-12T12:26:00
TXN_008284,ACC_00168,ACC_00194,1356.36,2026-01-16T06:45:00
TXN_008285,ACC_00328,ACC_00387,2179.41,2026-01-09T23:14:00
TXN_008286,ACC_00594,ACC_00502,2594.26,2026-01-07T09:26:00
TXN_008287,ACC_00909,ACC_00943,3486.25,2026-01-20T14:52:00
TXN_008288,ACC_00571,ACC_00515,3237.52,2026-01-20T23:46:00
TXN_008289,ACC_00186,ACC_00148,2748.53,2026-01-22T13:07:00
TXN_008290,ACC_00908,ACC_00991,896.62,2026-01-15T23:34:00
TXN_008291,ACC_00476,ACC_00423,437.37,2026-01-08T17:53:00
TXN_008292,ACC_00915,ACC_00983,3255.55,2026-01-05T16:06:00
TXN_008293,ACC_00274,ACC_00275,1358.97,2026-01-28T15:39:00
TXN_008294,ACC_00138,ACC_00115,44.13,2026-01-13T22:28:00
TXN_008295,ACC_00128,ACC_00166,3469.9,2026-01-17T11:12:00
TXN_008296,ACC_00674,ACC_00675,2906.63,2026-01-09T15:03:00
TXN_008297,ACC_00422,ACC_00453,777.64,2026-01-15T15:06:00
TXN_008298,ACC_00121,ACC_00191,549.28,2026-01-02T09:20:00
TXN_008299,ACC_00406,ACC_00420,3100.21,2026-01-03T08:24:00
TXN_008300,ACC_00883,ACC_00839,2184.84,2026-01-14T23:34:00
TXN_008301,ACC_00866,ACC_00867,2022.2,2026-01-18T19:04:00
TXN_008302,ACC_00939,ACC_00970,3458.25,2026-01-04T08:56:00
TXN_008303,ACC_00260,ACC_00224,631.88,2026-01-28T07:12:00
TXN_008304,ACC_00659,ACC_00686,4747.62,2026-01-15T21:06:00
TXN_008305,ACC_00154,ACC_00140,3472.3,2026-01-13T10:18:00
TXN_008306,ACC_00916,ACC_00941,3981.52,2026-01-09T17:02:00
TXN_008307,ACC_00172,ACC_00184,4463.23,2026-01-02T03:47:00
TXN_008308,ACC_00125,ACC_00108,1580.08,2026-01-24T13:07:00
TXN_008309,ACC_00228,ACC_00214,2019.18,2026-01-17T08:27:00
TXN_008310,ACC_00899,ACC_00822,1456.2,2026-01-11T17:34:00
TXN_008311,ACC_00833,ACC_00892,3639.06,2026-01-01T13:30:00
TXN_008312,ACC_00293,ACC_00295,1978.73,2026-01-12T11:01:00
TXN_008313,ACC_00662,ACC_00611,1221.05,2026-01-29T15:50:00
TXN_008314,ACC_00202,ACC_00218,1242.02,2026-01-15T06:01:00
TXN_008315,ACC_00421,ACC_00431,2125.32,2026-01-25T10:26:00
TXN_008316,ACC_00058,ACC_00061,157.89,2026-01-18T12:22:00
TXN_008317,ACC_00280,ACC_00294,3262.55,2026-01-10T00:09:00
TXN_008318,ACC_00997,ACC_00969,3202.56,2026-01-23T11:01:00
TXN_008319,ACC_00691,ACC_00651,1518.9,2026-01-22T09:06:00
TXN_008320,ACC_00890,ACC_00864,4317.66,2026-01-23T03:42:00
TXN_008321,ACC_00106,ACC_00158,1696.83,2026-01-30T14:17:00
TXN_008322,ACC_00489,ACC_00407,1213.1,2026-01-01T22:21:00
TXN_008323,ACC_00390,ACC_00305,4273.82,2026-01-17T20:32:00
TXN_008324,ACC_00089,ACC_00087,3576.28,2026-01-28T05:33:00
TXN_008325,ACC_00719,ACC_00737,4023.59,2026-01-22T00:34:00
TXN_008326,ACC_00245,ACC_00236,2166.98,2026-01-09T07:43:00
TXN_008327,ACC_00409,ACC_00456,2967.13,2026-01-25T04:55:00
TXN_008328,ACC_00376,ACC_00323,4990.46,2026-01-23T02:10:00
TXN_008329,ACC_00697,ACC_00693,2908.84,2026-01-11T15:31:00
TXN_008330,ACC_00590,ACC_00524,2782.2,2026-01-10T23:47:00
TXN_008331,ACC_00171,ACC_00122,2887.03,2026-01-24T06:27:00
TXN_008332,ACC_00683,ACC_00625,840.4,2026-01-29T12:22:00
TXN_008333,ACC_00771,ACC_00784,2584.7,2026-01-20T09:49:00
TXN_008334,ACC_00795,ACC_00706,911.42,2026-01-13T11:29:00
TXN_008335,ACC_00346,ACC_00359,1162.61,2026-01-30T14:27:00
TXN_008336,ACC_00879,ACC_00878,2898.28,2026-01-17T17:05:00
TXN_008337,ACC_00111,ACC_00193,3411.64,2026-01-20T09:43:00
TXN_008338,ACC_00924,ACC_00987,3257.5,2026-01-04T16:20:00
TXN_008339,ACC_00532,ACC_00540,3602.38,2026-01-22T06:43:00
TXN_008340,ACC_00501,ACC_00561,26.45,2026-01-30T19:55:00
TXN_008341,ACC_00748,ACC_00701,2762.38,2026-01-26T10:07:00
TXN_008342,ACC_00473,ACC_00437,2893.56,2026-01-30T23:23:00
TXN_008343,ACC_00952,ACC_00926,2285.78,2026-01-16T18:28:00
TXN_008344,ACC_00854,ACC_00891,634.98,2026-01-19T20:51:00
TXN_008345,ACC_00131,ACC_00170,4061.21,2026-01-01T12:32:00
TXN_008346,ACC_00946,ACC_00910,3907.9,2026-01-28T19:15:00
TXN_008347,ACC_00471,ACC_00436,1396.74,2026-01-17T08:07:00
TXN_008348,ACC_00221,ACC_00248,1670.73,2026-01-27T12:27:00
TXN_008349,ACC_00126,ACC_00125,3715.06,2026-01-02T13:45:00
TXN_008350,ACC_00909,ACC_00945,490.37,2026-01-14T09:17:00
TXN_008351,ACC_00627,ACC_00685,557.57,2026-01-17T03:05:00
TXN_008352,ACC_00104,ACC_00177,2494.44,2026-01-19T16:37:00
TXN_008353,ACC_00514,ACC_00587,4886.86,2026-01-11T11:39:00
TXN_008354,ACC_00630,ACC_00652,3673.33,2026-01-17T04:16:00
TXN_008355,ACC_00043,ACC_00094,1266.53,2026-01-02T09:14:00
TXN_008356,ACC_00731,ACC_00764,711.93,2026-01-07T11:29:00
TXN_008357,ACC_00418,ACC_00454,4217.96,2026-01-23T03:47:00
TXN_008358,ACC_00706,ACC_00791,4418.76,2026-01-10T01:03:00
TXN_008359,ACC_00228,ACC_00282,569.06,2026-01-25T19:16:00
TXN_008360,ACC_00811,ACC_00857,4435.35,2026-01-03T20:57:00
TXN_008361,ACC_00880,ACC_00884,3753.08,2026-01-26T22:48:00
TXN_008362,ACC_00540,ACC_00587,3711.2,2026-01-21T04:00:00
TXN_008363,ACC_00518,ACC_00516,4516.76,2026-01-04T05:07:00
TXN_008364,ACC_00796,ACC_00741,2121.33,2026-01-27T10:58:00
TXN_008365,ACC_00728,ACC_00710,1536.01,2026-01-04T23:46:00
TXN_008366,ACC_00331,ACC_00314,4981.59,2026-01-01T17:38:00
TXN_008367,ACC_00852,ACC_00821,278.65,2026-01-11T22:56:00
TXN_008368,ACC_00694,ACC_00699,3909.53,2026-01-16T05:10:00
TXN_008369,ACC_00934,ACC_00987,143.49,2026-01-02T04:46:00
TXN_008370,ACC_00813,ACC_00866,1224.84,2026-01-01T20:26:00
TXN_008371,ACC_00639,ACC_00671,3579.16,2026-01-17T22:34:00
TXN_008372,ACC_00006,ACC_00017,2508.99,2026-01-04T01:58:00
TXN_008373,ACC_00410,ACC_00491,128.44,2026-01-12T12:09:00
TXN_008374,ACC_00158,ACC_00106,2593.8,2026-01-07T03:08:00
TXN_008375,ACC_00609,ACC_00655,2755.26,2026-01-29T20:56:00
TXN_008376,ACC_00858,ACC_00883,965.88,2026-01-29T18:40:00
TXN_008377,ACC_00137,ACC_00173,2873.97,2026-01-28T14:32:00
TXN_008378,ACC_00027,ACC_00086,4813.6,2026-01-06T20:12:00
TXN_008379,ACC_00425,ACC_00483,3324.81,2026-01-15T04:07:00
TXN_008380,ACC_00428,ACC_00493,1540.87,2026-01-10T07:50:00
TXN_008381,ACC_00214,ACC_00206,1812.5,2026-01-19T17:18:00
TXN_008382,ACC_00003,ACC_00038,19.7,2026-01-18T23:33:00
TXN_008383,ACC_00081,ACC_00038,1004.4,2026-01-06T00:43:00
TXN_008384,ACC_00344,ACC_00347,4800.61,2026-01-16T04:46:00
TXN_008385,ACC_00774,ACC_00739,246.15,2026-01-07T01:26:00
TXN_008386,ACC_00798,ACC_00719,3398.29,2026-01-06T19:42:00
TXN_008387,ACC_00946,ACC_00955,661.08,2026-01-22T03:05:00
TXN_008388,ACC_00163,ACC_00149,3556.76,2026-01-04T11:50:00
TXN_008389,ACC_00998,ACC_00972,2776.04,2026-01-27T11:45:00
TXN_008390,ACC_00859,ACC_00863,2385.84,2026-01-20T06:35:00
TXN_008391,ACC_00748,ACC_00709,2505.5,2026-01-10T21:49:00
TXN_008392,ACC_00785,ACC_00710,3951.27,2026-01-06T20:40:00
TXN_008393,ACC_00969,ACC_00911,4855.1,2026-01-25T06:12:00
TXN_008394,ACC_00379,ACC_00359,3182.95,2026-01-30T06:34:00
TXN_008395,ACC_00206,ACC_00236,2387.99,2026-01-24T01:25:00
TXN_008396,ACC_00036,ACC_00047,2938.77,2026-01-06T07:41:00
TXN_008397,ACC_00544,ACC_00595,2055.35,2026-01-23T19:32:00
TXN_008398,ACC_00811,ACC_00883,4143.21,2026-01-21T18:20:00
TXN_008399,ACC_00336,ACC_00315,2782.05,2026-01-25T12:14:00
TXN_008400,ACC_00064,ACC_00075,2019.67,2026-01-30T21:58:00
TXN_008401,ACC_00494,ACC_00487,1247.4,2026-01-02T19:44:00
TXN_008402,ACC_00145,ACC_00163,2554.89,2026-01-15T12:25:00
TXN_008403,ACC_00925,ACC_00973,3838.48,2026-01-05T19:49:00
TXN_008404,ACC_00882,ACC_00842,3311.76,2026-01-11T20:25:00
TXN_008405,ACC_00205,ACC_00247,4137.92,2026-01-13T16:39:00
TXN_008406,ACC_00925,ACC_00999,2921.81,2026-01-11T17:16:00
TXN_008407,ACC_00711,ACC_00787,1587.84,2026-01-26T15:32:00
TXN_008408,ACC_00053,ACC_00030,1576.93,2026-01-24T12:13:00
TXN_008409,ACC_00659,ACC_00602,4885.83,2026-01-07T09:12:00
TXN_008410,ACC_00782,ACC_00710,994.13,2026-01-17T03:52:00
TXN_008411,ACC_00885,ACC_00836,285.3,2026-01-09T11:03:00
TXN_008412,ACC_00546,ACC_00588,1747.73,2026-01-30T12:45:00
TXN_008413,ACC_00597,ACC_00529,1342.23,2026-01-15T13:05:00
TXN_008414,ACC_00058,ACC_00098,3543.95,2026-01-24T11:46:00
TXN_008415,ACC_00659,ACC_00660,4373.89,2026-01-23T21:46:00
TXN_008416,ACC_00876,ACC_00822,3581.88,2026-01-30T07:47:00
TXN_008417,ACC_00214,ACC_00298,3703.93,2026-01-02T10:10:00
TXN_008418,ACC_00800,ACC_00718,4628.58,2026-01-01T09:59:00
TXN_008419,ACC_00099,ACC_00097,1558.67,2026-01-29T03:37:00
TXN_008420,ACC_00116,ACC_00123,2018.64,2026-01-14T10:16:00
TXN_008421,ACC_00747,ACC_00786,2691.7,2026-01-23T09:09:00
TXN_008422,ACC_00036,ACC_00013,4763.3,2026-01-02T01:06:00
TXN_008423,ACC_00471,ACC_00455,2422.54,2026-01-19T14:34:00
TXN_008424,ACC_00854,ACC_00833,753.19,2026-01-13T10:38:00
TXN_008425,ACC_00617,ACC_00699,1510.09,2026-01-14T07:19:00
TXN_008426,ACC_00708,ACC_00790,2819.13,2026-01-12T18:38:00
TXN_008427,ACC_00661,ACC_00611,4027.97,2026-01-06T05:35:00
TXN_008428,ACC_00165,ACC_00160,3895.16,2026-01-22T05:12:00
TXN_008429,ACC_00332,ACC_00321,2321.59,2026-01-15T20:24:00
TXN_008430,ACC_00089,ACC_00037,1128.4,2026-01-14T08:51:00
TXN_008431,ACC_00060,ACC_00032,1546.71,2026-01-07T03:01:00
TXN_008432,ACC_00685,ACC_00655,2835.81,2026-01-25T03:01:00
TXN_008433,ACC_00962,ACC_00985,3007.59,2026-01-12T16:01:00
TXN_008434,ACC_00097,ACC_00028,3881.24,2026-01-30T02:03:00
TXN_008435,ACC_00430,ACC_00466,4015.97,2026-01-05T14:25:00
TXN_008436,ACC_00780,ACC_00777,4668.16,2026-01-23T18:21:00
TXN_008437,ACC_00919,ACC_00934,4208.99,2026-01-19T09:12:00
TXN_008438,ACC_00237,ACC_00260,1419.72,2026-01-02T00:23:00
TXN_008439,ACC_00816,ACC_00814,305.35,2026-01-09T17:19:00
TXN_008440,ACC_00855,ACC_00899,1232.85,2026-01-14T03:01:00
TXN_008441,ACC_00311,ACC_00334,3449.81,2026-01-17T06:14:00
TXN_008442,ACC_00513,ACC_00566,838.6,2026-01-06T16:12:00
TXN_008443,ACC_00577,ACC_00511,293.78,2026-01-22T14:25:00
TXN_008444,ACC_00335,ACC_00331,1361.35,2026-01-21T22:45:00
TXN_008445,ACC_00246,ACC_00249,1487.13,2026-01-22T08:16:00
TXN_008446,ACC_00527,ACC_00549,1582.86,2026-01-07T06:48:00
TXN_008447,ACC_00227,ACC_00216,4109.88,2026-01-04T07:46:00
TXN_008448,ACC_00414,ACC_00482,576.58,2026-01-04T00:35:00
TXN_008449,ACC_00082,ACC_00018,1902.11,2026-01-02T06:19:00
TXN_008450,ACC_00714,ACC_00732,3251.58,2026-01-19T07:06:00
TXN_008451,ACC_00307,ACC_00305,4357.0,2026-01-17T09:44:00
TXN_008452,ACC_00210,ACC_00287,1331.24,2026-01-15T01:49:00
TXN_008453,ACC_00657,ACC_00684,3743.83,2026-01-12T02:53:00
TXN_008454,ACC_00526,ACC_00572,3352.18,2026-01-13T02:00:00
TXN_008455,ACC_00600,ACC_00555,627.23,2026-01-06T10:59:00
TXN_008456,ACC_00614,ACC_00688,3343.7,2026-01-15T05:31:00
TXN_008457,ACC_00974,ACC_00992,1562.3,2026-01-28T19:29:00
TXN_008458,ACC_00253,ACC_00290,2674.35,2026-01-04T21:08:00
TXN_008459,ACC_00541,ACC_00527,3818.31,2026-01-20T23:03:00
TXN_008460,ACC_00569,ACC_00520,2654.54,2026-01-19T06:31:00
TXN_008461,ACC_00948,ACC_00908,541.27,2026-01-25T07:06:00
TXN_008462,ACC_00975,ACC_00985,4837.76,2026-01-15T03:38:00
TXN_008463,ACC_00225,ACC_00218,1743.21,2026-01-09T20:49:00
TXN_008464,ACC_00576,ACC_00530,2560.77,2026-01-16T19:54:00
TXN_008465,ACC_00386,ACC_00395,1672.96,2026-01-29T14:34:00
TXN_008466,ACC_00266,ACC_00267,1686.96,2026-01-02T09:03:00
TXN_008467,ACC_00741,ACC_00706,3583.2,2026-01-23T14:56:00
TXN_008468,ACC_00812,ACC_00875,4108.18,2026-01-29T16:37:00
TXN_008469,ACC_00347,ACC_00334,4561.22,2026-01-14T09:52:00
TXN_008470,ACC_00524,ACC_00536,2466.78,2026-01-22T13:02:00
TXN_008471,ACC_00733,ACC_00737,2831.81,2026-01-13T10:42:00
TXN_008472,ACC_00476,ACC_00432,1537.53,2026-01-02T13:03:00
TXN_008473,ACC_00407,ACC_00456,1938.8,2026-01-01T09:30:00
TXN_008474,ACC_00866,ACC_00818,1495.28,2026-01-18T18:10:00
TXN_008475,ACC_00617,ACC_00695,1827.13,2026-01-21T19:41:00
TXN_008476,ACC_00527,ACC_00564,2972.53,2026-01-22T01:19:00
TXN_008477,ACC_00846,ACC_00884,3269.59,2026-01-14T05:02:00
TXN_008478,ACC_00603,ACC_00675,707.17,2026-01-05T13:57:00
TXN_008479,ACC_00033,ACC_00004,794.23,2026-01-22T06:56:00
TXN_008480,ACC_00533,ACC_00546,3019.23,2026-01-10T00:23:00
TXN_008481,ACC_00012,ACC_00097,311.63,2026-01-20T18:11:00
TXN_008482,ACC_00929,ACC_00919,3718.43,2026-01-29T18:34:00
TXN_008483,ACC_00704,ACC_00757,725.19,2026-01-26T15:40:00
TXN_008484,ACC_00247,ACC_00286,3536.24,2026-01-05T17:45:00
TXN_008485,ACC_00426,ACC_00416,3871.52,2026-01-18T22:37:00
TXN_008486,ACC_00317,ACC_00348,3248.93,2026-01-03T16:08:00
TXN_008487,ACC_00396,ACC_00388,1492.76,2026-01-27T14:25:00
TXN_008488,ACC_00966,ACC_00968,4739.2,2026-01-12T18:31:00
TXN_008489,ACC_00259,ACC_00272,1793.86,2026-01-27T02:05:00
TXN_008490,ACC_00355,ACC_00312,2961.74,2026-01-23T17:27:00
TXN_008491,ACC_00473,ACC_00454,1687.26,2026-01-12T22:47:00
TXN_008492,ACC_00478,ACC_00490,3559.16,2026-01-17T03:02:00
TXN_008493,ACC_00559,ACC_00594,4380.47,2026-01-24T01:51:00
TXN_008494,ACC_00258,ACC_00293,3630.98,2026-01-09T18:51:00
TXN_008495,ACC_00791,ACC_00737,4007.09,2026-01-30T23:31:00
TXN_008496,ACC_00794,ACC_00714,1150.62,2026-01-25T01:54:00
TXN_008497,ACC_00288,ACC_00236,815.39,2026-01-02T01:51:00
TXN_008498,ACC_00927,ACC_00951,2384.23,2026-01-06T21:16:00
TXN_008499,ACC_00160,ACC_00153,3555.36,2026-01-13T07:35:00
TXN_008500,ACC_00406,ACC_00436,1688.42,2026-01-18T17:22:00
TXN_008501,ACC_00513,ACC_00511,2766.63,2026-01-08T10:26:00
TXN_008502,ACC_00365,ACC_00311,4824.47,2026-01-06T14:05:00
TXN_008503,ACC_00501,ACC_00518,2664.17,2026-01-06T23:22:00
TXN_008504,ACC_00921,ACC_00905,3876.98,2026-01-22T16:49:00
TXN_008505,ACC_00487,ACC_00482,2942.44,2026-01-16T09:44:00
TXN_008506,ACC_00268,ACC_00292,2217.34,2026-01-07T03:16:00
TXN_008507,ACC_00663,ACC_00662,920.98,2026-01-13T10:05:00
TXN_008508,ACC_00927,ACC_00941,1092.94,2026-01-13T01:26:00
TXN_008509,ACC_00382,ACC_00359,3659.73,2026-01-09T19:22:00
TXN_008510,ACC_00292,ACC_00257,4817.32,2026-01-24T16:00:00
TXN_008511,ACC_00954,ACC_00999,943.66,2026-01-27T07:50:00
TXN_008512,ACC_00516,ACC_00506,698.39,2026-01-01T13:01:00
TXN_008513,ACC_00063,ACC_00057,347.88,2026-01-08T12:22:00
TXN_008514,ACC_00381,ACC_00333,1932.98,2026-01-24T18:04:00
TXN_008515,ACC_00986,ACC_00949,1090.71,2026-01-16T14:56:00
TXN_008516,ACC_00709,ACC_00747,2387.25,2026-01-17T05:21:00
TXN_008517,ACC_00104,ACC_00146,31.46,2026-01-09T06:15:00
TXN_008518,ACC_00972,ACC_00925,2785.01,2026-01-03T23:32:00
TXN_008519,ACC_00304,ACC_00386,4940.84,2026-01-26T20:47:00
TXN_008520,ACC_00061,ACC_00080,4208.07,2026-01-10T12:55:00
TXN_008521,ACC_00758,ACC_00730,4912.2,2026-01-05T19:10:00
TXN_008522,ACC_00961,ACC_00925,4707.29,2026-01-13T12:32:00
TXN_008523,ACC_00467,ACC_00444,4469.68,2026-01-03T08:26:00
TXN_008524,ACC_00288,ACC_00289,3352.51,2026-01-21T15:44:00
TXN_008525,ACC_00578,ACC_00582,2632.17,2026-01-02T05:16:00
TXN_008526,ACC_00670,ACC_00692,11.29,2026-01-01T20:14:00
TXN_008527,ACC_00061,ACC_00020,147.32,2026-01-08T20:46:00
TXN_008528,ACC_00711,ACC_00721,2617.01,2026-01-06T12:25:00
TXN_008529,ACC_00445,ACC_00424,2985.08,2026-01-12T03:56:00
TXN_008530,ACC_00573,ACC_00553,665.71,2026-01-02T17:17:00
TXN_008531,ACC_00310,ACC_00342,4535.6,2026-01-29T05:56:00
TXN_008532,ACC_00967,ACC_00993,4730.92,2026-01-22T03:25:00
TXN_008533,ACC_00159,ACC_00147,3949.9,2026-01-21T06:34:00
TXN_008534,ACC_00026,ACC_00022,78.67,2026-01-09T22:45:00
TXN_008535,ACC_00868,ACC_00869,3973.88,2026-01-03T13:55:00
TXN_008536,ACC_00078,ACC_00037,2329.64,2026-01-04T01:13:00
TXN_008537,ACC_00022,ACC_00094,617.6,2026-01-13T17:28:00
TXN_008538,ACC_00304,ACC_00307,2571.05,2026-01-21T04:38:00
TXN_008539,ACC_00855,ACC_00864,1754.25,2026-01-30T13:33:00
TXN_008540,ACC_00742,ACC_00744,1697.04,2026-01-25T15:08:00
TXN_008541,ACC_00076,ACC_00044,3767.75,2026-01-27T04:05:00
TXN_008542,ACC_00443,ACC_00406,3096.88,2026-01-14T12:02:00
TXN_008543,ACC_00723,ACC_00732,2067.38,2026-01-18T18:53:00
TXN_008544,ACC_00487,ACC_00451,2232.11,2026-01-06T19:44:00
TXN_008545,ACC_00855,ACC_00844,2705.48,2026-01-05T18:00:00
TXN_008546,ACC_00137,ACC_00199,206.41,2026-01-07T02:43:00
TXN_008547,ACC_00384,ACC_00371,3829.51,2026-01-13T07:20:00
TXN_008548,ACC_00506,ACC_00588,4534.26,2026-01-12T19:10:00
TXN_008549,ACC_00214,ACC_00263,1311.34,2026-01-18T13:41:00
TXN_008550,ACC_00338,ACC_00378,4292.99,2026-01-10T03:45:00
TXN_008551,ACC_00414,ACC_00455,2251.17,2026-01-18T04:30:00
TXN_008552,ACC_00057,ACC_00072,3363.36,2026-01-26T11:23:00
TXN_008553,ACC_00673,ACC_00666,2669.16,2026-01-17T09:06:00
TXN_008554,ACC_00735,ACC_00780,4789.1,2026-01-04T10:19:00
TXN_008555,ACC_00107,ACC_00151,4057.12,2026-01-30T09:11:00
TXN_008556,ACC_00659,ACC_00683,4891.9,2026-01-07T21:11:00
TXN_008557,ACC_00412,ACC_00465,3127.82,2026-01-21T08:53:00
TXN_008558,ACC_00958,ACC_00969,4464.91,2026-01-28T19:32:00
TXN_008559,ACC_00359,ACC_00361,371.67,2026-01-03T09:13:00
TXN_008560,ACC_00236,ACC_00274,4395.28,2026-01-10T16:23:00
TXN_008561,ACC_00156,ACC_00195,1788.31,2026-01-13T02:30:00
TXN_008562,ACC_00967,ACC_00919,4911.06,2026-01-12T18:32:00
TXN_008563,ACC_00770,ACC_00702,2207.58,2026-01-13T07:21:00
TXN_008564,ACC_00406,ACC_00462,2950.01,2026-01-29T14:14:00
TXN_008565,ACC_00645,ACC_00609,4191.63,2026-01-24T03:55:00
TXN_008566,ACC_00551,ACC_00575,4928.89,2026-01-09T02:53:00
TXN_008567,ACC_00918,ACC_00997,4170.06,2026-01-03T06:48:00
TXN_008568,ACC_00386,ACC_00393,2353.42,2026-01-08T05:42:00
TXN_008569,ACC_00344,ACC_00400,597.87,2026-01-23T14:06:00
TXN_008570,ACC_00550,ACC_00562,4945.15,2026-01-09T09:37:00
TXN_008571,ACC_00232,ACC_00201,2767.31,2026-01-02T05:20:00
TXN_008572,ACC_00559,ACC_00585,4313.99,2026-01-24T00:37:00
TXN_008573,ACC_00576,ACC_00515,1178.3,2026-01-17T17:18:00
TXN_008574,ACC_00424,ACC_00444,1909.48,2026-01-18T16:11:00
TXN_008575,ACC_00075,ACC_00070,4378.55,2026-01-01T00:55:00
TXN_008576,ACC_00563,ACC_00569,2042.25,2026-01-10T16:29:00
TXN_008577,ACC_00906,ACC_00990,163.82,2026-01-10T08:30:00
TXN_008578,ACC_00410,ACC_00432,2034.25,2026-01-29T23:38:00
TXN_008579,ACC_00317,ACC_00376,1622.65,2026-01-24T11:09:00
TXN_008580,ACC_00835,ACC_00879,4989.85,2026-01-28T09:36:00
TXN_008581,ACC_00793,ACC_00757,3684.47,2026-01-02T06:09:00
TXN_008582,ACC_00055,ACC_00006,2498.61,2026-01-02T03:11:00
TXN_008583,ACC_00613,ACC_00636,1245.13,2026-01-11T21:43:00
TXN_008584,ACC_00705,ACC_00707,3668.95,2026-01-13T15:24:00
TXN_008585,ACC_00194,ACC_00185,4959.25,2026-01-23T05:14:00
TXN_008586,ACC_00426,ACC_00450,2194.04,2026-01-26T11:28:00
TXN_008587,ACC_00631,ACC_00665,2188.95,2026-01-21T20:43:00
TXN_008588,ACC_00146,ACC_00162,4001.95,2026-01-23T06:59:00
TXN_008589,ACC_00095,ACC_00042,4861.46,2026-01-12T14:29:00
TXN_008590,ACC_00856,ACC_00855,2622.38,2026-01-06T13:11:00
TXN_008591,ACC_00498,ACC_00470,1544.95,2026-01-23T17:33:00
TXN_008592,ACC_00422,ACC_00463,1814.12,2026-01-24T00:34:00
TXN_008593,ACC_00381,ACC_00309,553.05,2026-01-12T09:49:00
TXN_008594,ACC_00965,ACC_00961,2097.14,2026-01-08T21:05:00
TXN_008595,ACC_00488,ACC_00474,419.97,2026-01-08T19:53:00
TXN_008596,ACC_00218,ACC_00227,2885.45,2026-01-10T22:59:00
TXN_008597,ACC_00968,ACC_00921,1577.08,2026-01-06T13:59:00
TXN_008598,ACC_00002,ACC_00060,1065.99,2026-01-06T14:15:00
TXN_008599,ACC_00285,ACC_00290,1454.45,2026-01-01T07:20:00
TXN_008600,ACC_00466,ACC_00434,2105.35,2026-01-16T23:30:00
TXN_008601,ACC_00710,ACC_00747,561.21,2026-01-13T02:27:00
TXN_008602,ACC_00784,ACC_00790,1959.03,2026-01-18T06:55:00
TXN_008603,ACC_00441,ACC_00454,2949.59,2026-01-25T22:37:00
TXN_008604,ACC_00374,ACC_00311,2015.33,2026-01-05T11:50:00
TXN_008605,ACC_00448,ACC_00457,2009.35,2026-01-30T17:08:00
TXN_008606,ACC_00797,ACC_00752,4083.94,2026-01-17T22:48:00
TXN_008607,ACC_00650,ACC_00652,2408.48,2026-01-12T10:55:00
TXN_008608,ACC_00606,ACC_00672,637.35,2026-01-17T01:20:00
TXN_008609,ACC_00886,ACC_00895,4250.84,2026-01-16T13:34:00
TXN_008610,ACC_00276,ACC_00256,1654.37,2026-01-15T03:31:00
TXN_008611,ACC_00524,ACC_00510,1825.15,2026-01-23T08:18:00
TXN_008612,ACC_00474,ACC_00480,2601.84,2026-01-25T10:51:00
TXN_008613,ACC_00818,ACC_00876,2511.38,2026-01-26T09:49:00
TXN_008614,ACC_00260,ACC_00247,3704.6,2026-01-14T14:40:00
TXN_008615,ACC_00222,ACC_00201,394.25,2026-01-20T14:54:00
TXN_008616,ACC_00847,ACC_00889,2076.63,2026-01-02T20:20:00
TXN_008617,ACC_00922,ACC_00977,2342.39,2026-01-25T09:41:00
TXN_008618,ACC_00383,ACC_00368,3927.76,2026-01-20T15:38:00
TXN_008619,ACC_00405,ACC_00408,4004.03,2026-01-18T06:57:00
TXN_008620,ACC_00240,ACC_00254,1018.82,2026-01-20T15:37:00
TXN_008621,ACC_00032,ACC_00021,1292.15,2026-01-04T23:48:00
TXN_008622,ACC_00025,ACC_00012,3484.53,2026-01-25T18:10:00
TXN_008623,ACC_00931,ACC_00903,551.39,2026-01-04T14:16:00
TXN_008624,ACC_00166,ACC_00134,2008.41,2026-01-01T23:25:00
TXN_008625,ACC_00465,ACC_00469,1722.26,2026-01-15T17:13:00
TXN_008626,ACC_00741,ACC_00748,3485.68,2026-01-07T01:44:00
TXN_008627,ACC_00520,ACC_00573,530.67,2026-01-18T20:55:00
TXN_008628,ACC_00136,ACC_00125,3046.98,2026-01-19T18:05:00
TXN_008629,ACC_00445,ACC_00459,1063.49,2026-01-24T19:33:00
TXN_008630,ACC_00158,ACC_00174,1006.6,2026-01-25T20:36:00
TXN_008631,ACC_00859,ACC_00892,3287.09,2026-01-05T01:12:00
TXN_008632,ACC_00545,ACC_00551,4570.2,2026-01-20T07:21:00
TXN_008633,ACC_00632,ACC_00685,4041.35,2026-01-10T06:05:00
TXN_008634,ACC_00892,ACC_00874,3555.85,2026-01-17T04:11:00
TXN_008635,ACC_00856,ACC_00886,350.78,2026-01-12T09:26:00
TXN_008636,ACC_00819,ACC_00842,4520.75,2026-01-18T14:47:00
TXN_008637,ACC_00177,ACC_00179,4966.0,2026-01-27T12:57:00
TXN_008638,ACC_00617,ACC_00634,4672.01,2026-01-20T07:44:00
TXN_008639,ACC_00482,ACC_00461,3521.37,2026-01-20T03:44:00
TXN_008640,ACC_00276,ACC_00226,4010.52,2026-01-18T21:37:00
TXN_008641,ACC_00837,ACC_00818,2630.8,2026-01-20T15:26:00
TXN_008642,ACC_00515,ACC_00563,2293.3,2026-01-27T20:16:00
TXN_008643,ACC_00662,ACC_00673,4433.36,2026-01-28T14:08:00
TXN_008644,ACC_00012,ACC_00001,3278.34,2026-01-06T23:12:00
TXN_008645,ACC_00710,ACC_00778,3401.58,2026-01-03T15:29:00
TXN_008646,ACC_00941,ACC_00993,4185.06,2026-01-06T18:56:00
TXN_008647,ACC_00370,ACC_00385,802.64,2026-01-21T16:06:00
TXN_008648,ACC_00216,ACC_00300,3188.34,2026-01-17T15:02:00
TXN_008649,ACC_00906,ACC_00982,4496.19,2026-01-13T11:17:00
TXN_008650,ACC_00622,ACC_00640,2091.19,2026-01-13T07:38:00
TXN_008651,ACC_00220,ACC_00205,1959.52,2026-01-05T06:30:00
TXN_008652,ACC_00653,ACC_00628,3962.03,2026-01-29T18:29:00
TXN_008653,ACC_00928,ACC_00987,191.98,2026-01-17T01:21:00
TXN_008654,ACC_00237,ACC_00225,1922.47,2026-01-06T23:36:00
TXN_008655,ACC_00531,ACC_00587,465.8,2026-01-25T12:08:00
TXN_008656,ACC_00402,ACC_00431,3219.59,2026-01-03T10:36:00
TXN_008657,ACC_00541,ACC_00577,4192.54,2026-01-24T23:40:00
TXN_008658,ACC_00187,ACC_00136,315.83,2026-01-08T06:21:00
TXN_008659,ACC_00468,ACC_00439,3767.59,2026-01-09T15:07:00
TXN_008660,ACC_00507,ACC_00563,1851.67,2026-01-13T17:51:00
TXN_008661,ACC_00928,ACC_00995,4708.89,2026-01-12T05:31:00
TXN_008662,ACC_00807,ACC_00875,4701.9,2026-01-30T02:40:00
TXN_008663,ACC_00978,ACC_00960,707.17,2026-01-02T02:41:00
TXN_008664,ACC_00401,ACC_00439,439.33,2026-01-10T04:52:00
TXN_008665,ACC_00902,ACC_00960,490.0,2026-01-23T00:53:00
TXN_008666,ACC_00823,ACC_00831,3516.0,2026-01-15T22:51:00
TXN_008667,ACC_00317,ACC_00397,2378.83,2026-01-23T06:04:00
TXN_008668,ACC_00363,ACC_00356,1722.31,2026-01-17T03:18:00
TXN_008669,ACC_00751,ACC_00709,645.1,2026-01-20T21:56:00
TXN_008670,ACC_00561,ACC_00529,1609.25,2026-01-16T08:41:00
TXN_008671,ACC_00814,ACC_00837,4688.67,2026-01-22T07:20:00
TXN_008672,ACC_00250,ACC_00253,537.71,2026-01-20T11:28:00
TXN_008673,ACC_00375,ACC_00328,3727.43,2026-01-27T06:20:00
TXN_008674,ACC_00278,ACC_00235,2318.73,2026-01-09T03:46:00
TXN_008675,ACC_00018,ACC_00009,303.76,2026-01-16T17:38:00
TXN_008676,ACC_00127,ACC_00133,3186.57,2026-01-11T03:07:00
TXN_008677,ACC_00907,ACC_00956,2368.02,2026-01-08T04:08:00
TXN_008678,ACC_00879,ACC_00883,2526.19,2026-01-16T01:03:00
TXN_008679,ACC_00458,ACC_00461,1083.94,2026-01-09T14:22:00
TXN_008680,ACC_00909,ACC_00917,4325.69,2026-01-28T10:39:00
TXN_008681,ACC_00029,ACC_00058,3446.39,2026-01-06T02:14:00
TXN_008682,ACC_00119,ACC_00157,3001.28,2026-01-16T18:37:00
TXN_008683,ACC_00990,ACC_00947,2315.18,2026-01-15T08:07:00
TXN_008684,ACC_00137,ACC_00124,3950.96,2026-01-04T20:03:00
TXN_008685,ACC_00154,ACC_00187,4915.29,2026-01-09T12:13:00
TXN_008686,ACC_00091,ACC_00051,3611.01,2026-01-30T17:44:00
TXN_008687,ACC_00577,ACC_00512,29.24,2026-01-03T02:05:00
TXN_008688,ACC_00433,ACC_00425,1263.42,2026-01-18T22:12:00
TXN_008689,ACC_00351,ACC_00335,1262.39,2026-01-14T04:52:00
TXN_008690,ACC_00296,ACC_00300,4043.74,2026-01-26T15:24:00
TXN_008691,ACC_00676,ACC_00612,745.3,2026-01-12T12:12:00
TXN_008692,ACC_00081,ACC_00008,3149.96,2026-01-22T02:08:00
TXN_008693,ACC_00257,ACC_00251,1202.49,2026-01-23T18:22:00
TXN_008694,ACC_00260,ACC_00266,4237.42,2026-01-03T03:17:00
TXN_008695,ACC_00858,ACC_00870,3346.58,2026-01-15T13:05:00
TXN_008696,ACC_00108,ACC_00178,949.89,2026-01-10T22:26:00
TXN_008697,ACC_00528,ACC_00506,227.55,2026-01-01T15:34:00
TXN_008698,ACC_00008,ACC_00086,1066.41,2026-01-20T06:01:00
TXN_008699,ACC_00244,ACC_00266,3230.49,2026-01-20T07:15:00
TXN_008700,ACC_00758,ACC_00743,2018.41,2026-01-13T21:51:00
TXN_008701,ACC_00853,ACC_00816,836.84,2026-01-22T19:40:00
TXN_008702,ACC_00460,ACC_00484,1214.23,2026-01-02T06:22:00
TXN_008703,ACC_00454,ACC_00482,1108.89,2026-01-10T20:34:00
TXN_008704,ACC_00449,ACC_00446,3946.87,2026-01-30T12:20:00
TXN_008705,ACC_00668,ACC_00637,1677.58,2026-01-03T23:03:00
TXN_008706,ACC_00695,ACC_00626,614.23,2026-01-16T03:36:00
TXN_008707,ACC_00564,ACC_00527,4864.61,2026-01-15T06:30:00
TXN_008708,ACC_00166,ACC_00147,3940.16,2026-01-05T22:12:00
TXN_008709,ACC_00751,ACC_00773,1801.29,2026-01-18T14:16:00
TXN_008710,ACC_00947,ACC_00975,1642.77,2026-01-19T14:04:00
TXN_008711,ACC_00602,ACC_00606,4608.52,2026-01-30T03:40:00
TXN_008712,ACC_00391,ACC_00329,3722.34,2026-01-21T09:00:00
TXN_008713,ACC_00224,ACC_00273,3686.45,2026-01-18T23:37:00
TXN_008714,ACC_00833,ACC_00882,450.5,2026-01-07T08:33:00
TXN_008715,ACC_00921,ACC_00924,1637.08,2026-01-06T19:40:00
TXN_008716,ACC_00444,ACC_00446,4589.87,2026-01-22T20:14:00
TXN_008717,ACC_00593,ACC_00526,3209.46,2026-01-21T14:58:00
TXN_008718,ACC_00363,ACC_00351,234.92,2026-01-19T19:20:00
TXN_008719,ACC_00137,ACC_00119,1541.36,2026-01-20T13:17:00
TXN_008720,ACC_00024,ACC_00080,240.73,2026-01-22T11:24:00
TXN_008721,ACC_00129,ACC_00163,902.9,2026-01-08T01:34:00
TXN_008722,ACC_00819,ACC_00816,3103.47,2026-01-01T17:37:00
TXN_008723,ACC_00347,ACC_00382,1563.87,2026-01-07T18:18:00
TXN_008724,ACC_00378,ACC_00320,3040.7,2026-01-08T13:31:00
TXN_008725,ACC_00505,ACC_00512,2843.15,2026-01-14T21:48:00
TXN_008726,ACC_00272,ACC_00234,2309.72,2026-01-02T03:56:00
TXN_008727,ACC_00687,ACC_00683,4051.85,2026-01-27T22:14:00
TXN_008728,ACC_00378,ACC_00307,2344.51,2026-01-25T20:07:00
TXN_008729,ACC_00385,ACC_00338,2020.34,2026-01-23T16:51:00
TXN_008730,ACC_00904,ACC_00907,2533.84,2026-01-20T22:44:00
TXN_008731,ACC_00439,ACC_00452,4902.9,2026-01-20T14:42:00
TXN_008732,ACC_00678,ACC_00640,1117.69,2026-01-26T13:51:00
TXN_008733,ACC_00088,ACC_00073,1553.39,2026-01-29T20:15:00
TXN_008734,ACC_00853,ACC_00865,4395.19,2026-01-08T05:25:00
TXN_008735,ACC_00594,ACC_00503,1641.63,2026-01-25T02:13:00
TXN_008736,ACC_00924,ACC_00943,2141.6,2026-01-29T19:38:00
TXN_008737,ACC_00962,ACC_00924,1907.81,2026-01-18T03:47:00
TXN_008738,ACC_00227,ACC_00300,1643.7,2026-01-07T11:55:00
TXN_008739,ACC_00263,ACC_00232,4727.94,2026-01-29T18:19:00
TXN_008740,ACC_00670,ACC_00692,3560.91,2026-01-28T13:37:00
TXN_008741,ACC_00708,ACC_00794,2342.95,2026-01-13T07:26:00
TXN_008742,ACC_00400,ACC_00387,1274.04,2026-01-11T23:11:00
TXN_008743,ACC_00456,ACC_00454,535.72,2026-01-19T02:27:00
TXN_008744,ACC_00513,ACC_00539,3647.05,2026-01-28T06:48:00
TXN_008745,ACC_00612,ACC_00670,4901.8,2026-01-03T04:38:00
TXN_008746,ACC_00851,ACC_00822,4070.64,2026-01-23T20:29:00
TXN_008747,ACC_00697,ACC_00695,3480.03,2026-01-24T15:55:00
TXN_008748,ACC_00779,ACC_00722,4859.6,2026-01-13T08:55:00
TXN_008749,ACC_00933,ACC_00903,3404.1,2026-01-12T04:29:00
TXN_008750,ACC_00947,ACC_00911,4785.81,2026-01-24T16:07:00
TXN_008751,ACC_00991,ACC_00942,4002.01,2026-01-19T23:34:00
TXN_008752,ACC_00386,ACC_00339,244.78,2026-01-13T10:16:00
TXN_008753,ACC_00870,ACC_00830,1184.32,2026-01-30T20:16:00
TXN_008754,ACC_00170,ACC_00132,148.02,2026-01-25T18:41:00
TXN_008755,ACC_00675,ACC_00695,1346.6,2026-01-09T16:12:00
TXN_008756,ACC_00675,ACC_00609,3230.55,2026-01-07T03:41:00
TXN_008757,ACC_00364,ACC_00378,3161.87,2026-01-12T06:33:00
TXN_008758,ACC_00971,ACC_00901,3881.72,2026-01-05T03:27:00
TXN_008759,ACC_00221,ACC_00204,1933.92,2026-01-04T11:51:00
TXN_008760,ACC_00165,ACC_00198,910.1,2026-01-17T16:55:00
TXN_008761,ACC_00081,ACC_00020,2903.9,2026-01-11T22:38:00
TXN_008762,ACC_00520,ACC_00528,4641.62,2026-01-04T07:56:00
TXN_008763,ACC_00351,ACC_00382,3397.66,2026-01-10T20:51:00
TXN_008764,ACC_00499,ACC_00401,2771.03,2026-01-28T00:25:00
TXN_008765,ACC_00122,ACC_00163,926.12,2026-01-03T01:41:00
TXN_008766,ACC_00171,ACC_00177,2424.69,2026-01-20T09:47:00
TXN_008767,ACC_00015,ACC_00024,1744.94,2026-01-29T07:51:00
TXN_008768,ACC_00032,ACC_00013,2434.93,2026-01-21T18:37:00
TXN_008769,ACC_00552,ACC_00574,48.93,2026-01-01T15:00:00
TXN_008770,ACC_00089,ACC_00014,2913.35,2026-01-30T20:41:00
TXN_008771,ACC_00160,ACC_00149,4216.05,2026-01-16T14:22:00
TXN_008772,ACC_00397,ACC_00323,4251.18,2026-01-14T09:09:00
TXN_008773,ACC_00831,ACC_00833,3922.95,2026-01-10T22:53:00
TXN_008774,ACC_00900,ACC_00862,1869.86,2026-01-06T04:13:00
TXN_008775,ACC_00141,ACC_00137,1529.18,2026-01-23T10:16:00
TXN_008776,ACC_00915,ACC_00960,302.33,2026-01-29T12:08:00
TXN_008777,ACC_00858,ACC_00802,2418.34,2026-01-07T01:40:00
TXN_008778,ACC_00824,ACC_00805,275.61,2026-01-12T13:59:00
TXN_008779,ACC_00931,ACC_00985,58.25,2026-01-24T15:37:00
TXN_008780,ACC_00894,ACC_00826,3139.23,2026-01-13T21:08:00
TXN_008781,ACC_00983,ACC_00915,4188.5,2026-01-09T03:12:00
TXN_008782,ACC_00215,ACC_00249,134.79,2026-01-01T13:46:00
TXN_008783,ACC_00991,ACC_00928,1333.84,2026-01-09T02:22:00
TXN_008784,ACC_00170,ACC_00130,3419.37,2026-01-07T07:38:00
TXN_008785,ACC_00524,ACC_00592,1928.06,2026-01-21T12:28:00
TXN_008786,ACC_00519,ACC_00584,4421.44,2026-01-02T22:53:00
TXN_008787,ACC_00129,ACC_00115,2188.9,2026-01-05T11:50:00
TXN_008788,ACC_00945,ACC_00993,836.47,2026-01-14T04:54:00
TXN_008789,ACC_00322,ACC_00350,3401.37,2026-01-23T11:41:00
TXN_008790,ACC_00196,ACC_00197,2010.45,2026-01-04T19:08:00
TXN_008791,ACC_00815,ACC_00856,3975.38,2026-01-22T07:29:00
TXN_008792,ACC_00853,ACC_00895,4765.89,2026-01-07T04:13:00
TXN_008793,ACC_00023,ACC_00041,1672.13,2026-01-05T08:41:00
TXN_008794,ACC_00851,ACC_00833,2167.23,2026-01-08T16:54:00
TXN_008795,ACC_00400,ACC_00303,863.87,2026-01-08T18:22:00
TXN_008796,ACC_00974,ACC_00939,2421.8,2026-01-04T19:23:00
TXN_008797,ACC_00527,ACC_00583,1421.74,2026-01-02T01:17:00
TXN_008798,ACC_00047,ACC_00026,3045.59,2026-01-04T12:45:00
TXN_008799,ACC_00500,ACC_00410,3327.07,2026-01-03T18:14:00
TXN_008800,ACC_00058,ACC_00042,23.12,2026-01-15T13:13:00
TXN_008801,ACC_00465,ACC_00441,2743.27,2026-01-08T10:55:00
TXN_008802,ACC_00663,ACC_00658,1171.1,2026-01-03T20:01:00
TXN_008803,ACC_00765,ACC_00733,2265.9,2026-01-20T20:24:00
TXN_008804,ACC_00707,ACC_00794,2800.07,2026-01-01T07:34:00
TXN_008805,ACC_00304,ACC_00384,1969.59,2026-01-21T10:58:00
TXN_008806,ACC_00406,ACC_00444,1169.14,2026-01-24T04:59:00
TXN_008807,ACC_00592,ACC_00501,2492.78,2026-01-04T19:58:00
TXN_008808,ACC_00257,ACC_00222,3209.79,2026-01-21T16:30:00
TXN_008809,ACC_00732,ACC_00793,2747.0,2026-01-07T06:14:00
TXN_008810,ACC_00904,ACC_00916,4539.8,2026-01-25T21:37:00
TXN_008811,ACC_00202,ACC_00247,459.05,2026-01-05T21:53:00
TXN_008812,ACC_00209,ACC_00225,148.17,2026-01-12T15:12:00
TXN_008813,ACC_00350,ACC_00369,374.25,2026-01-02T09:53:00
TXN_008814,ACC_00977,ACC_00906,157.06,2026-01-17T13:27:00
TXN_008815,ACC_00406,ACC_00452,330.44,2026-01-15T07:50:00
TXN_008816,ACC_00782,ACC_00792,4280.75,2026-01-13T10:22:00
TXN_008817,ACC_00710,ACC_00793,2309.83,2026-01-05T00:54:00
TXN_008818,ACC_00635,ACC_00670,4696.41,2026-01-17T00:05:00
TXN_008819,ACC_00773,ACC_00756,2785.19,2026-01-24T05:17:00
TXN_008820,ACC_00381,ACC_00385,826.0,2026-01-05T01:49:00
TXN_008821,ACC_00408,ACC_00458,135.95,2026-01-28T11:54:00
TXN_008822,ACC_00470,ACC_00488,4700.77,2026-01-04T15:39:00
TXN_008823,ACC_00885,ACC_00867,2891.97,2026-01-06T11:35:00
TXN_008824,ACC_00113,ACC_00197,4106.52,2026-01-13T11:41:00
TXN_008825,ACC_00590,ACC_00553,3980.68,2026-01-23T17:58:00
TXN_008826,ACC_00660,ACC_00657,4511.57,2026-01-19T22:29:00
TXN_008827,ACC_00944,ACC_00917,2826.83,2026-01-13T04:41:00
TXN_008828,ACC_00013,ACC_00062,2845.54,2026-01-02T18:36:00
TXN_008829,ACC_00158,ACC_00155,1662.22,2026-01-14T22:41:00
TXN_008830,ACC_00760,ACC_00798,653.39,2026-01-02T19:49:00
TXN_008831,ACC_00286,ACC_00227,30.94,2026-01-26T06:20:00
TXN_008832,ACC_00530,ACC_00540,2528.96,2026-01-21T13:49:00
TXN_008833,ACC_00257,ACC_00259,688.56,2026-01-30T21:44:00
TXN_008834,ACC_00394,ACC_00320,3090.17,2026-01-03T16:47:00
TXN_008835,ACC_00582,ACC_00576,3451.71,2026-01-30T07:46:00
TXN_008836,ACC_00835,ACC_00868,2782.59,2026-01-26T16:04:00
TXN_008837,ACC_00347,ACC_00391,2499.27,2026-01-23T20:21:00
TXN_008838,ACC_00722,ACC_00780,4383.27,2026-01-28T15:45:00
TXN_008839,ACC_00328,ACC_00381,3505.93,2026-01-16T10:46:00
TXN_008840,ACC_00021,ACC_00090,159.76,2026-01-12T14:27:00
TXN_008841,ACC_00932,ACC_00974,2010.41,2026-01-23T21:26:00
TXN_008842,ACC_00626,ACC_00692,4001.55,2026-01-28T14:22:00
TXN_008843,ACC_00499,ACC_00450,2673.24,2026-01-14T00:35:00
TXN_008844,ACC_00418,ACC_00487,1249.83,2026-01-21T16:53:00
TXN_008845,ACC_00830,ACC_00841,3982.36,2026-01-18T21:09:00
TXN_008846,ACC_00517,ACC_00591,3018.02,2026-01-11T21:52:00
TXN_008847,ACC_00894,ACC_00871,3310.95,2026-01-19T22:43:00
TXN_008848,ACC_00622,ACC_00620,1252.15,2026-01-22T12:59:00
TXN_008849,ACC_00331,ACC_00340,4695.99,2026-01-01T03:14:00
TXN_008850,ACC_00208,ACC_00214,2126.39,2026-01-19T16:56:00
TXN_008851,ACC_00335,ACC_00400,592.29,2026-01-03T16:33:00
TXN_008852,ACC_00212,ACC_00248,3451.67,2026-01-19T03:06:00
TXN_008853,ACC_00489,ACC_00444,4861.74,2026-01-09T01:23:00
TXN_008854,ACC_00628,ACC_00652,4000.56,2026-01-08T19:08:00
TXN_008855,ACC_00872,ACC_00854,4435.6,2026-01-09T06:44:00
TXN_008856,ACC_00347,ACC_00359,1423.73,2026-01-02T11:07:00
TXN_008857,ACC_00447,ACC_00492,3703.58,2026-01-06T08:00:00
TXN_008858,ACC_00427,ACC_00435,4670.74,2026-01-14T05:17:00
TXN_008859,ACC_00110,ACC_00114,1704.27,2026-01-22T06:17:00
TXN_008860,ACC_00934,ACC_00938,1668.92,2026-01-26T20:00:00
TXN_008861,ACC_00422,ACC_00498,3162.56,2026-01-04T16:31:00
TXN_008862,ACC_00892,ACC_00839,4282.9,2026-01-09T04:12:00
TXN_008863,ACC_00449,ACC_00431,557.21,2026-01-24T00:19:00
TXN_008864,ACC_00510,ACC_00521,565.1,2026-01-29T09:37:00
TXN_008865,ACC_00635,ACC_00697,3211.99,2026-01-23T08:25:00
TXN_008866,ACC_00233,ACC_00285,1448.48,2026-01-18T15:08:00
TXN_008867,ACC_00977,ACC_00965,875.91,2026-01-21T02:57:00
TXN_008868,ACC_00794,ACC_00727,1079.89,2026-01-15T17:01:00
TXN_008869,ACC_00980,ACC_00968,1879.54,2026-01-23T13:35:00
TXN_008870,ACC_00916,ACC_00947,4271.8,2026-01-11T21:59:00
TXN_008871,ACC_00060,ACC_00041,1312.84,2026-01-06T10:13:00
TXN_008872,ACC_00168,ACC_00129,2405.73,2026-01-13T15:36:00
TXN_008873,ACC_00923,ACC_00988,253.1,2026-01-11T16:15:00
TXN_008874,ACC_00772,ACC_00722,1628.17,2026-01-12T20:04:00
TXN_008875,ACC_00310,ACC_00304,468.03,2026-01-23T21:35:00
TXN_008876,ACC_00452,ACC_00439,3716.5,2026-01-11T20:37:00
TXN_008877,ACC_00882,ACC_00888,4699.45,2026-01-18T11:21:00
TXN_008878,ACC_00427,ACC_00496,4939.05,2026-01-03T03:49:00
TXN_008879,ACC_00135,ACC_00181,76.1,2026-01-19T22:07:00
TXN_008880,ACC_00695,ACC_00696,1952.39,2026-01-27T20:48:00
TXN_008881,ACC_00049,ACC_00077,2071.97,2026-01-29T12:28:00
TXN_008882,ACC_00740,ACC_00778,4405.95,2026-01-05T15:53:00
TXN_008883,ACC_00209,ACC_00267,2992.63,2026-01-23T08:23:00
TXN_008884,ACC_00050,ACC_00044,2129.46,2026-01-01T09:46:00
TXN_008885,ACC_00457,ACC_00411,2910.73,2026-01-16T22:17:00
TXN_008886,ACC_00114,ACC_00122,21.11,2026-01-15T11:48:00
TXN_008887,ACC_00311,ACC_00354,18.22,2026-01-03T00:10:00
TXN_008888,ACC_00498,ACC_00407,4552.72,2026-01-09T12:31:00
TXN_008889,ACC_00722,ACC_00772,2710.26,2026-01-29T06:16:00
TXN_008890,ACC_00830,ACC_00882,572.97,2026-01-07T01:59:00
TXN_008891,ACC_00208,ACC_00271,4443.93,2026-01-18T19:11:00
TXN_008892,ACC_00496,ACC_00490,2744.5,2026-01-29T02:02:00
TXN_008893,ACC_00248,ACC_00205,3096.2,2026-01-22T00:43:00
TXN_008894,ACC_00680,ACC_00678,3764.74,2026-01-29T23:23:00
TXN_008895,ACC_00765,ACC_00734,171.78,2026-01-08T11:03:00
TXN_008896,ACC_00083,ACC_00009,433.04,2026-01-14T00:17:00
TXN_008897,ACC_00418,ACC_00433,79.06,2026-01-18T20:26:00
TXN_008898,ACC_00729,ACC_00763,1240.99,2026-01-08T17:13:00
TXN_008899,ACC_00855,ACC_00809,2898.29,2026-01-17T02:37:00
TXN_008900,ACC_00267,ACC_00291,3701.94,2026-01-15T15:46:00
TXN_008901,ACC_00935,ACC_00959,3301.89,2026-01-15T17:31:00
TXN_008902,ACC_00628,ACC_00697,3514.61,2026-01-23T06:58:00
TXN_008903,ACC_00965,ACC_00922,1155.81,2026-01-27T23:45:00
TXN_008904,ACC_00541,ACC_00564,2878.16,2026-01-22T17:57:00
TXN_008905,ACC_00983,ACC_00969,1955.86,2026-01-10T12:15:00
TXN_008906,ACC_00603,ACC_00661,3602.26,2026-01-15T04:39:00
TXN_008907,ACC_00106,ACC_00148,1099.91,2026-01-27T16:45:00
TXN_008908,ACC_00494,ACC_00487,525.85,2026-01-25T08:53:00
TXN_008909,ACC_00099,ACC_00036,2853.3,2026-01-11T11:05:00
TXN_008910,ACC_00344,ACC_00356,4374.12,2026-01-02T03:45:00
TXN_008911,ACC_00846,ACC_00899,3167.04,2026-01-26T02:25:00
TXN_008912,ACC_00981,ACC_00950,3586.27,2026-01-20T08:47:00
TXN_008913,ACC_00954,ACC_00928,1543.2,2026-01-17T06:11:00
TXN_008914,ACC_00751,ACC_00703,1640.0,2026-01-23T03:01:00
TXN_008915,ACC_00122,ACC_00112,452.13,2026-01-03T14:11:00
TXN_008916,ACC_00417,ACC_00450,3319.8,2026-01-08T12:26:00
TXN_008917,ACC_00640,ACC_00684,4575.23,2026-01-14T00:04:00
TXN_008918,ACC_00803,ACC_00817,1732.71,2026-01-13T15:01:00
TXN_008919,ACC_00408,ACC_00465,4913.51,2026-01-16T21:14:00
TXN_008920,ACC_00982,ACC_00930,2032.35,2026-01-15T15:19:00
TXN_008921,ACC_00344,ACC_00321,3208.14,2026-01-13T13:55:00
TXN_008922,ACC_00799,ACC_00759,1660.95,2026-01-27T21:12:00
TXN_008923,ACC_00793,ACC_00754,3869.47,2026-01-17T11:58:00
TXN_008924,ACC_00559,ACC_00529,4378.66,2026-01-23T02:40:00
TXN_008925,ACC_00472,ACC_00496,3639.83,2026-01-17T01:09:00
TXN_008926,ACC_00243,ACC_00210,860.96,2026-01-08T18:11:00
TXN_008927,ACC_00596,ACC_00571,2102.35,2026-01-14T05:14:00
TXN_008928,ACC_00982,ACC_00907,3301.76,2026-01-04T17:53:00
TXN_008929,ACC_00599,ACC_00522,4261.07,2026-01-08T04:21:00
TXN_008930,ACC_00997,ACC_00982,3109.62,2026-01-08T23:19:00
TXN_008931,ACC_00988,ACC_00998,1645.5,2026-01-20T11:36:00
TXN_008932,ACC_00227,ACC_00280,2486.79,2026-01-19T02:04:00
TXN_008933,ACC_00973,ACC_00979,719.62,2026-01-03T09:36:00
TXN_008934,ACC_00386,ACC_00367,1353.33,2026-01-16T10:44:00
TXN_008935,ACC_00701,ACC_00708,1318.52,2026-01-26T11:57:00
TXN_008936,ACC_00144,ACC_00174,4707.31,2026-01-04T17:43:00
TXN_008937,ACC_00419,ACC_00454,3701.58,2026-01-26T16:17:00
TXN_008938,ACC_00741,ACC_00729,1710.14,2026-01-25T17:29:00
TXN_008939,ACC_00387,ACC_00378,1881.83,2026-01-22T22:33:00
TXN_008940,ACC_00343,ACC_00321,1428.76,2026-01-28T23:46:00
TXN_008941,ACC_00140,ACC_00117,3741.71,2026-01-20T18:27:00
TXN_008942,ACC_00035,ACC_00008,1777.29,2026-01-24T06:16:00
TXN_008943,ACC_00051,ACC_00032,1324.67,2026-01-10T07:21:00
TXN_008944,ACC_00610,ACC_00609,2998.1,2026-01-24T23:51:00
TXN_008945,ACC_00864,ACC_00825,728.18,2026-01-21T10:14:00
TXN_008946,ACC_00284,ACC_00249,4983.03,2026-01-16T21:33:00
TXN_008947,ACC_00385,ACC_00328,214.92,2026-01-24T02:25:00
TXN_008948,ACC_00192,ACC_00179,2410.01,2026-01-04T00:02:00
TXN_008949,ACC_00607,ACC_00632,4927.22,2026-01-10T05:00:00
TXN_008950,ACC_00308,ACC_00365,1466.46,2026-01-18T00:11:00
TXN_008951,ACC_00168,ACC_00184,1256.51,2026-01-14T17:10:00
TXN_008952,ACC_00607,ACC_00686,3388.15,2026-01-09T05:24:00
TXN_008953,ACC_00926,ACC_00912,2361.42,2026-01-11T03:02:00
TXN_008954,ACC_00870,ACC_00807,3423.93,2026-01-08T04:57:00
TXN_008955,ACC_00105,ACC_00175,4649.7,2026-01-11T22:27:00
TXN_008956,ACC_00793,ACC_00753,4698.32,2026-01-23T16:40:00
TXN_008957,ACC_00759,ACC_00731,1716.92,2026-01-19T22:25:00
TXN_008958,ACC_00749,ACC_00740,1749.48,2026-01-17T06:01:00
TXN_008959,ACC_00580,ACC_00508,1258.47,2026-01-10T11:13:00
TXN_008960,ACC_00815,ACC_00879,4031.55,2026-01-16T01:20:00
TXN_008961,ACC_00426,ACC_00446,548.31,2026-01-06T01:17:00
TXN_008962,ACC_00018,ACC_00049,1029.55,2026-01-29T09:51:00
TXN_008963,ACC_00548,ACC_00527,4114.7,2026-01-11T16:43:00
TXN_008964,ACC_00880,ACC_00894,968.78,2026-01-07T03:46:00
TXN_008965,ACC_00325,ACC_00384,1036.82,2026-01-04T17:50:00
TXN_008966,ACC_00140,ACC_00184,1581.36,2026-01-24T16:00:00
TXN_008967,ACC_00060,ACC_00003,1888.82,2026-01-07T12:28:00
TXN_008968,ACC_00056,ACC_00018,80.89,2026-01-20T05:34:00
TXN_008969,ACC_00737,ACC_00792,1605.93,2026-01-05T19:54:00
TXN_008970,ACC_00196,ACC_00139,4076.68,2026-01-14T21:54:00
TXN_008971,ACC_00756,ACC_00721,4663.4,2026-01-05T21:16:00
TXN_008972,ACC_00637,ACC_00672,3676.46,2026-01-12T03:15:00
TXN_008973,ACC_00485,ACC_00418,3489.34,2026-01-21T14:58:00
TXN_008974,ACC_00959,ACC_00932,879.58,2026-01-03T11:33:00
TXN_008975,ACC_00407,ACC_00456,1642.69,2026-01-26T19:04:00
TXN_008976,ACC_00722,ACC_00745,3336.81,2026-01-08T15:12:00
TXN_008977,ACC_00230,ACC_00295,2541.16,2026-01-17T10:33:00
TXN_008978,ACC_00359,ACC_00360,812.43,2026-01-06T01:57:00
TXN_008979,ACC_00824,ACC_00869,2658.3,2026-01-13T00:52:00
TXN_008980,ACC_00878,ACC_00811,3352.79,2026-01-27T22:20:00
TXN_008981,ACC_00939,ACC_00978,4758.98,2026-01-17T07:17:00
TXN_008982,ACC_00687,ACC_00693,3128.45,2026-01-16T04:36:00
TXN_008983,ACC_00196,ACC_00191,1388.73,2026-01-27T13:51:00
TXN_008984,ACC_00685,ACC_00638,2168.47,2026-01-14T14:04:00
TXN_008985,ACC_00519,ACC_00531,39.47,2026-01-27T14:04:00
TXN_008986,ACC_00410,ACC_00448,1522.76,2026-01-08T17:32:00
TXN_008987,ACC_00295,ACC_00268,2482.62,2026-01-18T02:20:00
TXN_008988,ACC_00543,ACC_00533,4453.99,2026-01-23T11:15:00
TXN_008989,ACC_00165,ACC_00176,3812.84,2026-01-22T09:17:00
TXN_008990,ACC_00988,ACC_00945,633.43,2026-01-03T01:12:00
TXN_008991,ACC_00449,ACC_00458,3745.57,2026-01-02T23:30:00
TXN_008992,ACC_00987,ACC_00997,2123.36,2026-01-11T09:35:00
TXN_008993,ACC_00298,ACC_00283,4519.45,2026-01-16T15:25:00
TXN_008994,ACC_00265,ACC_00290,295.91,2026-01-02T06:25:00
TXN_008995,ACC_00486,ACC_00410,2422.95,2026-01-22T00:00:00
TXN_008996,ACC_00082,ACC_00064,1356.55,2026-01-11T23:34:00
TXN_008997,ACC_00606,ACC_00687,538.17,2026-01-12T07:05:00
TXN_008998,ACC_00129,ACC_00185,72.76,2026-01-14T13:34:00
TXN_008999,ACC_00776,ACC_00780,4011.44,2026-01-06T19:16:00
TXN_009000,ACC_00150,ACC_00135,2412.34,2026-01-16T22:20:00
TXN_009001,ACC_00263,ACC_00245,3241.51,2026-01-14T03:12:00
TXN_009002,ACC_00892,ACC_00886,4347.33,2026-01-10T03:47:00
TXN_009003,ACC_00897,ACC_00852,3439.46,2026-01-23T07:05:00
TXN_009004,ACC_00844,ACC_00812,3403.48,2026-01-17T03:49:00
TXN_009005,ACC_00651,ACC_00667,360.48,2026-01-24T02:58:00
TXN_009006,ACC_00596,ACC_00560,3465.92,2026-01-05T23:56:00
TXN_009007,ACC_00554,ACC_00587,413.94,2026-01-19T22:49:00
TXN_009008,ACC_00654,ACC_00672,4458.52,2026-01-27T11:59:00
TXN_009009,ACC_00073,ACC_00031,4671.77,2026-01-20T03:22:00
TXN_009010,ACC_00350,ACC_00333,3199.74,2026-01-19T12:54:00
TXN_009011,ACC_00573,ACC_00548,605.9,2026-01-15T06:31:00
TXN_009012,ACC_00615,ACC_00610,1043.18,2026-01-10T23:17:00
TXN_009013,ACC_00554,ACC_00525,667.18,2026-01-09T12:39:00
TXN_009014,ACC_00510,ACC_00566,1872.23,2026-01-07T18:18:00
TXN_009015,ACC_00952,ACC_00909,652.01,2026-01-28T00:12:00
TXN_009016,ACC_00283,ACC_00291,4518.67,2026-01-20T13:17:00
TXN_009017,ACC_00795,ACC_00740,4199.14,2026-01-26T09:31:00
TXN_009018,ACC_00675,ACC_00663,1527.82,2026-01-26T04:30:00
TXN_009019,ACC_00774,ACC_00797,3141.09,2026-01-24T02:17:00
TXN_009020,ACC_00695,ACC_00626,2862.55,2026-01-04T21:08:00
TXN_009021,ACC_00308,ACC_00345,2478.36,2026-01-08T08:59:00
TXN_009022,ACC_00034,ACC_00091,1949.52,2026-01-10T07:46:00
TXN_009023,ACC_00224,ACC_00298,4070.38,2026-01-16T19:36:00
TXN_009024,ACC_00155,ACC_00133,1182.95,2026-01-07T01:25:00
TXN_009025,ACC_00118,ACC_00162,2032.78,2026-01-13T19:32:00
TXN_009026,ACC_00015,ACC_00063,1026.96,2026-01-18T18:28:00
TXN_009027,ACC_00197,ACC_00178,2857.63,2026-01-05T02:49:00
TXN_009028,ACC_00855,ACC_00832,4981.01,2026-01-22T05:45:00
TXN_009029,ACC_00068,ACC_00047,1138.85,2026-01-16T17:48:00
TXN_009030,ACC_00601,ACC_00654,877.15,2026-01-07T19:44:00
TXN_009031,ACC_00053,ACC_00025,2091.72,2026-01-16T20:26:00
TXN_009032,ACC_00383,ACC_00395,2456.76,2026-01-17T01:20:00
TXN_009033,ACC_00551,ACC_00580,839.34,2026-01-14T04:01:00
TXN_009034,ACC_00967,ACC_00940,19.32,2026-01-03T22:52:00
TXN_009035,ACC_00402,ACC_00491,1093.27,2026-01-02T14:35:00
TXN_009036,ACC_00261,ACC_00227,1097.83,2026-01-01T20:10:00
TXN_009037,ACC_00240,ACC_00299,878.83,2026-01-24T20:05:00
TXN_009038,ACC_00739,ACC_00789,1043.02,2026-01-18T08:05:00
TXN_009039,ACC_00517,ACC_00588,3937.36,2026-01-11T10:25:00
TXN_009040,ACC_00611,ACC_00615,2579.11,2026-01-26T08:09:00
TXN_009041,ACC_00202,ACC_00232,26.5,2026-01-25T13:52:00
TXN_009042,ACC_00687,ACC_00691,1654.28,2026-01-27T12:27:00
TXN_009043,ACC_00618,ACC_00685,2815.29,2026-01-04T01:17:00
TXN_009044,ACC_00384,ACC_00386,3553.75,2026-01-03T21:59:00
TXN_009045,ACC_00184,ACC_00121,3812.92,2026-01-23T20:52:00
TXN_009046,ACC_00763,ACC_00778,4049.6,2026-01-02T08:47:00
TXN_009047,ACC_00382,ACC_00351,1930.84,2026-01-20T07:00:00
TXN_009048,ACC_00351,ACC_00384,1525.56,2026-01-29T01:34:00
TXN_009049,ACC_00265,ACC_00210,1238.85,2026-01-30T14:01:00
TXN_009050,ACC_00642,ACC_00675,1406.61,2026-01-24T10:58:00
TXN_009051,ACC_00025,ACC_00026,3059.44,2026-01-23T08:40:00
TXN_009052,ACC_00286,ACC_00285,1397.62,2026-01-28T08:41:00
TXN_009053,ACC_00029,ACC_00063,1101.35,2026-01-17T10:33:00
TXN_009054,ACC_00386,ACC_00396,3304.15,2026-01-05T21:35:00
TXN_009055,ACC_00291,ACC_00233,639.46,2026-01-16T14:35:00
TXN_009056,ACC_00789,ACC_00743,2263.62,2026-01-19T20:48:00
TXN_009057,ACC_00175,ACC_00181,246.71,2026-01-16T13:53:00
TXN_009058,ACC_00307,ACC_00348,2511.61,2026-01-19T07:58:00
TXN_009059,ACC_00808,ACC_00859,637.75,2026-01-04T01:14:00
TXN_009060,ACC_00643,ACC_00620,4247.58,2026-01-13T22:14:00
TXN_009061,ACC_00938,ACC_00970,370.52,2026-01-28T11:19:00
TXN_009062,ACC_00521,ACC_00593,4781.44,2026-01-28T06:41:00
TXN_009063,ACC_00365,ACC_00322,4535.6,2026-01-01T04:20:00
TXN_009064,ACC_00142,ACC_00116,2939.64,2026-01-13T14:03:00
TXN_009065,ACC_00764,ACC_00753,2875.98,2026-01-13T04:59:00
TXN_009066,ACC_00352,ACC_00393,2046.97,2026-01-04T20:43:00
TXN_009067,ACC_00557,ACC_00553,696.95,2026-01-16T18:20:00
TXN_009068,ACC_00218,ACC_00291,551.52,2026-01-18T14:24:00
TXN_009069,ACC_00984,ACC_00942,1351.78,2026-01-30T21:07:00
TXN_009070,ACC_00986,ACC_00904,2817.99,2026-01-06T23:07:00
TXN_009071,ACC_00834,ACC_00875,956.66,2026-01-14T11:51:00
TXN_009072,ACC_00495,ACC_00441,2406.49,2026-01-21T20:16:00
TXN_009073,ACC_00651,ACC_00610,4593.6,2026-01-11T19:38:00
TXN_009074,ACC_00856,ACC_00844,1706.28,2026-01-29T11:01:00
TXN_009075,ACC_00091,ACC_00075,3490.22,2026-01-05T02:44:00
TXN_009076,ACC_00945,ACC_00993,3726.62,2026-01-19T05:12:00
TXN_009077,ACC_00825,ACC_00819,2825.96,2026-01-10T11:30:00
TXN_009078,ACC_00597,ACC_00576,1924.28,2026-01-09T13:38:00
TXN_009079,ACC_00015,ACC_00075,443.93,2026-01-13T23:03:00
TXN_009080,ACC_00704,ACC_00754,539.32,2026-01-18T10:11:00
TXN_009081,ACC_00586,ACC_00530,181.34,2026-01-19T15:34:00
TXN_009082,ACC_00864,ACC_00869,4976.28,2026-01-02T21:25:00
TXN_009083,ACC_00718,ACC_00701,155.05,2026-01-07T08:45:00
TXN_009084,ACC_00382,ACC_00392,2757.4,2026-01-10T18:28:00
TXN_009085,ACC_00813,ACC_00809,66.92,2026-01-08T04:30:00
TXN_009086,ACC_00980,ACC_00955,4263.61,2026-01-19T00:33:00
TXN_009087,ACC_00629,ACC_00657,4721.85,2026-01-08T11:00:00
TXN_009088,ACC_00383,ACC_00357,1483.24,2026-01-11T04:10:00
TXN_009089,ACC_00465,ACC_00429,1814.37,2026-01-18T01:57:00
TXN_009090,ACC_00701,ACC_00759,512.2,2026-01-30T03:42:00
TXN_009091,ACC_00045,ACC_00052,2457.01,2026-01-15T20:03:00
TXN_009092,ACC_00425,ACC_00476,2450.7,2026-01-19T13:41:00
TXN_009093,ACC_00041,ACC_00034,4095.32,2026-01-18T19:10:00
TXN_009094,ACC_00377,ACC_00332,1968.43,2026-01-04T10:53:00
TXN_009095,ACC_00901,ACC_00976,1360.02,2026-01-16T13:14:00
TXN_009096,ACC_00671,ACC_00684,2480.82,2026-01-25T05:49:00
TXN_009097,ACC_00392,ACC_00385,3777.72,2026-01-03T06:41:00
TXN_009098,ACC_00865,ACC_00855,631.31,2026-01-25T07:03:00
TXN_009099,ACC_00243,ACC_00228,691.63,2026-01-05T07:14:00
TXN_009100,ACC_00923,ACC_00955,647.62,2026-01-20T02:17:00
TXN_009101,ACC_00464,ACC_00500,4473.99,2026-01-24T03:17:00
TXN_009102,ACC_00073,ACC_00042,268.23,2026-01-24T11:15:00
TXN_009103,ACC_00012,ACC_00100,1936.67,2026-01-14T08:59:00
TXN_009104,ACC_00578,ACC_00560,214.02,2026-01-01T14:11:00
TXN_009105,ACC_00175,ACC_00186,4831.22,2026-01-03T12:43:00
TXN_009106,ACC_00058,ACC_00027,2537.27,2026-01-24T14:56:00
TXN_009107,ACC_00533,ACC_00551,4589.2,2026-01-21T01:43:00
TXN_009108,ACC_00381,ACC_00340,1422.46,2026-01-23T13:55:00
TXN_009109,ACC_00697,ACC_00674,4103.2,2026-01-11T13:22:00
TXN_009110,ACC_00071,ACC_00078,532.13,2026-01-13T13:47:00
TXN_009111,ACC_00174,ACC_00168,4732.11,2026-01-15T11:17:00
TXN_009112,ACC_00664,ACC_00609,1102.99,2026-01-24T19:59:00
TXN_009113,ACC_00126,ACC_00102,1476.03,2026-01-16T22:27:00
TXN_009114,ACC_00882,ACC_00833,3966.82,2026-01-30T19:09:00
TXN_009115,ACC_00246,ACC_00281,526.79,2026-01-04T02:00:00
TXN_009116,ACC_00984,ACC_00906,3780.92,2026-01-09T22:25:00
TXN_009117,ACC_00939,ACC_00996,2893.34,2026-01-01T15:43:00
TXN_009118,ACC_00285,ACC_00274,324.64,2026-01-13T20:46:00
TXN_009119,ACC_00241,ACC_00273,3111.02,2026-01-21T09:51:00
TXN_009120,ACC_00905,ACC_00994,3804.06,2026-01-11T09:19:00
TXN_009121,ACC_00232,ACC_00272,3551.46,2026-01-25T16:16:00
TXN_009122,ACC_00660,ACC_00650,191.01,2026-01-20T13:53:00
TXN_009123,ACC_00622,ACC_00694,2890.42,2026-01-24T19:53:00
TXN_009124,ACC_00510,ACC_00526,93.31,2026-01-15T02:19:00
TXN_009125,ACC_00373,ACC_00379,2755.07,2026-01-22T09:47:00
TXN_009126,ACC_00860,ACC_00837,3348.91,2026-01-14T04:58:00
TXN_009127,ACC_00303,ACC_00368,2557.56,2026-01-05T13:08:00
TXN_009128,ACC_00631,ACC_00621,3325.9,2026-01-26T20:55:00
TXN_009129,ACC_00988,ACC_00958,910.0,2026-01-01T09:18:00
TXN_009130,ACC_00632,ACC_00666,4388.51,2026-01-08T14:14:00
TXN_009131,ACC_00716,ACC_00745,2800.61,2026-01-15T01:25:00
TXN_009132,ACC_00842,ACC_00816,1124.08,2026-01-11T02:59:00
TXN_009133,ACC_00110,ACC_00161,2080.66,2026-01-24T04:21:00
TXN_009134,ACC_00557,ACC_00558,4212.66,2026-01-19T11:27:00
TXN_009135,ACC_00710,ACC_00776,4937.82,2026-01-07T05:11:00
TXN_009136,ACC_00871,ACC_00878,3818.56,2026-01-07T03:12:00
TXN_009137,ACC_00308,ACC_00320,4850.92,2026-01-25T03:37:00
TXN_009138,ACC_00741,ACC_00757,177.15,2026-01-13T06:42:00
TXN_009139,ACC_00880,ACC_00897,1198.75,2026-01-09T10:50:00
TXN_009140,ACC_00027,ACC_00054,1896.58,2026-01-01T14:09:00
TXN_009141,ACC_00768,ACC_00762,2977.22,2026-01-06T00:59:00
TXN_009142,ACC_00235,ACC_00298,2366.02,2026-01-28T04:11:00
TXN_009143,ACC_00249,ACC_00242,3755.74,2026-01-16T13:07:00
TXN_009144,ACC_00709,ACC_00725,1416.2,2026-01-19T10:13:00
TXN_009145,ACC_00662,ACC_00634,482.78,2026-01-17T13:01:00
TXN_009146,ACC_00441,ACC_00430,1788.43,2026-01-21T14:22:00
TXN_009147,ACC_00246,ACC_00257,4863.08,2026-01-14T16:10:00
TXN_009148,ACC_00487,ACC_00467,739.62,2026-01-25T04:54:00
TXN_009149,ACC_00518,ACC_00593,3276.93,2026-01-20T01:56:00
TXN_009150,ACC_00974,ACC_00907,4083.7,2026-01-06T02:52:00
TXN_009151,ACC_00514,ACC_00598,4096.48,2026-01-05T16:31:00
TXN_009152,ACC_00595,ACC_00556,4466.84,2026-01-22T16:16:00
TXN_009153,ACC_00370,ACC_00345,1605.64,2026-01-04T09:26:00
TXN_009154,ACC_00637,ACC_00695,2477.28,2026-01-20T03:15:00
TXN_009155,ACC_00084,ACC_00048,3308.48,2026-01-03T17:50:00
TXN_009156,ACC_00802,ACC_00878,1019.35,2026-01-25T18:50:00
TXN_009157,ACC_00309,ACC_00375,1303.29,2026-01-11T03:56:00
TXN_009158,ACC_00590,ACC_00508,3799.42,2026-01-09T01:51:00
TXN_009159,ACC_00566,ACC_00555,1250.63,2026-01-03T08:23:00
TXN_009160,ACC_00496,ACC_00445,1021.73,2026-01-18T03:35:00
TXN_009161,ACC_00327,ACC_00400,2894.64,2026-01-25T14:20:00
TXN_009162,ACC_00339,ACC_00380,700.65,2026-01-17T08:44:00
TXN_009163,ACC_00558,ACC_00507,394.88,2026-01-16T10:16:00
TXN_009164,ACC_00593,ACC_00561,4693.45,2026-01-25T03:24:00
TXN_009165,ACC_00252,ACC_00225,2724.14,2026-01-25T08:48:00
TXN_009166,ACC_00322,ACC_00335,2325.3,2026-01-07T14:45:00
TXN_009167,ACC_00615,ACC_00686,3739.73,2026-01-24T21:48:00
TXN_009168,ACC_00699,ACC_00621,4547.28,2026-01-24T06:25:00
TXN_009169,ACC_00675,ACC_00660,2412.19,2026-01-12T10:05:00
TXN_009170,ACC_00228,ACC_00281,132.68,2026-01-22T08:42:00
TXN_009171,ACC_00845,ACC_00884,2353.22,2026-01-13T16:51:00
TXN_009172,ACC_00797,ACC_00789,2071.91,2026-01-09T10:31:00
TXN_009173,ACC_00174,ACC_00125,3984.66,2026-01-06T14:11:00
TXN_009174,ACC_00223,ACC_00293,4757.6,2026-01-27T00:40:00
TXN_009175,ACC_00199,ACC_00192,4666.46,2026-01-08T23:54:00
TXN_009176,ACC_00318,ACC_00366,4336.53,2026-01-01T01:03:00
TXN_009177,ACC_00624,ACC_00645,3429.16,2026-01-11T22:51:00
TXN_009178,ACC_00494,ACC_00413,1809.05,2026-01-23T20:05:00
TXN_009179,ACC_00548,ACC_00536,4218.13,2026-01-03T22:22:00
TXN_009180,ACC_00922,ACC_00941,4488.73,2026-01-25T12:28:00
TXN_009181,ACC_00311,ACC_00334,265.32,2026-01-01T03:55:00
TXN_009182,ACC_00345,ACC_00352,149.67,2026-01-11T05:23:00
TXN_009183,ACC_00265,ACC_00220,2379.47,2026-01-20T14:52:00
TXN_009184,ACC_00586,ACC_00539,55.27,2026-01-28T20:52:00
TXN_009185,ACC_00775,ACC_00797,4756.6,2026-01-25T21:06:00
TXN_009186,ACC_00557,ACC_00513,4143.31,2026-01-20T09:59:00
TXN_009187,ACC_00875,ACC_00892,3274.68,2026-01-20T20:58:00
TXN_009188,ACC_00125,ACC_00119,307.82,2026-01-17T16:31:00
TXN_009189,ACC_00623,ACC_00670,4537.04,2026-01-19T13:24:00
TXN_009190,ACC_00550,ACC_00538,1059.53,2026-01-29T10:47:00
TXN_009191,ACC_00750,ACC_00707,4121.79,2026-01-24T20:11:00
TXN_009192,ACC_00823,ACC_00827,2887.33,2026-01-01T22:09:00
TXN_009193,ACC_00570,ACC_00557,2608.12,2026-01-09T01:25:00
TXN_009194,ACC_00451,ACC_00460,1970.73,2026-01-10T17:09:00
TXN_009195,ACC_00151,ACC_00126,92.07,2026-01-12T02:36:00
TXN_009196,ACC_00838,ACC_00850,524.61,2026-01-02T21:44:00
TXN_009197,ACC_00296,ACC_00251,2575.61,2026-01-07T22:17:00
TXN_009198,ACC_00031,ACC_00027,1564.87,2026-01-19T10:36:00
TXN_009199,ACC_00066,ACC_00037,1413.63,2026-01-23T17:42:00
TXN_009200,ACC_00181,ACC_00112,4037.0,2026-01-20T17:04:00
TXN_009201,ACC_00333,ACC_00384,4293.65,2026-01-11T03:06:00
TXN_009202,ACC_00030,ACC_00013,3569.51,2026-01-03T18:41:00
TXN_009203,ACC_00150,ACC_00153,3845.33,2026-01-11T16:32:00
TXN_009204,ACC_00623,ACC_00697,2625.57,2026-01-07T12:56:00
TXN_009205,ACC_00541,ACC_00540,1457.62,2026-01-04T07:02:00
TXN_009206,ACC_00069,ACC_00082,2274.04,2026-01-16T01:51:00
TXN_009207,ACC_00620,ACC_00621,1766.46,2026-01-27T03:59:00
TXN_009208,ACC_00182,ACC_00101,1567.87,2026-01-24T06:38:00
TXN_009209,ACC_00611,ACC_00605,3658.26,2026-01-18T09:57:00
TXN_009210,ACC_00696,ACC_00606,921.45,2026-01-03T17:40:00
TXN_009211,ACC_00601,ACC_00638,2959.78,2026-01-20T01:29:00
TXN_009212,ACC_00157,ACC_00134,3304.01,2026-01-28T20:59:00
TXN_009213,ACC_00366,ACC_00382,538.7,2026-01-29T09:51:00
TXN_009214,ACC_00618,ACC_00640,372.23,2026-01-13T15:03:00
TXN_009215,ACC_00054,ACC_00050,2463.12,2026-01-29T12:17:00
TXN_009216,ACC_00837,ACC_00841,4369.47,2026-01-22T10:03:00
TXN_009217,ACC_00319,ACC_00310,1752.24,2026-01-20T14:18:00
TXN_009218,ACC_00288,ACC_00236,4485.58,2026-01-07T22:58:00
TXN_009219,ACC_00874,ACC_00825,1337.72,2026-01-16T18:31:00
TXN_009220,ACC_00402,ACC_00459,4003.26,2026-01-04T11:18:00
TXN_009221,ACC_00088,ACC_00060,3086.56,2026-01-08T19:21:00
TXN_009222,ACC_00504,ACC_00522,3309.5,2026-01-12T02:23:00
TXN_009223,ACC_00045,ACC_00082,4204.26,2026-01-02T09:14:00
TXN_009224,ACC_00657,ACC_00613,2709.03,2026-01-12T11:53:00
TXN_009225,ACC_00329,ACC_00385,3883.25,2026-01-10T01:34:00
TXN_009226,ACC_00798,ACC_00711,2280.86,2026-01-12T14:13:00
TXN_009227,ACC_00546,ACC_00533,861.82,2026-01-04T00:04:00
TXN_009228,ACC_00889,ACC_00822,3771.18,2026-01-14T07:42:00
TXN_009229,ACC_00923,ACC_00921,4105.24,2026-01-01T06:19:00
TXN_009230,ACC_00265,ACC_00286,370.4,2026-01-25T23:31:00
TXN_009231,ACC_00207,ACC_00266,4299.03,2026-01-27T16:37:00
TXN_009232,ACC_00518,ACC_00515,4365.97,2026-01-21T01:07:00
TXN_009233,ACC_00801,ACC_00816,2091.11,2026-01-08T04:29:00
TXN_009234,ACC_00622,ACC_00643,4256.68,2026-01-03T01:41:00
TXN_009235,ACC_00062,ACC_00095,4934.39,2026-01-11T09:00:00
TXN_009236,ACC_00236,ACC_00296,326.14,2026-01-28T07:30:00
TXN_009237,ACC_00938,ACC_00931,1242.85,2026-01-03T11:10:00
TXN_009238,ACC_00247,ACC_00206,2436.86,2026-01-08T15:55:00
TXN_009239,ACC_00951,ACC_00920,2810.16,2026-01-11T21:49:00
TXN_009240,ACC_00837,ACC_00838,3795.83,2026-01-03T03:38:00
TXN_009241,ACC_00362,ACC_00383,1780.35,2026-01-18T21:14:00
TXN_009242,ACC_00377,ACC_00375,1337.43,2026-01-27T22:28:00
TXN_009243,ACC_00897,ACC_00846,105.6,2026-01-24T20:56:00
TXN_009244,ACC_00304,ACC_00367,3206.42,2026-01-19T16:47:00
TXN_009245,ACC_00137,ACC_00172,3280.25,2026-01-19T17:25:00
TXN_009246,ACC_00276,ACC_00284,2581.56,2026-01-03T03:07:00
TXN_009247,ACC_00043,ACC_00008,4687.4,2026-01-13T09:30:00
TXN_009248,ACC_00864,ACC_00885,1679.55,2026-01-05T19:34:00
TXN_009249,ACC_00041,ACC_00016,635.03,2026-01-26T08:29:00
TXN_009250,ACC_00360,ACC_00363,532.82,2026-01-08T18:07:00
TXN_009251,ACC_00907,ACC_00962,1451.81,2026-01-12T12:29:00
TXN_009252,ACC_00774,ACC_00789,2844.32,2026-01-11T12:51:00
TXN_009253,ACC_00161,ACC_00116,4698.88,2026-01-23T01:07:00
TXN_009254,ACC_00004,ACC_00026,1789.16,2026-01-12T15:50:00
TXN_009255,ACC_00887,ACC_00865,4577.63,2026-01-13T14:36:00
TXN_009256,ACC_00851,ACC_00843,3774.02,2026-01-23T03:40:00
TXN_009257,ACC_00738,ACC_00800,2998.39,2026-01-13T15:47:00
TXN_009258,ACC_00649,ACC_00601,684.15,2026-01-21T03:18:00
TXN_009259,ACC_00649,ACC_00694,3839.76,2026-01-03T15:24:00
TXN_009260,ACC_00734,ACC_00714,43.33,2026-01-07T17:38:00
TXN_009261,ACC_00170,ACC_00101,2187.42,2026-01-09T18:45:00
TXN_009262,ACC_00927,ACC_00965,777.71,2026-01-30T02:24:00
TXN_009263,ACC_00269,ACC_00287,3129.5,2026-01-27T15:39:00
TXN_009264,ACC_00040,ACC_00028,1242.86,2026-01-27T10:27:00
TXN_009265,ACC_00515,ACC_00552,692.29,2026-01-01T19:53:00
TXN_009266,ACC_01000,ACC_00991,2420.92,2026-01-15T22:55:00
TXN_009267,ACC_00748,ACC_00717,2099.49,2026-01-20T14:17:00
TXN_009268,ACC_00472,ACC_00407,3335.53,2026-01-10T21:03:00
TXN_009269,ACC_00155,ACC_00126,2354.7,2026-01-19T05:19:00
TXN_009270,ACC_00159,ACC_00141,1315.51,2026-01-07T19:15:00
TXN_009271,ACC_00809,ACC_00832,1228.08,2026-01-16T09:31:00
TXN_009272,ACC_00635,ACC_00621,4151.52,2026-01-28T18:04:00
TXN_009273,ACC_00830,ACC_00897,1108.87,2026-01-28T21:51:00
TXN_009274,ACC_00380,ACC_00398,1209.24,2026-01-17T06:55:00
TXN_009275,ACC_00518,ACC_00595,218.42,2026-01-19T01:46:00
TXN_009276,ACC_00845,ACC_00825,3004.44,2026-01-09T05:31:00
TXN_009277,ACC_00860,ACC_00831,3527.03,2026-01-14T05:03:00
TXN_009278,ACC_00012,ACC_00011,3100.81,2026-01-12T13:23:00
TXN_009279,ACC_00963,ACC_00993,2281.93,2026-01-14T20:40:00
TXN_009280,ACC_00535,ACC_00594,1016.51,2026-01-23T06:36:00
TXN_009281,ACC_00760,ACC_00705,3806.65,2026-01-13T12:52:00
TXN_009282,ACC_00906,ACC_00974,2299.52,2026-01-19T23:29:00
TXN_009283,ACC_00178,ACC_00140,4116.17,2026-01-17T14:14:00
TXN_009284,ACC_00644,ACC_00674,4729.58,2026-01-22T19:29:00
TXN_009285,ACC_00379,ACC_00350,3901.18,2026-01-05T06:46:00
TXN_009286,ACC_00085,ACC_00026,115.97,2026-01-12T09:57:00
TXN_009287,ACC_00727,ACC_00752,4520.65,2026-01-25T15:23:00
TXN_009288,ACC_00913,ACC_00907,4327.54,2026-01-24T14:45:00
TXN_009289,ACC_00038,ACC_00015,4832.22,2026-01-23T14:45:00
TXN_009290,ACC_00555,ACC_00580,1396.79,2026-01-30T02:05:00
TXN_009291,ACC_00305,ACC_00361,4027.53,2026-01-08T08:27:00
TXN_009292,ACC_00885,ACC_00865,3312.16,2026-01-21T18:25:00
TXN_009293,ACC_00187,ACC_00193,4764.91,2026-01-20T07:29:00
TXN_009294,ACC_00976,ACC_00913,1608.17,2026-01-18T14:55:00
TXN_009295,ACC_00724,ACC_00730,1243.76,2026-01-19T16:01:00
TXN_009296,ACC_00116,ACC_00105,2694.76,2026-01-13T00:01:00
TXN_009297,ACC_00557,ACC_00572,2251.78,2026-01-20T02:17:00
TXN_009298,ACC_00119,ACC_00150,4047.99,2026-01-15T21:55:00
TXN_009299,ACC_00271,ACC_00209,4844.31,2026-01-26T04:16:00
TXN_009300,ACC_00916,ACC_00922,3793.12,2026-01-23T07:48:00
TXN_009301,ACC_00983,ACC_00969,1841.49,2026-01-24T03:50:00
TXN_009302,ACC_00234,ACC_00274,329.27,2026-01-27T12:14:00
TXN_009303,ACC_00604,ACC_00682,1468.1,2026-01-25T02:42:00
TXN_009304,ACC_00587,ACC_00572,4379.58,2026-01-16T05:37:00
TXN_009305,ACC_00360,ACC_00392,317.94,2026-01-11T07:50:00
TXN_009306,ACC_00428,ACC_00459,1023.98,2026-01-19T22:44:00
TXN_009307,ACC_00842,ACC_00848,2023.76,2026-01-26T17:39:00
TXN_009308,ACC_00703,ACC_00764,2181.68,2026-01-06T14:37:00
TXN_009309,ACC_00933,ACC_00971,1362.21,2026-01-05T08:17:00
TXN_009310,ACC_00401,ACC_00408,190.68,2026-01-13T08:48:00
TXN_009311,ACC_00748,ACC_00753,753.5,2026-01-03T01:18:00
TXN_009312,ACC_00107,ACC_00194,1568.62,2026-01-20T05:49:00
TXN_009313,ACC_00057,ACC_00099,2436.47,2026-01-28T15:17:00
TXN_009314,ACC_00953,ACC_00968,890.56,2026-01-08T08:12:00
TXN_009315,ACC_00865,ACC_00885,3748.3,2026-01-16T00:39:00
TXN_009316,ACC_00420,ACC_00459,3715.78,2026-01-10T09:09:00
TXN_009317,ACC_00476,ACC_00492,2882.86,2026-01-23T02:12:00
TXN_009318,ACC_00920,ACC_00948,3986.84,2026-01-06T05:30:00
TXN_009319,ACC_00962,ACC_00989,4064.11,2026-01-09T20:53:00
TXN_009320,ACC_00681,ACC_00642,2232.32,2026-01-13T13:18:00
TXN_009321,ACC_00566,ACC_00560,3514.21,2026-01-26T11:59:00
TXN_009322,ACC_00386,ACC_00362,4552.19,2026-01-04T01:06:00
TXN_009323,ACC_00525,ACC_00576,1779.49,2026-01-07T12:03:00
TXN_009324,ACC_00908,ACC_00956,2303.36,2026-01-23T13:17:00
TXN_009325,ACC_00842,ACC_00825,20.09,2026-01-19T06:19:00
TXN_009326,ACC_00161,ACC_00138,3506.19,2026-01-11T05:06:00
TXN_009327,ACC_00408,ACC_00421,1891.33,2026-01-16T22:30:00
TXN_009328,ACC_00006,ACC_00038,1012.88,2026-01-06T12:04:00
TXN_009329,ACC_00153,ACC_00188,4235.14,2026-01-19T01:27:00
TXN_009330,ACC_00746,ACC_00719,3884.29,2026-01-22T20:36:00
TXN_009331,ACC_00057,ACC_00015,4407.92,2026-01-08T02:07:00
TXN_009332,ACC_00991,ACC_00995,521.9,2026-01-22T07:57:00
TXN_009333,ACC_00628,ACC_00695,56.26,2026-01-15T19:51:00
TXN_009334,ACC_00423,ACC_00490,794.85,2026-01-21T20:49:00
TXN_009335,ACC_00904,ACC_00989,1061.19,2026-01-14T09:14:00
TXN_009336,ACC_00881,ACC_00813,4543.15,2026-01-23T04:01:00
TXN_009337,ACC_00660,ACC_00651,4665.28,2026-01-07T03:59:00
TXN_009338,ACC_00257,ACC_00205,3693.83,2026-01-07T13:06:00
TXN_009339,ACC_00432,ACC_00410,3205.34,2026-01-19T00:49:00
TXN_009340,ACC_00374,ACC_00309,2556.27,2026-01-15T11:57:00
TXN_009341,ACC_00635,ACC_00662,1683.96,2026-01-06T17:44:00
TXN_009342,ACC_00037,ACC_00050,4944.26,2026-01-22T06:31:00
TXN_009343,ACC_00821,ACC_00884,3413.45,2026-01-03T00:56:00
TXN_009344,ACC_00680,ACC_00603,3471.59,2026-01-18T18:50:00
TXN_009345,ACC_00141,ACC_00191,173.74,2026-01-16T23:17:00
TXN_009346,ACC_00251,ACC_00209,1294.26,2026-01-11T19:28:00
TXN_009347,ACC_00961,ACC_00929,4327.04,2026-01-05T06:13:00
TXN_009348,ACC_00299,ACC_00287,4079.53,2026-01-03T12:32:00
TXN_009349,ACC_00650,ACC_00657,2035.67,2026-01-20T19:36:00
TXN_009350,ACC_00537,ACC_00584,1628.37,2026-01-01T04:38:00
TXN_009351,ACC_00236,ACC_00221,4858.46,2026-01-29T13:04:00
TXN_009352,ACC_00189,ACC_00153,1394.93,2026-01-26T17:20:00
TXN_009353,ACC_00529,ACC_00590,4725.79,2026-01-08T14:02:00
TXN_009354,ACC_00896,ACC_00856,2337.15,2026-01-04T08:02:00
TXN_009355,ACC_00047,ACC_00071,1206.4,2026-01-04T02:02:00
TXN_009356,ACC_00805,ACC_00843,1129.51,2026-01-21T14:53:00
TXN_009357,ACC_00129,ACC_00149,4287.72,2026-01-21T04:30:00
TXN_009358,ACC_00850,ACC_00838,1667.92,2026-01-17T05:49:00
TXN_009359,ACC_00518,ACC_00553,1583.36,2026-01-06T00:22:00
TXN_009360,ACC_00057,ACC_00002,3331.31,2026-01-16T19:52:00
TXN_009361,ACC_00702,ACC_00747,3118.24,2026-01-08T02:52:00
TXN_009362,ACC_00505,ACC_00572,2662.7,2026-01-19T03:14:00
TXN_009363,ACC_00438,ACC_00412,3864.48,2026-01-06T18:23:00
TXN_009364,ACC_00587,ACC_00576,4188.48,2026-01-27T12:17:00
TXN_009365,ACC_00876,ACC_00856,874.94,2026-01-30T20:18:00
TXN_009366,ACC_00572,ACC_00551,760.84,2026-01-28T03:45:00
TXN_009367,ACC_00632,ACC_00641,134.53,2026-01-20T14:38:00
TXN_009368,ACC_00683,ACC_00624,3330.91,2026-01-16T05:36:00
TXN_009369,ACC_00147,ACC_00112,4003.69,2026-01-22T23:05:00
TXN_009370,ACC_00997,ACC_00958,387.03,2026-01-17T12:44:00
TXN_009371,ACC_00926,ACC_00961,1259.82,2026-01-24T17:03:00
TXN_009372,ACC_00528,ACC_00509,2277.17,2026-01-08T20:35:00
TXN_009373,ACC_00335,ACC_00398,4038.1,2026-01-12T10:21:00
TXN_009374,ACC_00568,ACC_00583,3348.5,2026-01-01T21:43:00
TXN_009375,ACC_00964,ACC_00955,568.87,2026-01-08T06:13:00
TXN_009376,ACC_00454,ACC_00498,1989.59,2026-01-05T01:24:00
TXN_009377,ACC_00610,ACC_00641,4693.16,2026-01-07T18:25:00
TXN_009378,ACC_00699,ACC_00643,764.33,2026-01-12T07:10:00
TXN_009379,ACC_00217,ACC_00287,4515.71,2026-01-12T21:51:00
TXN_009380,ACC_00706,ACC_00795,482.95,2026-01-24T05:07:00
TXN_009381,ACC_00014,ACC_00035,3458.03,2026-01-25T00:44:00
TXN_009382,ACC_00275,ACC_00293,370.79,2026-01-21T03:34:00
TXN_009383,ACC_00869,ACC_00835,3874.23,2026-01-02T23:34:00
TXN_009384,ACC_00877,ACC_00885,1238.83,2026-01-12T10:14:00
TXN_009385,ACC_00471,ACC_00486,3639.76,2026-01-30T11:39:00
TXN_009386,ACC_00118,ACC_00152,558.73,2026-01-24T10:52:00
TXN_009387,ACC_00932,ACC_00902,2610.77,2026-01-01T15:30:00
TXN_009388,ACC_00042,ACC_00066,4034.08,2026-01-25T15:50:00
TXN_009389,ACC_00902,ACC_00943,4546.3,2026-01-30T18:45:00
TXN_009390,ACC_00806,ACC_00870,1346.18,2026-01-06T11:52:00
TXN_009391,ACC_00328,ACC_00337,1706.18,2026-01-02T03:29:00
TXN_009392,ACC_00071,ACC_00095,3477.44,2026-01-06T02:40:00
TXN_009393,ACC_00044,ACC_00049,1712.96,2026-01-11T01:46:00
TXN_009394,ACC_00893,ACC_00885,4053.69,2026-01-20T15:59:00
TXN_009395,ACC_00976,ACC_00905,930.05,2026-01-29T21:19:00
TXN_009396,ACC_00200,ACC_00131,495.09,2026-01-04T02:48:00
TXN_009397,ACC_00673,ACC_00639,119.98,2026-01-20T00:35:00
TXN_009398,ACC_00282,ACC_00210,4563.82,2026-01-08T07:35:00
TXN_009399,ACC_00456,ACC_00458,3881.14,2026-01-20T04:57:00
TXN_009400,ACC_00265,ACC_00215,3531.21,2026-01-07T18:46:00
TXN_009401,ACC_00573,ACC_00568,1988.73,2026-01-09T15:41:00
TXN_009402,ACC_00207,ACC_00259,3113.25,2026-01-13T04:09:00
TXN_009403,ACC_00834,ACC_00875,2998.1,2026-01-15T14:39:00
TXN_009404,ACC_00250,ACC_00201,751.69,2026-01-27T08:07:00
TXN_009405,ACC_00329,ACC_00311,3727.98,2026-01-12T19:40:00
TXN_009406,ACC_00554,ACC_00588,2482.23,2026-01-17T02:36:00
TXN_009407,ACC_00198,ACC_00154,1778.57,2026-01-18T18:47:00
TXN_009408,ACC_00881,ACC_00813,123.27,2026-01-10T14:33:00
TXN_009409,ACC_00980,ACC_00945,1523.0,2026-01-03T14:37:00
TXN_009410,ACC_00873,ACC_00887,1460.6,2026-01-19T00:38:00
TXN_009411,ACC_00151,ACC_00135,206.93,2026-01-17T00:09:00
TXN_009412,ACC_00619,ACC_00693,4388.76,2026-01-26T15:32:00
TXN_009413,ACC_00317,ACC_00399,4236.63,2026-01-06T18:48:00
TXN_009414,ACC_00061,ACC_00019,4467.79,2026-01-13T08:14:00
TXN_009415,ACC_00863,ACC_00850,479.19,2026-01-12T14:10:00
TXN_009416,ACC_00253,ACC_00213,3350.81,2026-01-10T21:38:00
TXN_009417,ACC_00947,ACC_01000,2455.14,2026-01-17T12:32:00
TXN_009418,ACC_00570,ACC_00551,2524.89,2026-01-06T09:30:00
TXN_009419,ACC_00089,ACC_00042,1008.39,2026-01-23T22:30:00
TXN_009420,ACC_00340,ACC_00305,1104.05,2026-01-24T13:52:00
TXN_009421,ACC_00482,ACC_00436,3379.89,2026-01-07T09:44:00
TXN_009422,ACC_00766,ACC_00768,2827.35,2026-01-17T01:25:00
TXN_009423,ACC_00816,ACC_00876,85.74,2026-01-08T19:51:00
TXN_009424,ACC_00950,ACC_00948,3069.99,2026-01-18T08:02:00
TXN_009425,ACC_00248,ACC_00286,2079.79,2026-01-28T05:04:00
TXN_009426,ACC_00259,ACC_00256,702.89,2026-01-08T10:17:00
TXN_009427,ACC_00669,ACC_00631,4032.94,2026-01-04T18:33:00
TXN_009428,ACC_00744,ACC_00730,622.6,2026-01-12T13:46:00
TXN_009429,ACC_00379,ACC_00395,3521.55,2026-01-28T15:22:00
TXN_009430,ACC_00544,ACC_00582,4176.79,2026-01-22T09:41:00
TXN_009431,ACC_00021,ACC_00018,98.56,2026-01-24T09:20:00
TXN_009432,ACC_00764,ACC_00711,2108.27,2026-01-02T05:12:00
TXN_009433,ACC_00938,ACC_00947,676.26,2026-01-01T19:21:00
TXN_009434,ACC_00685,ACC_00698,1438.45,2026-01-27T00:06:00
TXN_009435,ACC_00729,ACC_00800,3338.06,2026-01-17T14:24:00
TXN_009436,ACC_00413,ACC_00483,3485.62,2026-01-13T19:52:00
TXN_009437,ACC_00910,ACC_00904,939.53,2026-01-10T20:58:00
TXN_009438,ACC_00395,ACC_00390,4136.65,2026-01-06T15:06:00
TXN_009439,ACC_00685,ACC_00696,4832.0,2026-01-20T10:20:00
TXN_009440,ACC_00982,ACC_00907,2115.92,2026-01-20T07:43:00
TXN_009441,ACC_00796,ACC_00733,2415.53,2026-01-22T10:07:00
TXN_009442,ACC_00297,ACC_00207,406.57,2026-01-05T10:35:00
TXN_009443,ACC_00038,ACC_00001,1160.0,2026-01-26T02:10:00
TXN_009444,ACC_00432,ACC_00495,4232.46,2026-01-22T07:28:00
TXN_009445,ACC_00251,ACC_00203,3215.63,2026-01-04T20:46:00
TXN_009446,ACC_00761,ACC_00792,3931.38,2026-01-22T15:34:00
TXN_009447,ACC_00583,ACC_00529,4333.74,2026-01-09T13:46:00
TXN_009448,ACC_00419,ACC_00418,1066.6,2026-01-15T18:26:00
TXN_009449,ACC_00379,ACC_00317,1325.75,2026-01-07T02:17:00
TXN_009450,ACC_00598,ACC_00564,2260.55,2026-01-22T16:53:00
TXN_009451,ACC_00259,ACC_00233,2235.05,2026-01-17T11:31:00
TXN_009452,ACC_00507,ACC_00522,3295.26,2026-01-05T20:29:00
TXN_009453,ACC_00868,ACC_00845,475.24,2026-01-09T11:55:00
TXN_009454,ACC_00468,ACC_00440,4976.45,2026-01-20T15:49:00
TXN_009455,ACC_00392,ACC_00349,2660.91,2026-01-09T15:05:00
TXN_009456,ACC_00951,ACC_00992,2451.04,2026-01-25T07:31:00
TXN_009457,ACC_00839,ACC_00823,3793.02,2026-01-01T17:16:00
TXN_009458,ACC_00460,ACC_00443,3462.8,2026-01-29T11:35:00
TXN_009459,ACC_00999,ACC_00972,1848.85,2026-01-12T05:20:00
TXN_009460,ACC_00877,ACC_00840,3766.55,2026-01-21T08:19:00
TXN_009461,ACC_00050,ACC_00074,3415.52,2026-01-12T02:59:00
TXN_009462,ACC_00268,ACC_00244,662.7,2026-01-11T23:36:00
TXN_009463,ACC_00020,ACC_00041,2042.44,2026-01-15T03:08:00
TXN_009464,ACC_00692,ACC_00686,2376.26,2026-01-30T08:57:00
TXN_009465,ACC_00453,ACC_00496,3227.78,2026-01-21T06:10:00
TXN_009466,ACC_00886,ACC_00809,4968.38,2026-01-24T15:46:00
TXN_009467,ACC_00967,ACC_00956,3590.72,2026-01-10T19:06:00
TXN_009468,ACC_00129,ACC_00174,3095.82,2026-01-15T19:36:00
TXN_009469,ACC_00500,ACC_00482,4890.93,2026-01-15T22:17:00
TXN_009470,ACC_00918,ACC_00991,582.68,2026-01-03T22:36:00
TXN_009471,ACC_00843,ACC_00896,872.85,2026-01-20T22:39:00
TXN_009472,ACC_00581,ACC_00507,3097.68,2026-01-04T23:26:00
TXN_009473,ACC_00728,ACC_00764,2859.03,2026-01-23T04:23:00
TXN_009474,ACC_00252,ACC_00287,2530.86,2026-01-09T22:51:00
TXN_009475,ACC_00949,ACC_00946,3831.29,2026-01-14T07:00:00
TXN_009476,ACC_00980,ACC_00964,2855.26,2026-01-22T03:38:00
TXN_009477,ACC_00771,ACC_00781,776.97,2026-01-29T17:56:00
TXN_009478,ACC_00203,ACC_00206,3593.31,2026-01-26T00:54:00
TXN_009479,ACC_00103,ACC_00104,3714.35,2026-01-05T10:24:00
TXN_009480,ACC_00265,ACC_00253,2984.79,2026-01-19T22:37:00
TXN_009481,ACC_00624,ACC_00641,1615.84,2026-01-04T21:43:00
TXN_009482,ACC_00576,ACC_00544,1274.26,2026-01-05T21:36:00
TXN_009483,ACC_00999,ACC_00997,2829.66,2026-01-02T22:41:00
TXN_009484,ACC_00657,ACC_00613,3489.46,2026-01-29T18:49:00
TXN_009485,ACC_00085,ACC_00066,17.81,2026-01-01T08:39:00
TXN_009486,ACC_00481,ACC_00446,3476.22,2026-01-24T10:20:00
TXN_009487,ACC_00235,ACC_00221,880.73,2026-01-30T23:45:00
TXN_009488,ACC_00493,ACC_00489,4793.44,2026-01-27T19:28:00
TXN_009489,ACC_00645,ACC_00691,3099.59,2026-01-06T20:21:00
TXN_009490,ACC_00826,ACC_00806,583.69,2026-01-16T17:11:00
TXN_009491,ACC_00176,ACC_00160,3717.28,2026-01-08T01:36:00
TXN_009492,ACC_00124,ACC_00184,4324.58,2026-01-10T21:10:00
TXN_009493,ACC_00427,ACC_00498,1644.46,2026-01-11T16:41:00
TXN_009494,ACC_00660,ACC_00648,3402.43,2026-01-21T08:47:00
TXN_009495,ACC_00757,ACC_00728,4516.97,2026-01-12T09:49:00
TXN_009496,ACC_00250,ACC_00299,2664.84,2026-01-16T05:41:00
TXN_009497,ACC_00742,ACC_00707,3331.42,2026-01-10T09:53:00
TXN_009498,ACC_00039,ACC_00091,2955.54,2026-01-30T10:45:00
TXN_009499,ACC_00912,ACC_00933,2356.86,2026-01-01T01:06:00
TXN_009500,ACC_00710,ACC_00781,919.82,2026-01-29T13:40:00
TXN_009501,ACC_00804,ACC_00853,4702.45,2026-01-04T21:12:00
TXN_009502,ACC_00977,ACC_00905,4213.42,2026-01-22T21:47:00
TXN_009503,ACC_00651,ACC_00691,3025.2,2026-01-19T18:20:00
TXN_009504,ACC_00786,ACC_00735,766.29,2026-01-22T14:21:00
TXN_009505,ACC_00159,ACC_00116,1456.26,2026-01-08T17:59:00
TXN_009506,ACC_00348,ACC_00350,2507.26,2026-01-20T06:14:00
TXN_009507,ACC_00395,ACC_00307,776.66,2026-01-10T22:08:00
TXN_009508,ACC_00350,ACC_00374,3578.49,2026-01-17T22:00:00
TXN_009509,ACC_00542,ACC_00569,3640.96,2026-01-21T06:35:00
TXN_009510,ACC_00663,ACC_00627,3649.18,2026-01-15T13:43:00
TXN_009511,ACC_00772,ACC_00798,3733.13,2026-01-05T06:15:00
TXN_009512,ACC_00723,ACC_00767,3265.77,2026-01-11T04:39:00
TXN_009513,ACC_00460,ACC_00450,4736.96,2026-01-13T04:45:00
TXN_009514,ACC_00696,ACC_00687,925.24,2026-01-04T06:37:00
TXN_009515,ACC_00612,ACC_00634,3491.37,2026-01-28T17:37:00
TXN_009516,ACC_00927,ACC_00985,3354.2,2026-01-19T10:14:00
TXN_009517,ACC_00314,ACC_00399,1980.35,2026-01-27T01:59:00
TXN_009518,ACC_00743,ACC_00751,1285.78,2026-01-14T13:37:00
TXN_009519,ACC_00998,ACC_00905,1598.63,2026-01-27T12:51:00
TXN_009520,ACC_00944,ACC_00951,1096.38,2026-01-19T05:53:00
TXN_009521,ACC_00008,ACC_00084,1012.25,2026-01-18T22:12:00
TXN_009522,ACC_00292,ACC_00216,1799.93,2026-01-03T10:46:00
TXN_009523,ACC_00150,ACC_00134,2232.21,2026-01-03T13:41:00
TXN_009524,ACC_00795,ACC_00792,286.81,2026-01-30T11:45:00
TXN_009525,ACC_00465,ACC_00414,1030.36,2026-01-05T02:44:00
TXN_009526,ACC_00598,ACC_00597,4369.49,2026-01-09T21:26:00
TXN_009527,ACC_00796,ACC_00781,1239.23,2026-01-29T17:13:00
TXN_009528,ACC_00647,ACC_00621,4610.35,2026-01-22T23:16:00
TXN_009529,ACC_00298,ACC_00277,2907.92,2026-01-15T10:08:00
TXN_009530,ACC_00851,ACC_00857,2349.38,2026-01-21T23:19:00
TXN_009531,ACC_00043,ACC_00047,2588.98,2026-01-14T13:42:00
TXN_009532,ACC_00992,ACC_00999,2376.27,2026-01-02T16:20:00
TXN_009533,ACC_00289,ACC_00276,1927.06,2026-01-28T12:59:00
TXN_009534,ACC_00913,ACC_00942,3521.98,2026-01-14T07:25:00
TXN_009535,ACC_00262,ACC_00202,3287.72,2026-01-03T06:12:00
TXN_009536,ACC_00932,ACC_00928,1068.6,2026-01-05T18:32:00
TXN_009537,ACC_00251,ACC_00266,983.23,2026-01-27T00:41:00
TXN_009538,ACC_00454,ACC_00403,331.05,2026-01-08T03:03:00
TXN_009539,ACC_00698,ACC_00670,1442.77,2026-01-25T09:10:00
TXN_009540,ACC_00564,ACC_00562,3469.01,2026-01-04T19:18:00
TXN_009541,ACC_00909,ACC_00968,872.18,2026-01-13T02:26:00
TXN_009542,ACC_00509,ACC_00593,1772.44,2026-01-27T20:54:00
TXN_009543,ACC_00697,ACC_00611,2184.31,2026-01-22T12:33:00
TXN_009544,ACC_00544,ACC_00572,790.99,2026-01-28T07:23:00
TXN_009545,ACC_00389,ACC_00348,4415.72,2026-01-17T10:53:00
TXN_009546,ACC_00842,ACC_00872,3344.22,2026-01-23T07:28:00
TXN_009547,ACC_00625,ACC_00601,3841.22,2026-01-07T21:19:00
TXN_009548,ACC_00900,ACC_00892,3045.68,2026-01-09T01:41:00
TXN_009549,ACC_00331,ACC_00346,2720.41,2026-01-07T12:58:00
TXN_009550,ACC_00768,ACC_00779,528.31,2026-01-23T15:47:00
TXN_009551,ACC_00345,ACC_00377,2055.6,2026-01-30T12:47:00
TXN_009552,ACC_00721,ACC_00753,3324.3,2026-01-24T22:48:00
TXN_009553,ACC_00735,ACC_00753,3382.68,2026-01-13T14:32:00
TXN_009554,ACC_00505,ACC_00559,4485.36,2026-01-07T20:48:00
TXN_009555,ACC_00314,ACC_00398,4617.27,2026-01-01T10:42:00
TXN_009556,ACC_00171,ACC_00146,2636.41,2026-01-03T05:49:00
TXN_009557,ACC_00070,ACC_00062,2021.58,2026-01-15T09:15:00
TXN_009558,ACC_00445,ACC_00497,3738.4,2026-01-02T03:55:00
TXN_009559,ACC_00570,ACC_00515,69.77,2026-01-30T14:31:00
TXN_009560,ACC_00802,ACC_00814,2814.44,2026-01-01T01:38:00
TXN_009561,ACC_00888,ACC_00854,2976.76,2026-01-23T03:22:00
TXN_009562,ACC_00433,ACC_00464,406.1,2026-01-20T19:24:00
TXN_009563,ACC_00358,ACC_00369,4774.35,2026-01-25T22:37:00
TXN_009564,ACC_00625,ACC_00650,1485.43,2026-01-29T20:29:00
TXN_009565,ACC_00532,ACC_00529,1508.74,2026-01-11T15:33:00
TXN_009566,ACC_00757,ACC_00736,2048.04,2026-01-27T03:02:00
TXN_009567,ACC_00326,ACC_00362,4471.88,2026-01-27T06:24:00
TXN_009568,ACC_00220,ACC_00289,4600.19,2026-01-20T14:06:00
TXN_009569,ACC_00265,ACC_00215,4625.1,2026-01-29T00:58:00
TXN_009570,ACC_00501,ACC_00524,2429.77,2026-01-10T22:44:00
TXN_009571,ACC_00371,ACC_00382,1231.92,2026-01-23T16:45:00
TXN_009572,ACC_00507,ACC_00542,585.37,2026-01-08T11:46:00
TXN_009573,ACC_00402,ACC_00441,29.49,2026-01-29T19:50:00
TXN_009574,ACC_00717,ACC_00797,141.84,2026-01-19T23:09:00
TXN_009575,ACC_00783,ACC_00773,827.59,2026-01-20T10:28:00
TXN_009576,ACC_00135,ACC_00146,2439.19,2026-01-27T17:42:00
TXN_009577,ACC_00353,ACC_00349,2864.98,2026-01-01T17:33:00
TXN_009578,ACC_00575,ACC_00515,2787.68,2026-01-28T14:27:00
TXN_009579,ACC_00797,ACC_00739,4885.15,2026-01-23T01:24:00
TXN_009580,ACC_00350,ACC_00356,1032.88,2026-01-17T14:30:00
TXN_009581,ACC_00783,ACC_00768,1756.87,2026-01-24T23:47:00
TXN_009582,ACC_00739,ACC_00765,3418.27,2026-01-28T02:33:00
TXN_009583,ACC_00584,ACC_00547,591.18,2026-01-21T14:27:00
TXN_009584,ACC_00181,ACC_00179,1273.29,2026-01-25T08:36:00
TXN_009585,ACC_00434,ACC_00493,4664.2,2026-01-28T08:22:00
TXN_009586,ACC_00156,ACC_00132,1607.46,2026-01-26T16:34:00
TXN_009587,ACC_00562,ACC_00533,2388.89,2026-01-22T17:31:00
TXN_009588,ACC_00431,ACC_00457,797.48,2026-01-30T03:16:00
TXN_009589,ACC_00229,ACC_00265,2580.91,2026-01-13T11:27:00
TXN_009590,ACC_00748,ACC_00750,3929.39,2026-01-04T07:24:00
TXN_009591,ACC_00911,ACC_00971,4164.71,2026-01-26T14:42:00
TXN_009592,ACC_00743,ACC_00748,2967.21,2026-01-23T10:14:00
TXN_009593,ACC_00829,ACC_00817,4071.74,2026-01-09T12:41:00
TXN_009594,ACC_00082,ACC_00100,4591.54,2026-01-02T07:05:00
TXN_009595,ACC_00576,ACC_00502,1440.4,2026-01-15T13:11:00
TXN_009596,ACC_00157,ACC_00130,1617.2,2026-01-18T06:49:00
TXN_009597,ACC_00537,ACC_00505,3649.49,2026-01-15T16:16:00
TXN_009598,ACC_00174,ACC_00129,1521.55,2026-01-13T14:49:00
TXN_009599,ACC_00238,ACC_00253,4300.05,2026-01-06T17:16:00
TXN_009600,ACC_00714,ACC_00718,3054.24,2026-01-09T13:49:00
TXN_009601,ACC_00308,ACC_00400,1687.81,2026-01-19T11:55:00
TXN_009602,ACC_00348,ACC_00325,3066.54,2026-01-17T18:25:00
TXN_009603,ACC_00741,ACC_00775,110.48,2026-01-25T15:40:00
TXN_009604,ACC_00621,ACC_00665,3653.88,2026-01-09T11:03:00
TXN_009605,ACC_00177,ACC_00152,2631.48,2026-01-01T00:06:00
TXN_009606,ACC_00863,ACC_00898,1632.83,2026-01-29T15:15:00
TXN_009607,ACC_00765,ACC_00784,740.04,2026-01-26T02:57:00
TXN_009608,ACC_00725,ACC_00760,1245.28,2026-01-20T08:07:00
TXN_009609,ACC_00961,ACC_00959,2909.41,2026-01-10T23:44:00
TXN_009610,ACC_00893,ACC_00832,4229.26,2026-01-20T21:41:00
TXN_009611,ACC_00604,ACC_00673,3290.16,2026-01-23T17:36:00
TXN_009612,ACC_00765,ACC_00742,4880.65,2026-01-16T05:53:00
TXN_009613,ACC_00088,ACC_00083,1394.43,2026-01-14T07:18:00
TXN_009614,ACC_00585,ACC_00506,3524.24,2026-01-21T04:37:00
TXN_009615,ACC_00952,ACC_00921,4474.63,2026-01-28T18:03:00
TXN_009616,ACC_00088,ACC_00011,4646.11,2026-01-01T18:48:00
TXN_009617,ACC_00930,ACC_00991,3451.78,2026-01-09T06:45:00
TXN_009618,ACC_00252,ACC_00246,2248.71,2026-01-07T17:20:00
TXN_009619,ACC_00245,ACC_00238,1195.63,2026-01-18T13:24:00
TXN_009620,ACC_00580,ACC_00539,3691.8,2026-01-04T13:38:00
TXN_009621,ACC_00664,ACC_00616,2299.48,2026-01-04T01:55:00
TXN_009622,ACC_00527,ACC_00575,4202.43,2026-01-26T01:59:00
TXN_009623,ACC_00722,ACC_00736,1585.5,2026-01-30T00:19:00
TXN_009624,ACC_00192,ACC_00176,2307.16,2026-01-26T04:05:00
TXN_009625,ACC_00065,ACC_00086,1527.75,2026-01-23T19:01:00
TXN_009626,ACC_00743,ACC_00792,3826.42,2026-01-15T08:31:00
TXN_009627,ACC_00801,ACC_00847,3710.85,2026-01-09T21:51:00
TXN_009628,ACC_00580,ACC_00581,718.26,2026-01-22T17:15:00
TXN_009629,ACC_00828,ACC_00880,175.85,2026-01-17T21:11:00
TXN_009630,ACC_00795,ACC_00790,1752.51,2026-01-02T02:15:00
TXN_009631,ACC_00306,ACC_00353,2082.89,2026-01-28T13:55:00
TXN_009632,ACC_00209,ACC_00300,2678.3,2026-01-06T20:20:00
TXN_009633,ACC_00550,ACC_00571,2768.43,2026-01-12T00:41:00
TXN_009634,ACC_00024,ACC_00062,4684.98,2026-01-24T16:44:00
TXN_009635,ACC_00358,ACC_00373,3856.83,2026-01-26T08:06:00
TXN_009636,ACC_00137,ACC_00193,861.54,2026-01-27T02:25:00
TXN_009637,ACC_00129,ACC_00161,2402.42,2026-01-05T16:58:00
TXN_009638,ACC_00055,ACC_00089,2836.13,2026-01-09T17:57:00
TXN_009639,ACC_00848,ACC_00868,176.36,2026-01-10T19:39:00
TXN_009640,ACC_00834,ACC_00888,1028.9,2026-01-23T20:09:00
TXN_009641,ACC_00700,ACC_00698,4645.04,2026-01-24T11:29:00
TXN_009642,ACC_00657,ACC_00621,2683.29,2026-01-10T01:18:00
TXN_009643,ACC_00644,ACC_00686,239.18,2026-01-19T19:56:00
TXN_009644,ACC_00661,ACC_00662,4978.45,2026-01-17T21:39:00
TXN_009645,ACC_00573,ACC_00546,3925.46,2026-01-21T10:19:00
TXN_009646,ACC_00538,ACC_00513,1599.07,2026-01-01T03:16:00
TXN_009647,ACC_00762,ACC_00785,1775.42,2026-01-06T22:54:00
TXN_009648,ACC_00038,ACC_00006,1647.77,2026-01-09T03:20:00
TXN_009649,ACC_00884,ACC_00879,2745.13,2026-01-23T20:31:00
TXN_009650,ACC_00081,ACC_00070,4031.56,2026-01-15T13:41:00
TXN_009651,ACC_00858,ACC_00820,1719.64,2026-01-10T14:43:00
TXN_009652,ACC_00838,ACC_00897,3923.09,2026-01-17T08:59:00
TXN_009653,ACC_00206,ACC_00268,773.05,2026-01-01T23:14:00
TXN_009654,ACC_00103,ACC_00137,1855.54,2026-01-04T21:32:00
TXN_009655,ACC_00795,ACC_00798,2903.47,2026-01-14T18:55:00
TXN_009656,ACC_00152,ACC_00149,2619.75,2026-01-01T15:02:00
TXN_009657,ACC_00155,ACC_00199,439.09,2026-01-06T05:09:00
TXN_009658,ACC_00581,ACC_00549,455.77,2026-01-20T21:01:00
TXN_009659,ACC_00403,ACC_00491,2207.85,2026-01-13T12:54:00
TXN_009660,ACC_00506,ACC_00540,2764.46,2026-01-16T06:41:00
TXN_009661,ACC_00083,ACC_00071,697.52,2026-01-27T17:20:00
TXN_009662,ACC_00703,ACC_00752,3118.62,2026-01-26T23:20:00
TXN_009663,ACC_00084,ACC_00050,3038.84,2026-01-15T02:47:00
TXN_009664,ACC_00480,ACC_00431,2191.1,2026-01-16T02:40:00
TXN_009665,ACC_00595,ACC_00590,4123.72,2026-01-30T13:24:00
TXN_009666,ACC_00087,ACC_00029,1974.77,2026-01-30T19:53:00
TXN_009667,ACC_00828,ACC_00852,2441.32,2026-01-14T07:54:00
TXN_009668,ACC_00239,ACC_00247,3858.37,2026-01-15T19:12:00
TXN_009669,ACC_00163,ACC_00105,3650.45,2026-01-24T20:19:00
TXN_009670,ACC_00345,ACC_00309,4357.18,2026-01-14T12:10:00
TXN_009671,ACC_00234,ACC_00235,3183.9,2026-01-30T10:35:00
TXN_009672,ACC_00981,ACC_00991,2012.87,2026-01-19T12:31:00
TXN_009673,ACC_00386,ACC_00378,3854.37,2026-01-02T14:28:00
TXN_009674,ACC_00034,ACC_00046,2962.57,2026-01-10T15:15:00
TXN_009675,ACC_00803,ACC_00835,4340.22,2026-01-26T00:53:00
TXN_009676,ACC_00895,ACC_00854,3163.51,2026-01-23T13:33:00
TXN_009677,ACC_00514,ACC_00539,3440.25,2026-01-01T11:11:00
TXN_009678,ACC_00615,ACC_00695,264.14,2026-01-20T21:53:00
TXN_009679,ACC_00965,ACC_00958,376.85,2026-01-10T14:12:00
TXN_009680,ACC_00076,ACC_00065,4438.82,2026-01-06T06:22:00
TXN_009681,ACC_00669,ACC_00672,1122.16,2026-01-05T16:07:00
TXN_009682,ACC_00030,ACC_00081,1477.35,2026-01-25T19:54:00
TXN_009683,ACC_00914,ACC_00987,2752.08,2026-01-09T05:17:00
TXN_009684,ACC_00507,ACC_00513,1269.39,2026-01-18T08:10:00
TXN_009685,ACC_00453,ACC_00450,1854.77,2026-01-07T23:37:00
TXN_009686,ACC_00315,ACC_00320,1102.99,2026-01-16T21:23:00
TXN_009687,ACC_00117,ACC_00157,2971.58,2026-01-19T07:33:00
TXN_009688,ACC_00751,ACC_00723,3935.29,2026-01-08T08:43:00
TXN_009689,ACC_00946,ACC_00964,2925.96,2026-01-30T01:49:00
TXN_009690,ACC_00463,ACC_00436,195.25,2026-01-17T13:25:00
TXN_009691,ACC_00081,ACC_00073,2533.0,2026-01-30T11:18:00
TXN_009692,ACC_00716,ACC_00760,3263.62,2026-01-11T12:54:00
TXN_009693,ACC_00198,ACC_00144,479.3,2026-01-23T13:48:00
TXN_009694,ACC_00605,ACC_00636,1919.45,2026-01-08T20:24:00
TXN_009695,ACC_00134,ACC_00199,2244.51,2026-01-12T11:46:00
TXN_009696,ACC_00643,ACC_00605,1319.84,2026-01-13T01:21:00
TXN_009697,ACC_00148,ACC_00124,1313.57,2026-01-20T13:49:00
TXN_009698,ACC_00588,ACC_00585,3701.88,2026-01-23T18:22:00
TXN_009699,ACC_00277,ACC_00254,1436.17,2026-01-28T03:03:00
TXN_009700,ACC_00533,ACC_00512,3992.83,2026-01-27T02:15:00
TXN_009701,ACC_00129,ACC_00194,2792.95,2026-01-22T01:37:00
TXN_009702,ACC_00477,ACC_00465,4144.17,2026-01-23T01:51:00
TXN_009703,ACC_00203,ACC_00278,4054.82,2026-01-09T14:49:00
TXN_009704,ACC_00357,ACC_00332,1966.96,2026-01-28T01:03:00
TXN_009705,ACC_00595,ACC_00522,4495.78,2026-01-15T05:17:00
TXN_009706,ACC_00786,ACC_00754,3528.12,2026-01-01T02:39:00
TXN_009707,ACC_00737,ACC_00785,1561.85,2026-01-06T12:14:00
TXN_009708,ACC_00498,ACC_00435,3985.82,2026-01-01T03:42:00
TXN_009709,ACC_00689,ACC_00616,1768.0,2026-01-09T15:53:00
TXN_009710,ACC_00420,ACC_00442,1714.02,2026-01-17T01:48:00
TXN_009711,ACC_00172,ACC_00126,4088.1,2026-01-07T12:36:00
TXN_009712,ACC_00693,ACC_00620,1047.03,2026-01-05T00:25:00
TXN_009713,ACC_00416,ACC_00489,1729.94,2026-01-17T09:18:00
TXN_009714,ACC_00074,ACC_00086,1373.12,2026-01-17T00:00:00
TXN_009715,ACC_00281,ACC_00247,4332.69,2026-01-07T10:24:00
TXN_009716,ACC_00501,ACC_00548,4514.05,2026-01-19T07:03:00
TXN_009717,ACC_00882,ACC_00808,4524.64,2026-01-24T05:39:00
TXN_009718,ACC_00823,ACC_00890,2198.62,2026-01-01T14:27:00
TXN_009719,ACC_00710,ACC_00720,948.86,2026-01-18T19:23:00
TXN_009720,ACC_00405,ACC_00489,3286.31,2026-01-09T09:20:00
TXN_009721,ACC_00363,ACC_00368,3669.18,2026-01-05T19:02:00
TXN_009722,ACC_00320,ACC_00353,800.2,2026-01-22T09:12:00
TXN_009723,ACC_00332,ACC_00320,635.62,2026-01-19T15:12:00
TXN_009724,ACC_00793,ACC_00755,1464.19,2026-01-20T23:28:00
TXN_009725,ACC_00943,ACC_00965,4301.0,2026-01-24T03:38:00
TXN_009726,ACC_00982,ACC_00938,2691.77,2026-01-18T12:18:00
TXN_009727,ACC_00782,ACC_00791,3765.29,2026-01-21T20:02:00
TXN_009728,ACC_00988,ACC_00920,1454.75,2026-01-27T04:14:00
TXN_009729,ACC_00979,ACC_00925,1014.26,2026-01-04T07:39:00
TXN_009730,ACC_00745,ACC_00782,793.35,2026-01-23T12:34:00
TXN_009731,ACC_00653,ACC_00665,3549.49,2026-01-12T20:40:00
TXN_009732,ACC_00901,ACC_00988,1157.25,2026-01-16T00:48:00
TXN_009733,ACC_00657,ACC_00683,1054.09,2026-01-23T19:39:00
TXN_009734,ACC_00205,ACC_00225,1990.19,2026-01-04T10:37:00
TXN_009735,ACC_00314,ACC_00362,2988.4,2026-01-21T11:43:00
TXN_009736,ACC_00532,ACC_00539,4576.54,2026-01-02T21:02:00
TXN_009737,ACC_00888,ACC_00869,955.16,2026-01-11T02:03:00
TXN_009738,ACC_00184,ACC_00141,2565.33,2026-01-05T08:40:00
TXN_009739,ACC_00151,ACC_00152,2707.35,2026-01-13T17:20:00
TXN_009740,ACC_00021,ACC_00032,684.51,2026-01-20T06:26:00
TXN_009741,ACC_00016,ACC_00077,2508.66,2026-01-11T02:34:00
TXN_009742,ACC_00983,ACC_00947,369.09,2026-01-09T19:50:00
TXN_009743,ACC_00536,ACC_00600,2821.21,2026-01-11T23:12:00
TXN_009744,ACC_00813,ACC_00847,1237.89,2026-01-23T01:24:00
TXN_009745,ACC_00141,ACC_00175,117.23,2026-01-04T20:15:00
TXN_009746,ACC_00700,ACC_00655,2505.54,2026-01-01T13:26:00
TXN_009747,ACC_00231,ACC_00292,1772.55,2026-01-18T07:07:00
TXN_009748,ACC_00451,ACC_00405,2057.89,2026-01-07T10:10:00
TXN_009749,ACC_00219,ACC_00240,2765.45,2026-01-23T12:04:00
TXN_009750,ACC_00917,ACC_00919,532.78,2026-01-16T07:58:00
TXN_009751,ACC_00890,ACC_00819,4808.72,2026-01-20T09:35:00
TXN_009752,ACC_00200,ACC_00132,225.13,2026-01-16T08:28:00
TXN_009753,ACC_00617,ACC_00609,2651.54,2026-01-03T17:54:00
TXN_009754,ACC_00010,ACC_00042,4223.32,2026-01-22T20:21:00
TXN_009755,ACC_00964,ACC_00984,1979.47,2026-01-01T19:17:00
TXN_009756,ACC_00968,ACC_00909,2826.01,2026-01-02T16:35:00
TXN_009757,ACC_00962,ACC_00983,927.84,2026-01-17T02:27:00
TXN_009758,ACC_00668,ACC_00651,4664.57,2026-01-20T01:00:00
TXN_009759,ACC_00069,ACC_00028,2766.2,2026-01-20T01:23:00
TXN_009760,ACC_00672,ACC_00687,577.42,2026-01-08T11:05:00
TXN_009761,ACC_00057,ACC_00029,4928.34,2026-01-22T10:30:00
TXN_009762,ACC_00068,ACC_00088,422.96,2026-01-21T15:12:00
TXN_009763,ACC_00497,ACC_00426,99.27,2026-01-27T07:56:00
TXN_009764,ACC_00902,ACC_00978,140.57,2026-01-08T01:21:00
TXN_009765,ACC_00044,ACC_00095,893.64,2026-01-18T19:14:00
TXN_009766,ACC_00062,ACC_00001,894.58,2026-01-29T18:50:00
TXN_009767,ACC_00464,ACC_00437,4128.37,2026-01-24T09:03:00
TXN_009768,ACC_00780,ACC_00767,4217.15,2026-01-25T07:33:00
TXN_009769,ACC_00922,ACC_00909,849.51,2026-01-11T12:21:00
TXN_009770,ACC_00369,ACC_00316,4697.03,2026-01-16T00:38:00
TXN_009771,ACC_00277,ACC_00227,684.57,2026-01-08T20:52:00
TXN_009772,ACC_00786,ACC_00787,4820.71,2026-01-08T22:46:00
TXN_009773,ACC_00533,ACC_00505,1490.61,2026-01-06T02:28:00
TXN_009774,ACC_00371,ACC_00388,2451.62,2026-01-14T11:01:00
TXN_009775,ACC_00538,ACC_00531,435.73,2026-01-30T04:00:00
TXN_009776,ACC_00852,ACC_00840,3004.77,2026-01-17T10:18:00
TXN_009777,ACC_00770,ACC_00707,2383.0,2026-01-03T14:43:00
TXN_009778,ACC_00923,ACC_00995,3770.07,2026-01-13T06:28:00
TXN_009779,ACC_00352,ACC_00353,4180.83,2026-01-28T05:53:00
TXN_009780,ACC_00362,ACC_00345,4890.57,2026-01-17T08:38:00
TXN_009781,ACC_00583,ACC_00503,4159.58,2026-01-13T17:59:00
TXN_009782,ACC_00570,ACC_00532,2469.26,2026-01-25T13:27:00
TXN_009783,ACC_00002,ACC_00095,3740.91,2026-01-23T17:54:00
TXN_009784,ACC_00079,ACC_00075,3661.41,2026-01-03T11:12:00
TXN_009785,ACC_00157,ACC_00119,3154.44,2026-01-05T07:45:00
TXN_009786,ACC_00130,ACC_00199,4956.97,2026-01-17T12:01:00
TXN_009787,ACC_00801,ACC_00837,1055.29,2026-01-09T18:44:00
TXN_009788,ACC_00197,ACC_00148,2907.63,2026-01-20T03:25:00
TXN_009789,ACC_00403,ACC_00415,426.15,2026-01-03T05:15:00
TXN_009790,ACC_00604,ACC_00612,3389.12,2026-01-29T03:06:00
TXN_009791,ACC_00342,ACC_00324,4247.55,2026-01-01T07:47:00
TXN_009792,ACC_00622,ACC_00623,282.25,2026-01-18T10:34:00
TXN_009793,ACC_00927,ACC_00910,3718.77,2026-01-18T15:30:00
TXN_009794,ACC_00298,ACC_00250,4191.02,2026-01-19T03:23:00
TXN_009795,ACC_00330,ACC_00315,481.51,2026-01-18T06:07:00
TXN_009796,ACC_00071,ACC_00020,535.96,2026-01-09T15:51:00
TXN_009797,ACC_00161,ACC_00111,614.17,2026-01-21T10:17:00
TXN_009798,ACC_00938,ACC_00941,4606.99,2026-01-22T04:01:00
TXN_009799,ACC_00406,ACC_00443,3022.58,2026-01-06T00:17:00
TXN_009800,ACC_00947,ACC_00904,377.28,2026-01-26T05:12:00
TXN_009801,ACC_00001,ACC_00097,2071.22,2026-01-16T03:24:00
TXN_009802,ACC_00730,ACC_00782,794.92,2026-01-17T07:09:00
TXN_009803,ACC_00629,ACC_00647,1851.71,2026-01-28T05:17:00
TXN_009804,ACC_00756,ACC_00731,918.77,2026-01-17T10:51:00
TXN_009805,ACC_00131,ACC_00184,758.86,2026-01-02T06:43:00
TXN_009806,ACC_00268,ACC_00297,2399.9,2026-01-18T03:05:00
TXN_009807,ACC_00107,ACC_00151,1639.4,2026-01-19T20:25:00
TXN_009808,ACC_00603,ACC_00622,2909.79,2026-01-14T10:03:00
TXN_009809,ACC_00347,ACC_00358,2224.54,2026-01-21T00:55:00
TXN_009810,ACC_00186,ACC_00139,228.79,2026-01-27T09:29:00
TXN_009811,ACC_00711,ACC_00764,966.3,2026-01-16T08:14:00
TXN_009812,ACC_00292,ACC_00264,4650.54,2026-01-29T09:37:00
TXN_009813,ACC_00789,ACC_00787,824.44,2026-01-16T19:58:00
TXN_009814,ACC_00141,ACC_00168,4719.95,2026-01-22T03:27:00
TXN_009815,ACC_00880,ACC_00891,2977.93,2026-01-24T20:27:00
TXN_009816,ACC_00152,ACC_00194,4310.72,2026-01-26T04:56:00
TXN_009817,ACC_00162,ACC_00114,4330.19,2026-01-15T10:31:00
TXN_009818,ACC_00112,ACC_00109,820.78,2026-01-12T17:52:00
TXN_009819,ACC_00415,ACC_00421,3511.58,2026-01-14T07:46:00
TXN_009820,ACC_00840,ACC_00847,4831.1,2026-01-14T21:31:00
TXN_009821,ACC_00728,ACC_00710,2223.91,2026-01-10T06:42:00
TXN_009822,ACC_00792,ACC_00734,2871.09,2026-01-05T04:56:00
TXN_009823,ACC_00088,ACC_00053,2989.58,2026-01-19T07:24:00
TXN_009824,ACC_00441,ACC_00484,2718.32,2026-01-03T10:26:00
TXN_009825,ACC_00795,ACC_00701,1278.29,2026-01-09T17:46:00
TXN_009826,ACC_00184,ACC_00112,2022.55,2026-01-23T10:24:00
TXN_009827,ACC_00160,ACC_00104,530.29,2026-01-18T14:39:00
TXN_009828,ACC_00015,ACC_00014,2265.15,2026-01-06T17:19:00
TXN_009829,ACC_00829,ACC_00812,3161.01,2026-01-24T18:32:00
TXN_009830,ACC_00159,ACC_00121,4688.24,2026-01-02T08:20:00
TXN_009831,ACC_00561,ACC_00576,1794.7,2026-01-18T07:48:00
TXN_009832,ACC_00634,ACC_00602,327.62,2026-01-02T09:28:00
TXN_009833,ACC_00186,ACC_00200,4650.13,2026-01-30T13:55:00
TXN_009834,ACC_00538,ACC_00517,3616.76,2026-01-19T03:36:00
TXN_009835,ACC_00771,ACC_00720,384.85,2026-01-14T05:44:00
TXN_009836,ACC_00636,ACC_00627,3813.89,2026-01-13T08:15:00
TXN_009837,ACC_00239,ACC_00285,4182.72,2026-01-04T04:08:00
TXN_009838,ACC_00461,ACC_00441,3297.8,2026-01-14T06:33:00
TXN_009839,ACC_00619,ACC_00636,737.82,2026-01-25T00:54:00
TXN_009840,ACC_00308,ACC_00383,4473.83,2026-01-20T08:40:00
TXN_009841,ACC_00417,ACC_00496,3985.01,2026-01-04T08:02:00
TXN_009842,ACC_00666,ACC_00634,283.52,2026-01-19T05:16:00
TXN_009843,ACC_00877,ACC_00845,3143.29,2026-01-05T10:49:00
TXN_009844,ACC_00579,ACC_00520,1402.6,2026-01-11T20:01:00
TXN_009845,ACC_00651,ACC_00641,332.5,2026-01-07T16:24:00
TXN_009846,ACC_00737,ACC_00755,1630.51,2026-01-12T16:50:00
TXN_009847,ACC_00313,ACC_00356,2906.64,2026-01-13T07:16:00
TXN_009848,ACC_00502,ACC_00556,3897.85,2026-01-02T12:50:00
TXN_009849,ACC_00414,ACC_00413,2384.27,2026-01-10T16:51:00
TXN_009850,ACC_00129,ACC_00183,3207.43,2026-01-14T05:24:00
TXN_009851,ACC_00381,ACC_00314,4732.93,2026-01-01T12:58:00
TXN_009852,ACC_00877,ACC_00888,3198.48,2026-01-03T01:42:00
TXN_009853,ACC_00855,ACC_00874,2269.82,2026-01-15T14:52:00
TXN_009854,ACC_00607,ACC_00615,4005.63,2026-01-26T08:51:00
TXN_009855,ACC_00830,ACC_00802,541.32,2026-01-13T11:35:00
TXN_009856,ACC_00582,ACC_00536,1424.57,2026-01-30T01:39:00
TXN_009857,ACC_00464,ACC_00431,1344.65,2026-01-11T20:05:00
TXN_009858,ACC_00348,ACC_00384,4284.19,2026-01-30T17:16:00
TXN_009859,ACC_00732,ACC_00756,2394.3,2026-01-28T10:37:00
TXN_009860,ACC_00186,ACC_00155,3861.11,2026-01-23T20:16:00
TXN_009861,ACC_00247,ACC_00231,3332.15,2026-01-04T11:33:00
TXN_009862,ACC_00741,ACC_00707,4917.61,2026-01-12T13:33:00
TXN_009863,ACC_00928,ACC_00961,422.21,2026-01-01T20:15:00
TXN_009864,ACC_00167,ACC_00142,1995.16,2026-01-29T06:42:00
TXN_009865,ACC_00990,ACC_00958,3224.88,2026-01-13T05:27:00
TXN_009866,ACC_00946,ACC_00922,116.02,2026-01-26T16:45:00
TXN_009867,ACC_00505,ACC_00577,2420.63,2026-01-16T22:24:00
TXN_009868,ACC_00920,ACC_00965,2657.88,2026-01-04T01:38:00
TXN_009869,ACC_00794,ACC_00720,1997.12,2026-01-18T18:36:00
TXN_009870,ACC_00051,ACC_00027,3031.96,2026-01-28T14:17:00
TXN_009871,ACC_00237,ACC_00210,4700.14,2026-01-20T09:19:00
TXN_009872,ACC_00112,ACC_00177,4310.56,2026-01-16T18:17:00
TXN_009873,ACC_00089,ACC_00093,4147.73,2026-01-29T22:57:00
TXN_009874,ACC_00623,ACC_00695,2568.87,2026-01-23T04:59:00
TXN_009875,ACC_00904,ACC_00966,4984.5,2026-01-25T05:53:00
TXN_009876,ACC_00051,ACC_00065,454.26,2026-01-10T03:57:00
TXN_009877,ACC_00120,ACC_00186,2307.15,2026-01-06T08:36:00
TXN_009878,ACC_00943,ACC_00978,4392.2,2026-01-07T08:25:00
TXN_009879,ACC_00300,ACC_00221,1214.67,2026-01-10T13:00:00
TXN_009880,ACC_00124,ACC_00143,2435.37,2026-01-18T18:10:00
TXN_009881,ACC_00245,ACC_00201,2600.33,2026-01-10T17:57:00
TXN_009882,ACC_00597,ACC_00555,2128.85,2026-01-06T14:39:00
TXN_009883,ACC_00790,ACC_00715,468.73,2026-01-12T21:18:00
TXN_009884,ACC_00423,ACC_00464,3544.88,2026-01-30T16:55:00
TXN_009885,ACC_00319,ACC_00326,3256.28,2026-01-15T08:39:00
TXN_009886,ACC_00390,ACC_00363,907.69,2026-01-12T13:51:00
TXN_009887,ACC_00187,ACC_00140,69.21,2026-01-07T20:59:00
TXN_009888,ACC_00424,ACC_00405,2973.65,2026-01-20T23:49:00
TXN_009889,ACC_00734,ACC_00715,3250.92,2026-01-17T19:43:00
TXN_009890,ACC_00709,ACC_00780,1444.57,2026-01-29T01:19:00
TXN_009891,ACC_00507,ACC_00585,4981.91,2026-01-15T23:40:00
TXN_009892,ACC_00285,ACC_00243,4762.09,2026-01-11T07:05:00
TXN_009893,ACC_00099,ACC_00074,1800.88,2026-01-17T13:44:00
TXN_009894,ACC_00863,ACC_00864,4005.63,2026-01-28T15:52:00
TXN_009895,ACC_00929,ACC_00951,3360.32,2026-01-14T10:38:00
TXN_009896,ACC_00263,ACC_00227,2929.01,2026-01-21T22:48:00
TXN_009897,ACC_00720,ACC_00729,3611.08,2026-01-24T16:36:00
TXN_009898,ACC_00155,ACC_00188,647.02,2026-01-04T06:02:00
TXN_009899,ACC_00211,ACC_00231,527.31,2026-01-15T14:12:00
TXN_009900,ACC_00131,ACC_00184,263.12,2026-01-10T10:37:00
TXN_009901,ACC_00061,ACC_00043,1871.05,2026-01-09T13:02:00
TXN_009902,ACC_00023,ACC_00034,4871.99,2026-01-19T10:22:00
TXN_009903,ACC_00468,ACC_00500,3560.22,2026-01-14T02:57:00
TXN_009904,ACC_00122,ACC_00128,4115.65,2026-01-07T08:17:00
TXN_009905,ACC_00224,ACC_00230,4532.68,2026-01-08T17:49:00
TXN_009906,ACC_00862,ACC_00832,3765.52,2026-01-24T20:02:00
TXN_009907,ACC_00708,ACC_00799,1528.99,2026-01-27T04:37:00
TXN_009908,ACC_00914,ACC_00932,69.57,2026-01-22T20:19:00
TXN_009909,ACC_00846,ACC_00872,4794.36,2026-01-21T00:10:00
TXN_009910,ACC_00362,ACC_00380,628.23,2026-01-08T17:05:00
TXN_009911,ACC_00155,ACC_00195,937.16,2026-01-26T04:59:00
TXN_009912,ACC_00684,ACC_00607,42.55,2026-01-24T11:27:00
TXN_009913,ACC_00927,ACC_00958,1868.16,2026-01-04T01:50:00
TXN_009914,ACC_00930,ACC_00910,4213.83,2026-01-21T10:34:00
TXN_009915,ACC_00435,ACC_00492,2726.88,2026-01-28T05:47:00
TXN_009916,ACC_00370,ACC_00301,2226.87,2026-01-09T23:33:00
TXN_009917,ACC_00484,ACC_00457,2723.21,2026-01-11T12:39:00
TXN_009918,ACC_00129,ACC_00127,315.39,2026-01-21T06:28:00
TXN_009919,ACC_00474,ACC_00435,853.56,2026-01-19T00:11:00
TXN_009920,ACC_00541,ACC_00540,2203.71,2026-01-02T10:02:00
TXN_009921,ACC_00702,ACC_00742,4591.91,2026-01-11T14:06:00
TXN_009922,ACC_00584,ACC_00565,659.54,2026-01-24T14:39:00
TXN_009923,ACC_00334,ACC_00371,3339.01,2026-01-05T14:26:00
TXN_009924,ACC_00804,ACC_00886,4057.52,2026-01-26T06:39:00
TXN_009925,ACC_00984,ACC_00996,2592.2,2026-01-11T13:46:00
TXN_009926,ACC_00508,ACC_00518,1408.86,2026-01-25T08:17:00
TXN_009927,ACC_00776,ACC_00771,4808.03,2026-01-08T13:17:00
TXN_009928,ACC_00863,ACC_00895,1103.72,2026-01-17T02:46:00
TXN_009929,ACC_00148,ACC_00155,510.57,2026-01-14T09:59:00
TXN_009930,ACC_00328,ACC_00396,2236.78,2026-01-02T12:23:00
TXN_009931,ACC_00049,ACC_00053,3408.5,2026-01-19T22:29:00
TXN_009932,ACC_00708,ACC_00783,1073.69,2026-01-19T06:38:00
TXN_009933,ACC_00312,ACC_00313,3945.95,2026-01-27T01:56:00
TXN_009934,ACC_00192,ACC_00156,4994.51,2026-01-05T05:54:00
TXN_009935,ACC_00943,ACC_00944,137.55,2026-01-11T00:32:00
TXN_009936,ACC_00363,ACC_00327,4206.71,2026-01-06T04:36:00
TXN_009937,ACC_00488,ACC_00408,2443.45,2026-01-11T11:37:00
TXN_009938,ACC_00910,ACC_00960,3872.05,2026-01-01T09:11:00
TXN_009939,ACC_00363,ACC_00374,3264.13,2026-01-29T17:14:00
TXN_009940,ACC_00054,ACC_00013,2907.74,2026-01-25T12:08:00
TXN_009941,ACC_00002,ACC_00037,2591.63,2026-01-17T21:18:00
TXN_009942,ACC_00062,ACC_00019,1961.86,2026-01-05T09:24:00
TXN_009943,ACC_00458,ACC_00489,643.62,2026-01-14T14:07:00
TXN_009944,ACC_00672,ACC_00635,1226.73,2026-01-22T18:18:00
TXN_009945,ACC_00542,ACC_00508,4725.67,2026-01-20T07:46:00
TXN_009946,ACC_00274,ACC_00285,130.15,2026-01-28T13:48:00
TXN_009947,ACC_00350,ACC_00357,3182.32,2026-01-29T09:52:00
TXN_009948,ACC_00204,ACC_00258,4533.56,2026-01-08T05:34:00
TXN_009949,ACC_00080,ACC_00045,2748.18,2026-01-22T16:40:00
TXN_009950,ACC_00903,ACC_00930,3479.66,2026-01-15T06:43:00
TXN_009951,ACC_00502,ACC_00569,2846.17,2026-01-05T11:49:00
TXN_009952,ACC_00670,ACC_00696,1395.62,2026-01-12T23:19:00
TXN_009953,ACC_00642,ACC_00691,4994.5,2026-01-21T07:54:00
TXN_009954,ACC_00900,ACC_00811,1325.06,2026-01-21T08:31:00
TXN_009955,ACC_00205,ACC_00241,287.1,2026-01-12T20:19:00
TXN_009956,ACC_00511,ACC_00548,2104.94,2026-01-15T19:53:00
TXN_009957,ACC_00402,ACC_00473,252.03,2026-01-08T22:22:00
TXN_009958,ACC_00683,ACC_00664,3011.08,2026-01-15T09:06:00
TXN_009959,ACC_00987,ACC_00932,4624.53,2026-01-02T14:42:00
TXN_009960,ACC_00010,ACC_00029,4321.84,2026-01-12T17:15:00
TXN_009961,ACC_00139,ACC_00105,3691.26,2026-01-16T21:19:00
TXN_009962,ACC_00807,ACC_00850,2398.99,2026-01-29T16:12:00
TXN_009963,ACC_00910,ACC_00933,4767.63,2026-01-13T08:50:00
TXN_009964,ACC_00540,ACC_00567,37.73,2026-01-12T17:07:00
TXN_009965,ACC_00002,ACC_00006,196.68,2026-01-14T08:54:00
TXN_009966,ACC_00492,ACC_00453,4247.78,2026-01-12T14:23:00
TXN_009967,ACC_00480,ACC_00460,2646.83,2026-01-18T12:34:00
TXN_009968,ACC_00338,ACC_00394,4050.55,2026-01-25T08:53:00
TXN_009969,ACC_00522,ACC_00547,104.44,2026-01-19T11:46:00
TXN_009970,ACC_00875,ACC_00878,4299.79,2026-01-07T11:04:00
TXN_009971,ACC_00618,ACC_00941,2116.04,2026-01-21T04:24:00
TXN_009972,ACC_00168,ACC_00306,3016.17,2026-01-22T09:55:00
TXN_009973,ACC_00165,ACC_00915,3341.26,2026-01-08T18:22:00
TXN_009974,ACC_00146,ACC_00623,1870.6,2026-01-30T22:34:00
TXN_009975,ACC_00848,ACC_00173,3012.3,2026-01-16T00:20:00
TXN_009976,ACC_00414,ACC_00344,2201.57,2026-01-01T23:31:00
TXN_009977,ACC_00133,ACC_00710,2169.86,2026-01-29T18:15:00
TXN_009978,ACC_00462,ACC_00799,4391.69,2026-01-18T15:00:00
TXN_009979,ACC_00189,ACC_00030,3505.94,2026-01-08T02:43:00
TXN_009980,ACC_00152,ACC_00761,819.19,2026-01-03T15:15:00
TXN_009981,ACC_00121,ACC_00139,1904.83,2026-01-13T15:43:00
TXN_009982,ACC_00442,ACC_00437,3807.79,2026-01-17T15:11:00
TXN_009983,ACC_00541,ACC_00579,1263.96,2026-01-09T04:37:00
TXN_009984,ACC_00121,ACC_00111,1147.37,2026-01-25T16:16:00
TXN_009985,ACC_00541,ACC_00600,4335.39,2026-01-04T01:31:00
TXN_009986,ACC_00403,ACC_00458,643.71,2026-01-29T19:05:00
TXN_009987,ACC_00121,ACC_00200,4668.35,2026-01-23T10:36:00
TXN_009988,ACC_00541,ACC_00592,3907.89,2026-01-08T03:36:00
TXN_009989,ACC_00442,ACC_00497,4895.87,2026-01-15T18:33:00
TXN_009990,ACC_00333,ACC_00393,4578.09,2026-01-13T02:42:00
TXN_009991,ACC_00121,ACC_00169,4962.34,2026-01-27T04:19:00
TXN_009992,ACC_00333,ACC_00301,3306.14,2026-01-27T03:26:00
TXN_009993,ACC_00442,ACC_00445,1282.79,2026-01-25T18:38:00
TXN_009994,ACC_00442,ACC_00431,781.79,2026-01-27T09:33:00
TXN_009995,ACC_00121,ACC_00173,2476.71,2026-01-23T21:33:00
TXN_009996,ACC_00333,ACC_00384,3762.2,2026-01-22T16:33:00
TXN_009997,ACC_00442,ACC_00452,3371.13,2026-01-30T01:31:00
TXN_009998,ACC_00442,ACC_00455,4269.97,2026-01-12T14:08:00
TXN_009999,ACC_00442,ACC_00427,2660.34,2026-01-21T14:32:00
TXN_010000,ACC_00121,ACC_00133,4283.78,2026-01-13T11:29:00
TXN_010001,ACC_00005,ACC_00001,387.36,2026-01-28T09:33:00
TXN_010002,ACC_00001,ACC_00003,3954.64,2026-01-20T02:13:00
TXN_010003,ACC_00003,ACC_00006,1310.49,2026-01-08T06:23:00
TXN_010004,ACC_00006,ACC_00003,362.2,2026-01-16T07:39:00
TXN_010005,ACC_00001,ACC_00005,1278.87,2026-01-28T11:25:00
TXN_010006,ACC_00003,ACC_00001,3376.8,2026-01-18T05:27:00
TXN_010007,ACC_00001,ACC_00004,3664.82,2026-01-17T11:00:00
TXN_010008,ACC_00005,ACC_00007,1008.83,2026-01-14T04:05:00
TXN_010009,ACC_00008,ACC_00007,196.45,2026-01-13T15:37:00
TXN_010010,ACC_00005,ACC_00008,586.76,2026-01-10T12:50:00
TXN_010011,ACC_00006,ACC_00007,11480.35,2026-01-28T17:20:00
TXN_010012,ACC_00006,ACC_00005,2071.91,2026-01-18T06:27:00
TXN_010013,ACC_00003,ACC_00007,2268.65,2026-01-15T18:12:00
TXN_010014,ACC_00007,ACC_00008,1241.61,2026-01-15T08:33:00
TXN_010015,ACC_00004,ACC_00001,1417.22,2026-01-15T07:42:00
TXN_010016,ACC_00002,ACC_00005,1376.09,2026-01-21T21:11:00
TXN_010017,ACC_00001,ACC_00003,863.98,2026-01-12T22:59:00
TXN_010018,ACC_00007,ACC_00004,2897.9,2026-01-10T23:33:00
TXN_010019,ACC_00008,ACC_00002,181.82,2026-01-03T03:27:00
TXN_010020,ACC_00007,ACC_00002,4272.28,2026-01-20T05:06:00
TXN_010021,ACC_00006,ACC_00004,1494.38,2026-01-25T01:56:00
TXN_010022,ACC_00003,ACC_00006,1540.18,2026-01-06T05:07:00
TXN_010023,ACC_00006,ACC_00005,4190.1,2026-01-16T11:33:00
TXN_010024,ACC_00001,ACC_00005,54.71,2026-01-12T23:41:00
TXN_010025,ACC_00008,ACC_00007,1373.31,2026-01-29T10:59:00
TXN_010026,ACC_00003,ACC_00007,338.42,2026-01-18T00:24:00
TXN_010027,ACC_00007,ACC_00005,14224.34,2026-01-01T00:37:00
TXN_010028,ACC_00006,ACC_00004,1397.19,2026-01-14T23:53:00
TXN_010029,ACC_00003,ACC_00002,4814.32,2026-01-04T21:33:00
TXN_010030,ACC_00006,ACC_00008,1152.87,2026-01-06T17:21:00
TXN_010031,ACC_00001,ACC_00005,6651.27,2026-01-25T00:21:00
TXN_010032,ACC_00007,ACC_00004,14289.13,2026-01-10T03:42:00
TXN_010033,ACC_00006,ACC_00004,11498.78,2026-01-20T22:31:00
TXN_010034,ACC_00007,ACC_00004,375.81,2026-01-16T09:16:00
TXN_010035,ACC_00001,ACC_00006,369.32,2026-01-04T05:32:00
TXN_010036,ACC_00006,ACC_00001,1362.86,2026-01-16T00:54:00
TXN_010037,ACC_00001,ACC_00003,753.85,2026-01-25T12:59:00
TXN_010038,ACC_00001,ACC_00006,402.35,2026-01-22T12:36:00
TXN_010039,ACC_00007,ACC_00002,1005.52,2026-01-17T02:59:00
TXN_010040,ACC_00005,ACC_00004,1689.6,2026-01-30T17:44:00
TXN_010041,ACC_00008,ACC_00001,1105.91,2026-01-05T23:21:00
TXN_010042,ACC_00003,ACC_00002,253.26,2026-01-09T08:25:00
TXN_010043,ACC_00003,ACC_00002,1763.85,2026-01-26T01:06:00
TXN_010044,ACC_00001,ACC_00007,13360.28,2026-01-05T05:52:00
TXN_010045,ACC_00008,ACC_00007,639.3,2026-01-22T21:46:00
TXN_010046,ACC_00002,ACC_00005,6646.37,2026-01-01T02:21:00
TXN_010047,ACC_00008,ACC_00003,12851.29,2026-01-13T23:34:00
TXN_010048,ACC_00005,ACC_00007,10557.68,2026-01-23T03:34:00
TXN_010049,ACC_00002,ACC_00004,134.8,2026-01-25T16:13:00
TXN_010050,ACC_00001,ACC_00004,897.06,2026-01-23T21:14:00
TXN_010051,ACC_00007,ACC_00005,1443.13,2026-01-04T15:30:00
TXN_010052,ACC_00007,ACC_00001,1029.06,2026-01-11T16:54:00
TXN_010053,ACC_00004,ACC_00006,912.05,2026-01-29T04:31:00
TXN_010054,ACC_00001,ACC_00007,808.03,2026-01-12T20:49:00
TXN_010055,ACC_00002,ACC_00007,435.14,2026-01-06T22:57:00
TXN_010056,ACC_00006,ACC_00003,1397.08,2026-01-04T07:14:00
TXN_010057,ACC_00001,ACC_00006,14960.96,2026-01-04T08:01:00
TXN_010058,ACC_00005,ACC_00006,1403.23,2026-01-04T03:08:00
TXN_010059,ACC_00007,ACC_00003,685.37,2026-01-25T17:20:00
TXN_010060,ACC_00006,ACC_00005,13071.0,2026-01-25T01:44:00
TXN_010061,ACC_00001,ACC_00008,1401.05,2026-01-05T17:08:00
TXN_010062,ACC_00008,ACC_00002,1340.08,2026-01-26T04:16:00
TXN_010063,ACC_00002,ACC_00004,4011.64,2026-01-10T06:22:00
TXN_010064,ACC_00006,ACC_00008,758.37,2026-01-03T07:29:00
TXN_010065,ACC_00001,ACC_00005,1654.3,2026-01-16T04:19:00
TXN_010066,ACC_00007,ACC_00006,6615.82,2026-01-21T02:36:00
TXN_010067,ACC_00005,ACC_00004,212.22,2026-01-07T18:48:00
TXN_010068,ACC_00005,ACC_00008,851.16,2026-01-20T13:26:00
TXN_010069,ACC_00001,ACC_00004,1402.98,2026-01-02T19:34:00
TXN_010070,ACC_00007,ACC_00002,3834.27,2026-01-17T02:18:00
TXN_010071,ACC_00007,ACC_00008,949.96,2026-01-08T00:48:00
TXN_010072,ACC_00008,ACC_00002,4916.72,2026-01-09T01:23:00
TXN_010073,ACC_00007,ACC_00001,1390.51,2026-01-19T17:42:00
TXN_010074,ACC_00007,ACC_00008,2368.59,2026-01-08T05:53:00
TXN_010075,ACC_00007,ACC_00001,106.15,2026-01-22T10:07:00
TXN_010076,ACC_00003,ACC_00008,8496.58,2026-01-11T08:35:00
TXN_010077,ACC_00003,ACC_00007,525.98,2026-01-04T03:49:00
TXN_010078,ACC_00008,ACC_00003,788.64,2026-01-25T09:41:00
TXN_010079,ACC_00004,ACC_00001,1457.08,2026-01-09T03:02:00
TXN_010080,ACC_00005,ACC_00003,915.03,2026-01-16T17:34:00
TXN_010081,ACC_00006,ACC_00003,1477.14,2026-01-06T06:18:00
TXN_010082,ACC_00004,ACC_00006,114.36,2026-01-20T20:17:00
TXN_010083,ACC_00001,ACC_00008,1093.17,2026-01-09T23:12:00
TXN_010084,ACC_00004,ACC_00001,14207.71,2026-01-29T08:39:00
TXN_010085,ACC_00003,ACC_00008,1355.07,2026-01-24T01:54:00
TXN_010086,ACC_00003,ACC_00005,1060.95,2026-01-26T05:33:00
TXN_010087,ACC_00001,ACC_00005,2827.01,2026-01-08T22:05:00
TXN_010088,ACC_00006,ACC_00003,1258.9,2026-01-14T19:54:00
TXN_010089,ACC_00003,ACC_00005,3623.32,2026-01-15T15:58:00
TXN_010090,ACC_00005,ACC_00004,3289.11,2026-01-08T17:20:00
TXN_010091,ACC_00006,ACC_00003,967.76,2026-01-16T06:06:00
TXN_010092,ACC_00001,ACC_00008,500.11,2026-01-10T01:30:00
TXN_010093,ACC_00001,ACC_00002,738.95,2026-01-04T07:32:00
TXN_010094,ACC_00005,ACC_00007,1091.6,2026-01-18T11:24:00
TXN_010095,ACC_00005,ACC_00002,1047.05,2026-01-05T20:25:00
TXN_010096,ACC_00007,ACC_00002,1439.05,2026-01-24T13:44:00
TXN_010097,ACC_00005,ACC_00006,1280.09,2026-01-21T18:34:00
TXN_010098,ACC_00001,ACC_00005,4957.62,2026-01-28T02:23:00
TXN_010099,ACC_00003,ACC_00008,3644.28,2026-01-23T23:21:00
TXN_010100,ACC_00005,ACC_00006,280.78,2026-01-22T14:28:00
TXN_010101,ACC_00009,ACC_00013,955.54,2026-01-25T21:27:00
TXN_010102,ACC_00016,ACC_00012,133.69,2026-01-05T21:12:00
TXN_010103,ACC_00015,ACC_00012,282.89,2026-01-23T13:44:00
TXN_010104,ACC_00010,ACC_00013,784.68,2026-01-27T04:13:00
TXN_010105,ACC_00010,ACC_00009,138.76,2026-01-03T19:04:00
TXN_010106,ACC_00015,ACC_00011,161.72,2026-01-29T09:03:00
TXN_010107,ACC_00010,ACC_00016,3788.96,2026-01-30T13:42:00
TXN_010108,ACC_00014,ACC_00009,3100.97,2026-01-30T10:51:00
TXN_010109,ACC_00016,ACC_00011,1012.96,2026-01-20T23:16:00
TXN_010110,ACC_00010,ACC_00016,513.34,2026-01-27T21:58:00
TXN_010111,ACC_00011,ACC_00015,926.5,2026-01-26T02:53:00
TXN_010112,ACC_00014,ACC_00011,1179.74,2026-01-17T10:55:00
TXN_010113,ACC_00014,ACC_00009,651.64,2026-01-04T19:21:00
TXN_010114,ACC_00012,ACC_00015,1013.97,2026-01-08T00:19:00
TXN_010115,ACC_00013,ACC_00011,826.02,2026-01-21T03:57:00
TXN_010116,ACC_00014,ACC_00010,1360.12,2026-01-06T15:47:00
TXN_010117,ACC_00010,ACC_00009,14038.18,2026-01-16T08:47:00
TXN_010118,ACC_00010,ACC_00014,1409.15,2026-01-21T18:19:00
TXN_010119,ACC_00015,ACC_00016,5871.47,2026-01-02T12:29:00
TXN_010120,ACC_00010,ACC_00011,3853.06,2026-01-09T19:53:00
TXN_010121,ACC_00014,ACC_00013,911.67,2026-01-19T14:24:00
TXN_010122,ACC_00016,ACC_00011,125.17,2026-01-25T11:11:00
TXN_010123,ACC_00010,ACC_00016,1119.6,2026-01-03T07:48:00
TXN_010124,ACC_00014,ACC_00011,322.29,2026-01-10T20:30:00
TXN_010125,ACC_00016,ACC_00015,7248.64,2026-01-21T20:36:00
TXN_010126,ACC_00013,ACC_00009,841.43,2026-01-28T21:49:00
TXN_010127,ACC_00015,ACC_00013,4828.92,2026-01-27T08:21:00
TXN_010128,ACC_00012,ACC_00010,1158.12,2026-01-08T00:52:00
TXN_010129,ACC_00011,ACC_00009,1935.81,2026-01-29T07:52:00
TXN_010130,ACC_00012,ACC_00013,71.37,2026-01-18T02:50:00
TXN_010131,ACC_00010,ACC_00012,244.1,2026-01-27T04:45:00
TXN_010132,ACC_00010,ACC_00011,113.58,2026-01-13T04:58:00
TXN_010133,ACC_00013,ACC_00011,4280.18,2026-01-22T22:11:00
TXN_010134,ACC_00014,ACC_00010,64.49,2026-01-10T10:38:00
TXN_010135,ACC_00013,ACC_00015,875.76,2026-01-21T05:17:00
TXN_010136,ACC_00011,ACC_00013,8080.21,2026-01-25T23:07:00
TXN_010137,ACC_00013,ACC_00014,4033.31,2026-01-24T13:50:00
TXN_010138,ACC_00015,ACC_00009,1399.54,2026-01-30T02:12:00
TXN_010139,ACC_00014,ACC_00010,1586.87,2026-01-05T22:08:00
TXN_010140,ACC_00015,ACC_00014,4665.39,2026-01-30T16:46:00
TXN_010141,ACC_00011,ACC_00010,4055.12,2026-01-24T12:15:00
TXN_010142,ACC_00009,ACC_00011,719.99,2026-01-14T12:38:00
TXN_010143,ACC_00009,ACC_00013,436.76,2026-01-07T08:12:00
TXN_010144,ACC_00010,ACC_00012,579.0,2026-01-18T15:25:00
TXN_010145,ACC_00014,ACC_00012,1262.4,2026-01-10T14:11:00
TXN_010146,ACC_00011,ACC_00013,486.99,2026-01-20T18:37:00
TXN_010147,ACC_00011,ACC_00014,974.3,2026-01-09T06:15:00
TXN_010148,ACC_00011,ACC_00010,2247.36,2026-01-09T03:02:00
TXN_010149,ACC_00014,ACC_00015,1088.74,2026-01-09T15:15:00
TXN_010150,ACC_00011,ACC_00013,819.68,2026-01-12T14:11:00
TXN_010151,ACC_00015,ACC_00009,3303.89,2026-01-07T02:03:00
TXN_010152,ACC_00010,ACC_00013,1148.2,2026-01-12T14:20:00
TXN_010153,ACC_00010,ACC_00014,2875.98,2026-01-18T02:44:00
TXN_010154,ACC_00013,ACC_00015,732.64,2026-01-30T12:06:00
TXN_010155,ACC_00016,ACC_00009,3203.28,2026-01-04T11:18:00
TXN_010156,ACC_00011,ACC_00015,3068.09,2026-01-04T23:44:00
TXN_010157,ACC_00014,ACC_00013,263.65,2026-01-09T11:23:00
TXN_010158,ACC_00012,ACC_00009,1386.47,2026-01-05T00:44:00
TXN_010159,ACC_00016,ACC_00015,82.59,2026-01-17T05:17:00
TXN_010160,ACC_00010,ACC_00016,724.02,2026-01-01T12:31:00
TXN_010161,ACC_00014,ACC_00009,201.39,2026-01-10T03:41:00
TXN_010162,ACC_00014,ACC_00010,625.65,2026-01-06T01:10:00
TXN_010163,ACC_00010,ACC_00009,1316.77,2026-01-30T21:48:00
TXN_010164,ACC_00014,ACC_00011,931.59,2026-01-08T15:46:00
TXN_010165,ACC_00014,ACC_00011,881.32,2026-01-29T13:48:00
TXN_010166,ACC_00014,ACC_00012,3108.31,2026-01-27T21:08:00
TXN_010167,ACC_00014,ACC_00012,1257.57,2026-01-23T01:37:00
TXN_010168,ACC_00015,ACC_00013,2041.03,2026-01-02T11:33:00
TXN_010169,ACC_00016,ACC_00010,1893.14,2026-01-21T04:41:00
TXN_010170,ACC_00010,ACC_00009,962.24,2026-01-12T10:37:00
TXN_010171,ACC_00016,ACC_00014,810.39,2026-01-11T12:30:00
TXN_010172,ACC_00013,ACC_00009,580.72,2026-01-18T19:32:00
TXN_010173,ACC_00010,ACC_00009,10991.91,2026-01-30T20:09:00
TXN_010174,ACC_00010,ACC_00013,142.98,2026-01-30T21:29:00
TXN_010175,ACC_00010,ACC_00014,13102.77,2026-01-02T00:25:00
TXN_010176,ACC_00012,ACC_00014,460.28,2026-01-20T08:48:00
TXN_010177,ACC_00013,ACC_00012,1809.74,2026-01-28T21:06:00
TXN_010178,ACC_00009,ACC_00010,416.42,2026-01-25T12:19:00
TXN_010179,ACC_00011,ACC_00012,96.97,2026-01-30T07:34:00
TXN_010180,ACC_00012,ACC_00016,503.28,2026-01-17T01:36:00
TXN_010181,ACC_00009,ACC_00015,229.61,2026-01-16T01:06:00
TXN_010182,ACC_00012,ACC_00013,208.95,2026-01-17T06:16:00
TXN_010183,ACC_00013,ACC_00010,3056.14,2026-01-20T16:53:00
TXN_010184,ACC_00013,ACC_00010,4024.72,2026-01-12T18:19:00
TXN_010185,ACC_00013,ACC_00012,506.47,2026-01-14T03:23:00
TXN_010186,ACC_00010,ACC_00014,1074.1,2026-01-26T02:49:00
TXN_010187,ACC_00016,ACC_00014,1254.67,2026-01-18T14:13:00
TXN_010188,ACC_00015,ACC_00016,5205.91,2026-01-01T15:59:00
TXN_010189,ACC_00010,ACC_00011,4505.43,2026-01-30T14:45:00
TXN_010190,ACC_00012,ACC_00014,688.19,2026-01-19T19:28:00
TXN_010191,ACC_00013,ACC_00011,7498.3,2026-01-15T06:00:00
TXN_010192,ACC_00011,ACC_00015,3476.66,2026-01-23T19:52:00
TXN_010193,ACC_00016,ACC_00009,1313.22,2026-01-06T11:08:00
TXN_010194,ACC_00013,ACC_00015,264.3,2026-01-11T10:41:00
TXN_010195,ACC_00009,ACC_00016,431.03,2026-01-27T02:15:00
TXN_010196,ACC_00013,ACC_00014,4768.29,2026-01-05T04:52:00
TXN_010197,ACC_00012,ACC_00014,3590.03,2026-01-24T23:22:00
TXN_010198,ACC_00015,ACC_00011,1741.52,2026-01-29T00:58:00
TXN_010199,ACC_00013,ACC_00011,3843.99,2026-01-22T21:20:00
TXN_010200,ACC_00014,ACC_00016,235.03,2026-01-19T21:57:00
TXN_010201,ACC_00018,ACC_00022,2560.44,2026-01-29T20:30:00
TXN_010202,ACC_00019,ACC_00021,3845.12,2026-01-17T07:20:00
TXN_010203,ACC_00017,ACC_00024,280.62,2026-01-24T06:09:00
TXN_010204,ACC_00017,ACC_00018,507.37,2026-01-29T11:00:00
TXN_010205,ACC_00022,ACC_00019,609.52,2026-01-22T17:19:00
TXN_010206,ACC_00019,ACC_00018,424.6,2026-01-12T06:50:00
TXN_010207,ACC_00022,ACC_00017,4358.47,2026-01-20T20:37:00
TXN_010208,ACC_00021,ACC_00023,4079.66,2026-01-30T17:44:00
TXN_010209,ACC_00022,ACC_00019,3706.95,2026-01-27T20:24:00
TXN_010210,ACC_00022,ACC_00018,710.58,2026-01-16T17:49:00
TXN_010211,ACC_00020,ACC_00024,2472.89,2026-01-01T10:08:00
TXN_010212,ACC_00018,ACC_00017,925.55,2026-01-26T07:17:00
TXN_010213,ACC_00020,ACC_00019,636.57,2026-01-17T10:14:00
TXN_010214,ACC_00019,ACC_00024,1089.22,2026-01-20T17:12:00
TXN_010215,ACC_00022,ACC_00023,1928.71,2026-01-09T03:59:00
TXN_010216,ACC_00024,ACC_00022,3668.73,2026-01-14T08:47:00
TXN_010217,ACC_00024,ACC_00017,59.77,2026-01-13T11:11:00
TXN_010218,ACC_00018,ACC_00022,2174.2,2026-01-03T18:23:00
TXN_010219,ACC_00018,ACC_00020,14965.79,2026-01-28T07:01:00
TXN_010220,ACC_00019,ACC_00024,462.0,2026-01-14T15:32:00
TXN_010221,ACC_00019,ACC_00020,1417.14,2026-01-04T07:29:00
TXN_010222,ACC_00019,ACC_00018,11573.03,2026-01-04T09:13:00
TXN_010223,ACC_00024,ACC_00020,4691.87,2026-01-04T19:59:00
TXN_010224,ACC_00018,ACC_00022,2475.08,2026-01-25T06:37:00
TXN_010225,ACC_00019,ACC_00020,1066.95,2026-01-26T11:43:00
TXN_010226,ACC_00019,ACC_00022,648.04,2026-01-07T08:26:00
TXN_010227,ACC_00024,ACC_00020,386.04,2026-01-28T04:16:00
TXN_010228,ACC_00019,ACC_00017,521.87,2026-01-23T14:20:00
TXN_010229,ACC_00018,ACC_00017,1372.47,2026-01-29T21:30:00
TXN_010230,ACC_00021,ACC_00024,884.01,2026-01-29T18:42:00
TXN_010231,ACC_00022,ACC_00023,368.59,2026-01-08T02:47:00
TXN_010232,ACC_00021,ACC_00023,8337.57,2026-01-01T15:06:00
TXN_010233,ACC_00020,ACC_00018,2082.93,2026-01-25T17:47:00
TXN_010234,ACC_00017,ACC_00018,823.64,2026-01-03T07:52:00
TXN_010235,ACC_00021,ACC_00019,457.34,2026-01-29T18:10:00
TXN_010236,ACC_00018,ACC_00022,2626.41,2026-01-28T00:29:00
TXN_010237,ACC_00024,ACC_00022,2510.5,2026-01-02T13:20:00
TXN_010238,ACC_00022,ACC_00017,290.43,2026-01-08T21:26:00
TXN_010239,ACC_00020,ACC_00024,4252.99,2026-01-20T12:34:00
TXN_010240,ACC_00021,ACC_00019,4391.98,2026-01-12T07:11:00
TXN_010241,ACC_00020,ACC_00018,1170.98,2026-01-08T10:27:00
TXN_010242,ACC_00021,ACC_00018,462.35,2026-01-23T04:32:00
TXN_010243,ACC_00019,ACC_00024,887.69,2026-01-21T06:02:00
TXN_010244,ACC_00019,ACC_00021,212.69,2026-01-13T16:19:00
TXN_010245,ACC_00020,ACC_00019,3181.16,2026-01-30T04:39:00
TXN_010246,ACC_00022,ACC_00019,376.29,2026-01-20T13:00:00
TXN_010247,ACC_00018,ACC_00020,1067.77,2026-01-05T10:19:00
TXN_010248,ACC_00017,ACC_00024,78.19,2026-01-30T00:48:00
TXN_010249,ACC_00018,ACC_00023,1080.17,2026-01-16T11:00:00
TXN_010250,ACC_00019,ACC_00017,119.08,2026-01-08T15:37:00
TXN_010251,ACC_00021,ACC_00024,1259.69,2026-01-01T10:13:00
TXN_010252,ACC_00024,ACC_00018,1021.97,2026-01-03T05:00:00
TXN_010253,ACC_00024,ACC_00017,225.42,2026-01-21T01:06:00
TXN_010254,ACC_00018,ACC_00019,568.9,2026-01-03T09:21:00
TXN_010255,ACC_00017,ACC_00022,3452.36,2026-01-30T18:46:00
TXN_010256,ACC_00019,ACC_00022,381.95,2026-01-25T06:30:00
TXN_010257,ACC_00019,ACC_00017,72.86,2026-01-26T09:32:00
TXN_010258,ACC_00021,ACC_00017,3614.11,2026-01-10T23:43:00
TXN_010259,ACC_00021,ACC_00022,859.87,2026-01-03T10:36:00
TXN_010260,ACC_00019,ACC_00024,1025.71,2026-01-10T18:02:00
TXN_010261,ACC_00024,ACC_00021,988.11,2026-01-07T01:57:00
TXN_010262,ACC_00018,ACC_00020,2477.27,2026-01-25T09:07:00
TXN_010263,ACC_00019,ACC_00022,1059.29,2026-01-02T05:00:00
TXN_010264,ACC_00019,ACC_00021,1059.43,2026-01-19T05:01:00
TXN_010265,ACC_00017,ACC_00021,329.13,2026-01-26T21:15:00
TXN_010266,ACC_00019,ACC_00020,527.72,2026-01-02T18:44:00
TXN_010267,ACC_00019,ACC_00021,3381.39,2026-01-27T18:09:00
TXN_010268,ACC_00019,ACC_00024,1155.71,2026-01-28T05:24:00
TXN_010269,ACC_00021,ACC_00019,1111.16,2026-01-14T02:58:00
TXN_010270,ACC_00020,ACC_00022,9554.19,2026-01-28T23:36:00
TXN_010271,ACC_00017,ACC_00019,396.68,2026-01-11T07:39:00
TXN_010272,ACC_00019,ACC_00020,828.22,2026-01-19T20:20:00
TXN_010273,ACC_00024,ACC_00021,11096.35,2026-01-28T13:45:00
TXN_010274,ACC_00023,ACC_00022,343.06,2026-01-14T16:35:00
TXN_010275,ACC_00020,ACC_00018,8958.19,2026-01-29T20:41:00
TXN_010276,ACC_00024,ACC_00021,2795.65,2026-01-02T21:02:00
TXN_010277,ACC_00019,ACC_00017,12777.71,2026-01-25T23:35:00
TXN_010278,ACC_00019,ACC_00017,3426.78,2026-01-29T20:42:00
TXN_010279,ACC_00023,ACC_00020,1433.26,2026-01-01T12:47:00
TXN_010280,ACC_00023,ACC_00019,987.18,2026-01-20T00:06:00
TXN_010281,ACC_00017,ACC_00020,50.07,2026-01-18T18:11:00
TXN_010282,ACC_00024,ACC_00022,319.53,2026-01-30T06:52:00
TXN_010283,ACC_00021,ACC_00023,14517.17,2026-01-14T23:52:00
TXN_010284,ACC_00017,ACC_00024,677.37,2026-01-20T06:59:00
TXN_010285,ACC_00018,ACC_00022,484.18,2026-01-19T16:00:00
TXN_010286,ACC_00024,ACC_00018,969.08,2026-01-18T06:25:00
TXN_010287,ACC_00019,ACC_00022,2170.15,2026-01-17T19:31:00
TXN_010288,ACC_00019,ACC_00024,504.08,2026-01-24T13:12:00
TXN_010289,ACC_00019,ACC_00022,886.35,2026-01-11T20:29:00
TXN_010290,ACC_00020,ACC_00021,1051.36,2026-01-20T14:07:00
TXN_010291,ACC_00017,ACC_00024,707.3,2026-01-06T09:03:00
TXN_010292,ACC_00021,ACC_00019,1381.9,2026-01-03T07:59:00
TXN_010293,ACC_00018,ACC_00017,181.83,2026-01-09T06:26:00
TXN_010294,ACC_00017,ACC_00020,2822.84,2026-01-03T13:52:00
TXN_010295,ACC_00021,ACC_00018,95.09,2026-01-26T04:06:00
TXN_010296,ACC_00018,ACC_00017,226.09,2026-01-17T21:32:00
TXN_010297,ACC_00019,ACC_00022,14648.95,2026-01-10T09:18:00
TXN_010298,ACC_00019,ACC_00018,4342.82,2026-01-30T10:00:00
TXN_010299,ACC_00017,ACC_00018,398.96,2026-01-13T06:30:00
TXN_010300,ACC_00021,ACC_00020,1180.91,2026-01-26T00:49:00
TXN_010301,ACC_00027,ACC_00031,4646.95,2026-01-04T00:46:00
TXN_010302,ACC_00025,ACC_00032,2039.43,2026-01-20T11:54:00
TXN_010303,ACC_00025,ACC_00029,132.93,2026-01-02T11:08:00
TXN_010304,ACC_00026,ACC_00028,1101.53,2026-01-15T13:32:00
TXN_010305,ACC_00025,ACC_00026,526.33,2026-01-18T14:27:00
TXN_010306,ACC_00030,ACC_00031,828.46,2026-01-29T18:22:00
TXN_010307,ACC_00030,ACC_00032,2389.99,2026-01-03T17:23:00
TXN_010308,ACC_00028,ACC_00027,8513.44,2026-01-29T12:08:00
TXN_010309,ACC_00031,ACC_00026,953.89,2026-01-14T08:53:00
TXN_010310,ACC_00026,ACC_00029,2002.02,2026-01-21T17:29:00
TXN_010311,ACC_00028,ACC_00030,1329.66,2026-01-28T20:57:00
TXN_010312,ACC_00032,ACC_00029,3804.07,2026-01-24T16:34:00
TXN_010313,ACC_00031,ACC_00027,315.16,2026-01-29T07:33:00
TXN_010314,ACC_00026,ACC_00029,6027.45,2026-01-29T09:39:00
TXN_010315,ACC_00032,ACC_00030,453.62,2026-01-20T23:38:00
TXN_010316,ACC_00026,ACC_00028,11449.69,2026-01-24T14:27:00
TXN_010317,ACC_00032,ACC_00026,265.59,2026-01-02T00:47:00
TXN_010318,ACC_00029,ACC_00027,1832.8,2026-01-28T19:01:00
TXN_010319,ACC_00026,ACC_00025,1726.34,2026-01-07T00:28:00
TXN_010320,ACC_00032,ACC_00031,1789.47,2026-01-21T08:00:00
TXN_010321,ACC_00031,ACC_00028,2470.9,2026-01-19T07:20:00
TXN_010322,ACC_00031,ACC_00026,4590.32,2026-01-04T06:54:00
TXN_010323,ACC_00027,ACC_00031,3922.0,2026-01-11T15:38:00
TXN_010324,ACC_00027,ACC_00029,2255.27,2026-01-18T19:55:00
TXN_010325,ACC_00032,ACC_00029,3884.07,2026-01-27T20:56:00
TXN_010326,ACC_00025,ACC_00032,4706.85,2026-01-30T15:44:00
TXN_010327,ACC_00031,ACC_00030,1367.57,2026-01-11T10:20:00
TXN_010328,ACC_00032,ACC_00025,950.83,2026-01-17T20:29:00
TXN_010329,ACC_00029,ACC_00027,4796.21,2026-01-24T22:51:00
TXN_010330,ACC_00031,ACC_00028,1089.78,2026-01-19T09:36:00
TXN_010331,ACC_00032,ACC_00028,2822.44,2026-01-02T23:31:00
TXN_010332,ACC_00027,ACC_00032,170.77,2026-01-13T02:28:00
TXN_010333,ACC_00025,ACC_00030,525.35,2026-01-01T09:24:00
TXN_010334,ACC_00027,ACC_00031,146.98,2026-01-28T23:28:00
TXN_010335,ACC_00031,ACC_00028,4293.88,2026-01-25T10:14:00
TXN_010336,ACC_00030,ACC_00031,2349.51,2026-01-04T17:56:00
TXN_010337,ACC_00030,ACC_00026,2472.19,2026-01-26T05:11:00
TXN_010338,ACC_00029,ACC_00026,4094.87,2026-01-19T04:16:00
TXN_010339,ACC_00029,ACC_00027,78.31,2026-01-06T13:14:00
TXN_010340,ACC_00025,ACC_00026,1670.88,2026-01-19T17:47:00
TXN_010341,ACC_00028,ACC_00027,959.62,2026-01-23T21:07:00
TXN_010342,ACC_00026,ACC_00028,4334.2,2026-01-17T10:33:00
TXN_010343,ACC_00025,ACC_00030,1117.1,2026-01-08T15:57:00
TXN_010344,ACC_00029,ACC_00028,1305.9,2026-01-22T04:45:00
TXN_010345,ACC_00032,ACC_00025,10069.4,2026-01-20T00:40:00
TXN_010346,ACC_00027,ACC_00030,1450.6,2026-01-07T10:05:00
TXN_010347,ACC_00027,ACC_00032,10234.27,2026-01-29T20:31:00
TXN_010348,ACC_00026,ACC_00031,622.06,2026-01-12T15:02:00
TXN_010349,ACC_00029,ACC_00025,198.33,2026-01-11T17:12:00
TXN_010350,ACC_00029,ACC_00031,3334.81,2026-01-21T03:08:00
TXN_010351,ACC_00027,ACC_00028,1096.48,2026-01-27T02:29:00
TXN_010352,ACC_00032,ACC_00026,111.35,2026-01-22T14:57:00
TXN_010353,ACC_00031,ACC_00030,821.27,2026-01-28T15:03:00
TXN_010354,ACC_00026,ACC_00030,2977.19,2026-01-08T22:19:00
TXN_010355,ACC_00031,ACC_00032,1041.72,2026-01-18T01:49:00
TXN_010356,ACC_00030,ACC_00027,197.34,2026-01-19T23:14:00
TXN_010357,ACC_00027,ACC_00032,955.14,2026-01-21T03:44:00
TXN_010358,ACC_00027,ACC_00030,3961.36,2026-01-18T08:50:00
TXN_010359,ACC_00026,ACC_00025,437.42,2026-01-05T02:56:00
TXN_010360,ACC_00026,ACC_00025,4610.41,2026-01-25T05:45:00
TXN_010361,ACC_00026,ACC_00032,78.05,2026-01-02T17:36:00
TXN_010362,ACC_00025,ACC_00031,395.97,2026-01-21T09:45:00
TXN_010363,ACC_00029,ACC_00026,14325.66,2026-01-23T19:44:00
TXN_010364,ACC_00028,ACC_00027,982.22,2026-01-03T13:51:00
TXN_010365,ACC_00026,ACC_00032,1482.06,2026-01-25T06:45:00
TXN_010366,ACC_00031,ACC_00030,1343.22,2026-01-16T11:42:00
TXN_010367,ACC_00027,ACC_00028,623.34,2026-01-09T15:52:00
TXN_010368,ACC_00032,ACC_00031,996.15,2026-01-06T20:22:00
TXN_010369,ACC_00031,ACC_00026,1172.24,2026-01-13T06:59:00
TXN_010370,ACC_00028,ACC_00030,2735.57,2026-01-13T11:14:00
TXN_010371,ACC_00025,ACC_00030,1293.8,2026-01-17T22:40:00
TXN_010372,ACC_00027,ACC_00029,321.64,2026-01-26T14:38:00
TXN_010373,ACC_00026,ACC_00029,1402.41,2026-01-15T04:22:00
TXN_010374,ACC_00026,ACC_00028,14152.04,2026-01-01T08:07:00
TXN_010375,ACC_00028,ACC_00030,6727.63,2026-01-22T05:31:00
TXN_010376,ACC_00028,ACC_00027,1011.94,2026-01-16T12:15:00
TXN_010377,ACC_00031,ACC_00027,4675.85,2026-01-23T04:06:00
TXN_010378,ACC_00026,ACC_00031,378.95,2026-01-14T19:58:00
TXN_010379,ACC_00028,ACC_00026,1348.49,2026-01-30T17:27:00
TXN_010380,ACC_00026,ACC_00027,1312.73,2026-01-11T12:15:00
TXN_010381,ACC_00031,ACC_00029,9842.13,2026-01-18T04:23:00
TXN_010382,ACC_00026,ACC_00030,383.77,2026-01-18T08:31:00
TXN_010383,ACC_00026,ACC_00029,3362.28,2026-01-22T16:00:00
TXN_010384,ACC_00029,ACC_00028,967.98,2026-01-24T20:11:00
TXN_010385,ACC_00031,ACC_00030,1037.34,2026-01-09T07:49:00
TXN_010386,ACC_00030,ACC_00028,2679.47,2026-01-11T11:24:00
TXN_010387,ACC_00032,ACC_00030,9161.96,2026-01-19T07:18:00
TXN_010388,ACC_00025,ACC_00030,1423.21,2026-01-28T20:00:00
TXN_010389,ACC_00026,ACC_00031,2732.24,2026-01-21T02:57:00
TXN_010390,ACC_00030,ACC_00032,3444.42,2026-01-22T08:56:00
TXN_010391,ACC_00026,ACC_00032,1094.11,2026-01-16T21:29:00
TXN_010392,ACC_00031,ACC_00026,7569.03,2026-01-15T18:08:00
TXN_010393,ACC_00025,ACC_00030,463.16,2026-01-06T06:32:00
TXN_010394,ACC_00029,ACC_00028,194.93,2026-01-25T16:34:00
TXN_010395,ACC_00029,ACC_00032,1037.41,2026-01-16T07:43:00
TXN_010396,ACC_00030,ACC_00026,117.74,2026-01-18T17:22:00
TXN_010397,ACC_00027,ACC_00031,1147.35,2026-01-25T22:41:00
TXN_010398,ACC_00025,ACC_00030,979.32,2026-01-18T08:39:00
TXN_010399,ACC_00025,ACC_00027,4577.66,2026-01-26T10:28:00
TXN_010400,ACC_00027,ACC_00032,292.59,2026-01-09T12:20:00
TXN_010401,ACC_00033,ACC_00034,3712.56,2026-01-03T11:28:00
TXN_010402,ACC_00040,ACC_00034,478.22,2026-01-16T00:04:00
TXN_010403,ACC_00040,ACC_00039,1462.83,2026-01-22T18:54:00
TXN_010404,ACC_00035,ACC_00037,157.76,2026-01-25T18:39:00
TXN_010405,ACC_00038,ACC_00036,784.53,2026-01-13T12:26:00
TXN_010406,ACC_00033,ACC_00038,150.1,2026-01-16T06:32:00
TXN_010407,ACC_00036,ACC_00037,487.51,2026-01-10T06:26:00
TXN_010408,ACC_00039,ACC_00037,934.91,2026-01-15T07:08:00
TXN_010409,ACC_00033,ACC_00036,2791.06,2026-01-09T07:51:00
TXN_010410,ACC_00035,ACC_00040,3731.32,2026-01-08T19:23:00
TXN_010411,ACC_00039,ACC_00034,196.0,2026-01-16T08:19:00
TXN_010412,ACC_00034,ACC_00033,4605.87,2026-01-14T16:36:00
TXN_010413,ACC_00036,ACC_00039,5231.69,2026-01-30T13:20:00
TXN_010414,ACC_00039,ACC_00034,2779.55,2026-01-04T21:42:00
TXN_010415,ACC_00033,ACC_00037,1975.16,2026-01-18T08:14:00
TXN_010416,ACC_00037,ACC_00040,4047.49,2026-01-22T10:26:00
TXN_010417,ACC_00036,ACC_00034,3803.26,2026-01-18T06:50:00
TXN_010418,ACC_00033,ACC_00034,338.82,2026-01-06T12:10:00
TXN_010419,ACC_00036,ACC_00035,940.16,2026-01-24T05:49:00
TXN_010420,ACC_00040,ACC_00033,444.77,2026-01-23T13:11:00
TXN_010421,ACC_00035,ACC_00038,54.5,2026-01-29T02:00:00
TXN_010422,ACC_00035,ACC_00040,2452.98,2026-01-03T13:56:00
TXN_010423,ACC_00038,ACC_00039,9897.66,2026-01-03T18:48:00
TXN_010424,ACC_00038,ACC_00035,683.34,2026-01-01T14:53:00
TXN_010425,ACC_00040,ACC_00033,1228.11,2026-01-28T05:45:00
TXN_010426,ACC_00038,ACC_00033,478.39,2026-01-01T01:32:00
TXN_010427,ACC_00033,ACC_00038,4011.86,2026-01-05T00:14:00
TXN_010428,ACC_00038,ACC_00040,927.89,2026-01-30T20:44:00
TXN_010429,ACC_00033,ACC_00039,132.93,2026-01-28T23:54:00
TXN_010430,ACC_00034,ACC_00037,8899.92,2026-01-08T03:22:00
TXN_010431,ACC_00035,ACC_00033,387.34,2026-01-14T10:36:00
TXN_010432,ACC_00035,ACC_00036,1303.42,2026-01-30T05:16:00
TXN_010433,ACC_00038,ACC_00033,739.15,2026-01-13T07:58:00
TXN_010434,ACC_00037,ACC_00038,9810.27,2026-01-30T18:33:00
TXN_010435,ACC_00036,ACC_00038,1306.54,2026-01-26T18:55:00
TXN_010436,ACC_00039,ACC_00034,232.15,2026-01-03T21:23:00
TXN_010437,ACC_00039,ACC_00033,918.41,2026-01-04T03:22:00
TXN_010438,ACC_00034,ACC_00036,801.87,2026-01-06T22:16:00
TXN_010439,ACC_00039,ACC_00034,758.1,2026-01-29T06:39:00
TXN_010440,ACC_00036,ACC_00037,2265.76,2026-01-14T15:44:00
TXN_010441,ACC_00036,ACC_00035,294.69,2026-01-16T21:51:00
TXN_010442,ACC_00038,ACC_00034,4974.19,2026-01-22T11:59:00
TXN_010443,ACC_00038,ACC_00034,1374.3,2026-01-07T09:24:00
TXN_010444,ACC_00035,ACC_00038,81.21,2026-01-11T00:05:00
TXN_010445,ACC_00034,ACC_00040,1314.75,2026-01-17T12:45:00
TXN_010446,ACC_00033,ACC_00035,416.36,2026-01-27T11:43:00
TXN_010447,ACC_00036,ACC_00039,899.99,2026-01-17T17:31:00
TXN_010448,ACC_00035,ACC_00040,524.72,2026-01-17T16:17:00
TXN_010449,ACC_00033,ACC_00037,167.47,2026-01-09T08:07:00
TXN_010450,ACC_00034,ACC_00040,4732.24,2026-01-16T20:49:00
TXN_010451,ACC_00036,ACC_00039,4629.41,2026-01-03T21:23:00
TXN_010452,ACC_00033,ACC_00035,607.33,2026-01-02T16:25:00
TXN_010453,ACC_00039,ACC_00036,2156.64,2026-01-24T07:15:00
TXN_010454,ACC_00036,ACC_00039,1329.49,2026-01-24T07:37:00
TXN_010455,ACC_00036,ACC_00037,954.52,2026-01-13T23:58:00
TXN_010456,ACC_00034,ACC_00033,104.15,2026-01-07T19:24:00
TXN_010457,ACC_00035,ACC_00040,4496.93,2026-01-09T01:26:00
TXN_010458,ACC_00035,ACC_00033,2791.13,2026-01-09T14:59:00
TXN_010459,ACC_00037,ACC_00033,519.32,2026-01-27T11:21:00
TXN_010460,ACC_00033,ACC_00039,3787.65,2026-01-19T11:34:00
TXN_010461,ACC_00040,ACC_00037,1419.4,2026-01-24T09:02:00
TXN_010462,ACC_00040,ACC_00034,2336.34,2026-01-29T15:15:00
TXN_010463,ACC_00033,ACC_00040,1092.31,2026-01-15T16:54:00
TXN_010464,ACC_00038,ACC_00036,4840.54,2026-01-07T22:27:00
TXN_010465,ACC_00035,ACC_00034,2741.93,2026-01-25T11:06:00
TXN_010466,ACC_00037,ACC_00036,3286.64,2026-01-09T20:34:00
TXN_010467,ACC_00037,ACC_00039,2365.44,2026-01-03T08:19:00
TXN_010468,ACC_00038,ACC_00036,4767.63,2026-01-19T03:21:00
TXN_010469,ACC_00037,ACC_00035,494.94,2026-01-22T17:48:00
TXN_010470,ACC_00033,ACC_00037,1192.61,2026-01-05T20:09:00
TXN_010471,ACC_00037,ACC_00040,225.67,2026-01-07T08:51:00
TXN_010472,ACC_00034,ACC_00039,3162.82,2026-01-24T01:39:00
TXN_010473,ACC_00036,ACC_00040,981.66,2026-01-23T14:57:00
TXN_010474,ACC_00039,ACC_00040,1387.82,2026-01-09T07:32:00
TXN_010475,ACC_00037,ACC_00034,2890.19,2026-01-10T02:26:00
TXN_010476,ACC_00039,ACC_00034,208.64,2026-01-24T00:04:00
TXN_010477,ACC_00036,ACC_00035,306.88,2026-01-20T14:51:00
TXN_010478,ACC_00035,ACC_00039,2670.07,2026-01-05T10:04:00
TXN_010479,ACC_00034,ACC_00040,12819.67,2026-01-07T02:35:00
TXN_010480,ACC_00039,ACC_00040,1079.9,2026-01-23T03:35:00
TXN_010481,ACC_00040,ACC_00039,88.61,2026-01-22T06:52:00
TXN_010482,ACC_00035,ACC_00039,87.85,2026-01-09T23:30:00
TXN_010483,ACC_00039,ACC_00034,4779.37,2026-01-09T00:53:00
TXN_010484,ACC_00039,ACC_00036,1340.04,2026-01-08T07:54:00
TXN_010485,ACC_00040,ACC_00036,162.27,2026-01-14T16:39:00
TXN_010486,ACC_00036,ACC_00034,4536.66,2026-01-05T22:01:00
TXN_010487,ACC_00036,ACC_00033,4224.14,2026-01-06T13:25:00
TXN_010488,ACC_00039,ACC_00040,1427.59,2026-01-14T05:23:00
TXN_010489,ACC_00035,ACC_00038,137.03,2026-01-06T23:58:00
TXN_010490,ACC_00036,ACC_00034,1324.68,2026-01-10T16:02:00
TXN_010491,ACC_00039,ACC_00038,10258.91,2026-01-17T19:45:00
TXN_010492,ACC_00036,ACC_00039,4027.95,2026-01-24T01:22:00
TXN_010493,ACC_00035,ACC_00034,4617.6,2026-01-13T09:09:00
TXN_010494,ACC_00033,ACC_00039,286.34,2026-01-29T02:32:00
TXN_010495,ACC_00040,ACC_00038,203.1,2026-01-28T16:25:00
TXN_010496,ACC_00036,ACC_00038,973.13,2026-01-04T19:15:00
TXN_010497,ACC_00040,ACC_00035,1249.22,2026-01-11T07:53:00
TXN_010498,ACC_00038,ACC_00033,75.87,2026-01-03T10:08:00
TXN_010499,ACC_00033,ACC_00038,8975.01,2026-01-22T15:59:00
TXN_010500,ACC_00034,ACC_00039,1037.57,2026-01-17T12:38:00
TXN_010501,ACC_00041,ACC_00042,1416.84,2026-01-22T21:59:00
TXN_010502,ACC_00046,ACC_00041,13987.38,2026-01-26T19:56:00
TXN_010503,ACC_00044,ACC_00042,570.67,2026-01-12T00:22:00
TXN_010504,ACC_00041,ACC_00044,2737.08,2026-01-16T13:27:00
TXN_010505,ACC_00045,ACC_00048,1193.48,2026-01-02T14:32:00
TXN_010506,ACC_00042,ACC_00041,606.19,2026-01-25T13:57:00
TXN_010507,ACC_00047,ACC_00041,4583.89,2026-01-16T05:45:00
TXN_010508,ACC_00042,ACC_00047,654.16,2026-01-17T01:37:00
TXN_010509,ACC_00046,ACC_00043,4334.87,2026-01-26T06:29:00
TXN_010510,ACC_00048,ACC_00043,108.16,2026-01-15T05:00:00
TXN_010511,ACC_00045,ACC_00044,1108.81,2026-01-11T01:19:00
TXN_010512,ACC_00045,ACC_00047,2829.54,2026-01-12T12:29:00
TXN_010513,ACC_00048,ACC_00045,72.03,2026-01-08T18:00:00
TXN_010514,ACC_00045,ACC_00048,1761.12,2026-01-24T06:24:00
TXN_010515,ACC_00047,ACC_00045,1212.71,2026-01-17T15:18:00
TXN_010516,ACC_00048,ACC_00041,4647.18,2026-01-28T16:47:00
TXN_010517,ACC_00045,ACC_00047,14144.22,2026-01-30T01:13:00
TXN_010518,ACC_00047,ACC_00043,3519.22,2026-01-10T14:51:00
TXN_010519,ACC_00043,ACC_00048,2118.37,2026-01-10T01:00:00
TXN_010520,ACC_00042,ACC_00043,3493.67,2026-01-25T00:03:00
TXN_010521,ACC_00043,ACC_00044,996.31,2026-01-19T20:16:00
TXN_010522,ACC_00041,ACC_00042,253.64,2026-01-24T06:52:00
TXN_010523,ACC_00047,ACC_00042,4340.91,2026-01-25T01:01:00
TXN_010524,ACC_00044,ACC_00046,157.08,2026-01-07T20:27:00
TXN_010525,ACC_00048,ACC_00043,1663.4,2026-01-29T07:26:00
TXN_010526,ACC_00042,ACC_00041,82.21,2026-01-14T18:39:00
TXN_010527,ACC_00041,ACC_00046,938.34,2026-01-25T08:14:00
TXN_010528,ACC_00042,ACC_00046,3666.46,2026-01-26T23:30:00
TXN_010529,ACC_00041,ACC_00045,125.66,2026-01-06T05:10:00
TXN_010530,ACC_00044,ACC_00043,10643.21,2026-01-23T06:23:00
TXN_010531,ACC_00045,ACC_00041,6170.66,2026-01-21T23:49:00
TXN_010532,ACC_00045,ACC_00044,3021.04,2026-01-26T15:57:00
TXN_010533,ACC_00045,ACC_00041,2506.7,2026-01-23T07:25:00
TXN_010534,ACC_00044,ACC_00048,1204.56,2026-01-08T14:19:00
TXN_010535,ACC_00044,ACC_00046,716.23,2026-01-21T23:01:00
TXN_010536,ACC_00048,ACC_00046,1058.15,2026-01-02T01:58:00
TXN_010537,ACC_00048,ACC_00042,2504.69,2026-01-12T23:33:00
TXN_010538,ACC_00045,ACC_00044,1189.69,2026-01-24T16:55:00
TXN_010539,ACC_00046,ACC_00045,1129.28,2026-01-17T11:21:00
TXN_010540,ACC_00045,ACC_00044,4636.42,2026-01-10T07:46:00
TXN_010541,ACC_00046,ACC_00041,6026.81,2026-01-14T21:08:00
TXN_010542,ACC_00044,ACC_00043,572.18,2026-01-05T22:50:00
TXN_010543,ACC_00047,ACC_00041,4103.91,2026-01-17T09:47:00
TXN_010544,ACC_00041,ACC_00046,4739.99,2026-01-29T20:25:00
TXN_010545,ACC_00047,ACC_00043,353.35,2026-01-14T15:08:00
TXN_010546,ACC_00044,ACC_00048,1303.96,2026-01-03T11:49:00
TXN_010547,ACC_00042,ACC_00045,662.98,2026-01-21T19:36:00
TXN_010548,ACC_00045,ACC_00046,2402.03,2026-01-05T15:57:00
TXN_010549,ACC_00043,ACC_00042,771.42,2026-01-11T16:08:00
TXN_010550,ACC_00044,ACC_00046,854.45,2026-01-28T17:04:00
TXN_010551,ACC_00046,ACC_00044,4699.19,2026-01-27T19:40:00
TXN_010552,ACC_00046,ACC_00047,3116.39,2026-01-26T09:49:00
TXN_010553,ACC_00042,ACC_00047,112.05,2026-01-28T21:32:00
TXN_010554,ACC_00048,ACC_00045,645.98,2026-01-11T05:07:00
TXN_010555,ACC_00044,ACC_00046,955.45,2026-01-04T07:30:00
TXN_010556,ACC_00045,ACC_00041,1125.69,2026-01-29T15:53:00
TXN_010557,ACC_00043,ACC_00041,198.06,2026-01-20T03:04:00
TXN_010558,ACC_00044,ACC_00046,945.07,2026-01-23T16:34:00
TXN_010559,ACC_00044,ACC_00046,2884.26,2026-01-24T00:17:00
TXN_010560,ACC_00043,ACC_00047,8163.86,2026-01-04T09:28:00
TXN_010561,ACC_00042,ACC_00047,8330.61,2026-01-30T13:12:00
TXN_010562,ACC_00041,ACC_00045,1824.48,2026-01-02T08:28:00
TXN_010563,ACC_00044,ACC_00041,3305.29,2026-01-10T14:13:00
TXN_010564,ACC_00044,ACC_00047,4892.49,2026-01-23T18:12:00
TXN_010565,ACC_00045,ACC_00046,1093.47,2026-01-23T05:19:00
TXN_010566,ACC_00046,ACC_00044,1524.77,2026-01-19T04:26:00
TXN_010567,ACC_00045,ACC_00047,8741.0,2026-01-05T20:33:00
TXN_010568,ACC_00043,ACC_00042,396.53,2026-01-09T08:07:00
TXN_010569,ACC_00041,ACC_00046,289.84,2026-01-05T05:14:00
TXN_010570,ACC_00042,ACC_00045,1926.28,2026-01-19T20:55:00
TXN_010571,ACC_00043,ACC_00047,1380.84,2026-01-05T02:24:00
TXN_010572,ACC_00045,ACC_00041,1226.03,2026-01-07T03:58:00
TXN_010573,ACC_00048,ACC_00041,4190.6,2026-01-20T12:32:00
TXN_010574,ACC_00044,ACC_00046,3880.2,2026-01-17T00:38:00
TXN_010575,ACC_00047,ACC_00045,686.73,2026-01-19T19:13:00
TXN_010576,ACC_00046,ACC_00041,523.33,2026-01-28T06:59:00
TXN_010577,ACC_00048,ACC_00041,895.06,2026-01-05T09:10:00
TXN_010578,ACC_00047,ACC_00044,1706.54,2026-01-09T12:46:00
TXN_010579,ACC_00048,ACC_00046,1125.08,2026-01-24T13:44:00
TXN_010580,ACC_00044,ACC_00046,1387.3,2026-01-10T00:55:00
TXN_010581,ACC_00045,ACC_00046,1384.24,2026-01-08T10:56:00
TXN_010582,ACC_00046,ACC_00041,1264.67,2026-01-28T12:25:00
TXN_010583,ACC_00043,ACC_00047,3842.64,2026-01-12T15:49:00
TXN_010584,ACC_00043,ACC_00042,585.59,2026-01-17T20:53:00
TXN_010585,ACC_00042,ACC_00045,4287.56,2026-01-14T17:26:00
TXN_010586,ACC_00045,ACC_00043,662.81,2026-01-20T00:54:00
TXN_010587,ACC_00043,ACC_00045,5453.95,2026-01-26T17:04:00
TXN_010588,ACC_00046,ACC_00044,638.02,2026-01-02T02:12:00
TXN_010589,ACC_00043,ACC_00048,804.29,2026-01-16T16:59:00
TXN_010590,ACC_00046,ACC_00048,4601.37,2026-01-16T10:16:00
TXN_010591,ACC_00044,ACC_00048,1327.68,2026-01-22T12:49:00
TXN_010592,ACC_00043,ACC_00042,1396.89,2026-01-22T12:15:00
TXN_010593,ACC_00047,ACC_00043,926.54,2026-01-01T12:57:00
TXN_010594,ACC_00042,ACC_00043,732.97,2026-01-10T18:01:00
TXN_010595,ACC_00043,ACC_00041,3552.66,2026-01-15T19:28:00
TXN_010596,ACC_00048,ACC_00047,1347.93,2026-01-05T23:22:00
TXN_010597,ACC_00041,ACC_00048,367.08,2026-01-24T20:36:00
TXN_010598,ACC_00047,ACC_00041,854.25,2026-01-03T05:48:00
TXN_010599,ACC_00043,ACC_00048,180.17,2026-01-13T14:50:00
TXN_010600,ACC_00048,ACC_00046,3285.75,2026-01-02T17:17:00
TXN_010601,ACC_00056,ACC_00055,3225.78,2026-01-11T00:44:00
TXN_010602,ACC_00051,ACC_00054,787.45,2026-01-22T11:19:00
TXN_010603,ACC_00051,ACC_00049,242.07,2026-01-08T10:04:00
TXN_010604,ACC_00056,ACC_00049,2521.13,2026-01-16T10:22:00
TXN_010605,ACC_00054,ACC_00049,2451.7,2026-01-30T11:51:00
TXN_010606,ACC_00049,ACC_00054,3709.68,2026-01-17T00:54:00
TXN_010607,ACC_00053,ACC_00050,1202.73,2026-01-28T16:11:00
TXN_010608,ACC_00051,ACC_00052,880.27,2026-01-27T20:12:00
TXN_010609,ACC_00053,ACC_00049,2290.14,2026-01-16T00:24:00
TXN_010610,ACC_00052,ACC_00055,674.06,2026-01-01T11:13:00
TXN_010611,ACC_00055,ACC_00052,508.96,2026-01-27T11:59:00
TXN_010612,ACC_00055,ACC_00054,670.36,2026-01-12T18:37:00
TXN_010613,ACC_00050,ACC_00052,868.19,2026-01-11T03:30:00
TXN_010614,ACC_00055,ACC_00053,274.97,2026-01-13T14:39:00
TXN_010615,ACC_00056,ACC_00054,1112.92,2026-01-20T18:52:00
TXN_010616,ACC_00053,ACC_00054,8917.49,2026-01-20T13:09:00
TXN_010617,ACC_00055,ACC_00054,4661.82,2026-01-25T02:20:00
TXN_010618,ACC_00051,ACC_00055,90.12,2026-01-01T03:10:00
TXN_010619,ACC_00054,ACC_00051,181.96,2026-01-28T08:18:00
TXN_010620,ACC_00052,ACC_00056,1838.0,2026-01-21T12:01:00
TXN_010621,ACC_00055,ACC_00049,364.32,2026-01-04T06:55:00
TXN_010622,ACC_00055,ACC_00054,2192.17,2026-01-12T01:05:00
TXN_010623,ACC_00051,ACC_00053,9255.77,2026-01-13T09:10:00
TXN_010624,ACC_00053,ACC_00055,1461.42,2026-01-20T04:55:00
TXN_010625,ACC_00049,ACC_00051,9639.34,2026-01-06T16:06:00
TXN_010626,ACC_00053,ACC_00049,240.15,2026-01-10T13:24:00
TXN_010627,ACC_00056,ACC_00049,431.85,2026-01-09T20:00:00
TXN_010628,ACC_00055,ACC_00053,2976.58,2026-01-03T00:44:00
TXN_010629,ACC_00049,ACC_00054,8891.56,2026-01-24T02:27:00
TXN_010630,ACC_00049,ACC_00052,2032.22,2026-01-06T13:53:00
TXN_010631,ACC_00049,ACC_00050,599.96,2026-01-23T20:04:00
TXN_010632,ACC_00052,ACC_00055,628.79,2026-01-14T17:48:00
TXN_010633,ACC_00055,ACC_00052,6276.38,2026-01-30T22:48:00
TXN_010634,ACC_00052,ACC_00050,224.53,2026-01-02T14:14:00
TXN_010635,ACC_00050,ACC_00049,1376.82,2026-01-02T16:57:00
TXN_010636,ACC_00051,ACC_00055,3656.46,2026-01-10T19:30:00
TXN_010637,ACC_00055,ACC_00051,811.67,2026-01-26T06:59:00
TXN_010638,ACC_00050,ACC_00056,686.31,2026-01-07T14:17:00
TXN_010639,ACC_00053,ACC_00051,5527.78,2026-01-01T21:44:00
TXN_010640,ACC_00049,ACC_00056,610.89,2026-01-02T20:23:00
TXN_010641,ACC_00052,ACC_00055,4644.14,2026-01-06T05:26:00
TXN_010642,ACC_00056,ACC_00054,999.27,2026-01-26T00:07:00
TXN_010643,ACC_00055,ACC_00052,1377.23,2026-01-04T07:25:00
TXN_010644,ACC_00053,ACC_00054,1336.14,2026-01-15T22:41:00
TXN_010645,ACC_00052,ACC_00054,1108.77,2026-01-17T06:23:00
TXN_010646,ACC_00055,ACC_00056,4520.0,2026-01-08T11:12:00
TXN_010647,ACC_00055,ACC_00053,377.98,2026-01-28T07:10:00
TXN_010648,ACC_00050,ACC_00055,2581.8,2026-01-04T11:18:00
TXN_010649,ACC_00051,ACC_00052,1335.95,2026-01-20T11:06:00
TXN_010650,ACC_00053,ACC_00056,1436.02,2026-01-21T21:15:00
TXN_010651,ACC_00049,ACC_00053,916.72,2026-01-13T11:03:00
TXN_010652,ACC_00049,ACC_00056,8529.91,2026-01-19T17:05:00
TXN_010653,ACC_00050,ACC_00056,2621.52,2026-01-29T16:41:00
TXN_010654,ACC_00053,ACC_00056,610.84,2026-01-04T04:54:00
TXN_010655,ACC_00054,ACC_00053,1859.27,2026-01-16T03:48:00
TXN_010656,ACC_00052,ACC_00054,1408.8,2026-01-14T10:20:00
TXN_010657,ACC_00052,ACC_00051,2112.99,2026-01-16T14:43:00
TXN_010658,ACC_00052,ACC_00053,396.47,2026-01-30T19:05:00
TXN_010659,ACC_00049,ACC_00052,921.17,2026-01-29T01:55:00
TXN_010660,ACC_00051,ACC_00053,2801.72,2026-01-25T13:29:00
TXN_010661,ACC_00049,ACC_00053,3850.84,2026-01-19T02:43:00
TXN_010662,ACC_00049,ACC_00053,14654.96,2026-01-14T14:02:00
TXN_010663,ACC_00051,ACC_00049,1298.59,2026-01-04T03:04:00
TXN_010664,ACC_00055,ACC_00053,1599.6,2026-01-17T20:59:00
TXN_010665,ACC_00056,ACC_00050,622.83,2026-01-27T23:22:00
TXN_010666,ACC_00049,ACC_00052,383.71,2026-01-05T13:51:00
TXN_010667,ACC_00052,ACC_00049,764.8,2026-01-10T11:55:00
TXN_010668,ACC_00056,ACC_00053,2622.29,2026-01-23T09:05:00
TXN_010669,ACC_00055,ACC_00052,3124.17,2026-01-05T18:13:00
TXN_010670,ACC_00050,ACC_00055,1048.96,2026-01-15T05:29:00
TXN_010671,ACC_00056,ACC_00049,78.26,2026-01-30T16:08:00
TXN_010672,ACC_00050,ACC_00054,6201.24,2026-01-30T04:10:00
TXN_010673,ACC_00051,ACC_00054,924.06,2026-01-22T10:22:00
TXN_010674,ACC_00049,ACC_00056,445.43,2026-01-11T21:50:00
TXN_010675,ACC_00056,ACC_00053,1346.84,2026-01-21T00:07:00
TXN_010676,ACC_00049,ACC_00054,1913.42,2026-01-04T14:04:00
TXN_010677,ACC_00055,ACC_00056,588.63,2026-01-24T11:42:00
TXN_010678,ACC_00055,ACC_00049,1375.77,2026-01-16T02:00:00
TXN_010679,ACC_00056,ACC_00052,54.32,2026-01-06T12:00:00
TXN_010680,ACC_00054,ACC_00049,405.5,2026-01-19T14:03:00
TXN_010681,ACC_00054,ACC_00050,1409.32,2026-01-05T23:33:00
TXN_010682,ACC_00049,ACC_00053,966.9,2026-01-11T01:01:00
TXN_010683,ACC_00052,ACC_00056,3622.05,2026-01-26T06:40:00
TXN_010684,ACC_00054,ACC_00055,618.2,2026-01-17T10:16:00
TXN_010685,ACC_00052,ACC_00055,220.44,2026-01-27T04:06:00
TXN_010686,ACC_00056,ACC_00049,3196.72,2026-01-27T22:00:00
TXN_010687,ACC_00051,ACC_00055,3867.32,2026-01-06T14:42:00
TXN_010688,ACC_00051,ACC_00056,4544.42,2026-01-12T05:24:00
TXN_010689,ACC_00052,ACC_00051,654.93,2026-01-09T07:40:00
TXN_010690,ACC_00053,ACC_00052,999.84,2026-01-11T10:34:00
TXN_010691,ACC_00056,ACC_00051,458.18,2026-01-13T23:57:00
TXN_010692,ACC_00053,ACC_00056,983.48,2026-01-17T22:50:00
TXN_010693,ACC_00055,ACC_00054,1497.28,2026-01-15T22:56:00
TXN_010694,ACC_00052,ACC_00051,7080.01,2026-01-19T11:21:00
TXN_010695,ACC_00056,ACC_00053,317.08,2026-01-15T13:00:00
TXN_010696,ACC_00056,ACC_00052,3450.47,2026-01-04T03:35:00
TXN_010697,ACC_00054,ACC_00056,808.11,2026-01-02T09:04:00
TXN_010698,ACC_00051,ACC_00050,304.02,2026-01-05T07:49:00
TXN_010699,ACC_00054,ACC_00049,625.1,2026-01-15T01:40:00
TXN_010700,ACC_00051,ACC_00050,1167.96,2026-01-26T06:33:00
TXN_010701,ACC_00058,ACC_00063,841.84,2026-01-10T23:23:00
TXN_010702,ACC_00064,ACC_00061,588.22,2026-01-02T09:16:00
TXN_010703,ACC_00059,ACC_00058,1106.98,2026-01-15T20:40:00
TXN_010704,ACC_00063,ACC_00059,4866.52,2026-01-28T23:41:00
TXN_010705,ACC_00061,ACC_00063,839.2,2026-01-28T22:45:00
TXN_010706,ACC_00058,ACC_00064,10632.29,2026-01-25T14:33:00
TXN_010707,ACC_00061,ACC_00059,1409.4,2026-01-15T20:16:00
TXN_010708,ACC_00059,ACC_00061,9897.11,2026-01-23T18:00:00
TXN_010709,ACC_00063,ACC_00059,12767.21,2026-01-25T22:33:00
TXN_010710,ACC_00057,ACC_00059,1392.21,2026-01-14T19:30:00
TXN_010711,ACC_00057,ACC_00063,3930.78,2026-01-03T15:35:00
TXN_010712,ACC_00060,ACC_00059,3164.16,2026-01-20T09:46:00
TXN_010713,ACC_00059,ACC_00061,687.63,2026-01-05T17:42:00
TXN_010714,ACC_00058,ACC_00061,711.72,2026-01-05T03:01:00
TXN_010715,ACC_00064,ACC_00061,1394.92,2026-01-12T02:16:00
TXN_010716,ACC_00060,ACC_00062,63.62,2026-01-09T03:11:00
TXN_010717,ACC_00060,ACC_00057,4032.89,2026-01-08T22:11:00
TXN_010718,ACC_00061,ACC_00064,671.57,2026-01-12T15:36:00
TXN_010719,ACC_00063,ACC_00059,11763.3,2026-01-24T13:07:00
TXN_010720,ACC_00062,ACC_00060,4180.58,2026-01-22T01:47:00
TXN_010721,ACC_00064,ACC_00061,1007.98,2026-01-28T20:13:00
TXN_010722,ACC_00057,ACC_00062,919.96,2026-01-15T06:10:00
TXN_010723,ACC_00064,ACC_00062,3344.33,2026-01-25T12:31:00
TXN_010724,ACC_00062,ACC_00058,98.43,2026-01-04T13:01:00
TXN_010725,ACC_00060,ACC_00059,14011.6,2026-01-26T11:13:00
TXN_010726,ACC_00057,ACC_00061,4358.39,2026-01-12T18:25:00
TXN_010727,ACC_00064,ACC_00060,1291.01,2026-01-22T17:56:00
TXN_010728,ACC_00061,ACC_00058,297.81,2026-01-27T12:25:00
TXN_010729,ACC_00059,ACC_00058,3616.49,2026-01-15T04:51:00
TXN_010730,ACC_00064,ACC_00058,670.68,2026-01-06T15:26:00
TXN_010731,ACC_00058,ACC_00057,1450.7,2026-01-24T04:56:00
TXN_010732,ACC_00062,ACC_00059,686.88,2026-01-14T09:16:00
TXN_010733,ACC_00059,ACC_00064,1024.64,2026-01-10T02:53:00
TXN_010734,ACC_00064,ACC_00062,4143.68,2026-01-11T09:26:00
TXN_010735,ACC_00058,ACC_00057,4704.89,2026-01-05T09:30:00
TXN_010736,ACC_00061,ACC_00060,2323.49,2026-01-03T05:16:00
TXN_010737,ACC_00064,ACC_00058,448.97,2026-01-06T23:44:00
TXN_010738,ACC_00062,ACC_00064,1409.56,2026-01-03T20:43:00
TXN_010739,ACC_00058,ACC_00061,404.96,2026-01-16T02:53:00
TXN_010740,ACC_00060,ACC_00059,336.45,2026-01-26T06:15:00
TXN_010741,ACC_00057,ACC_00061,176.89,2026-01-03T21:33:00
TXN_010742,ACC_00062,ACC_00058,981.5,2026-01-07T03:16:00
TXN_010743,ACC_00057,ACC_00063,777.73,2026-01-13T21:08:00
TXN_010744,ACC_00062,ACC_00058,6240.14,2026-01-09T10:48:00
TXN_010745,ACC_00064,ACC_00063,1395.63,2026-01-18T01:08:00
TXN_010746,ACC_00060,ACC_00057,12864.97,2026-01-11T10:00:00
TXN_010747,ACC_00061,ACC_00060,331.04,2026-01-22T12:09:00
TXN_010748,ACC_00061,ACC_00057,1345.37,2026-01-23T11:38:00
TXN_010749,ACC_00060,ACC_00061,5492.09,2026-01-18T15:14:00
TXN_010750,ACC_00060,ACC_00064,951.39,2026-01-07T14:46:00
TXN_010751,ACC_00064,ACC_00057,292.72,2026-01-15T01:42:00
TXN_010752,ACC_00060,ACC_00062,1043.55,2026-01-28T05:48:00
TXN_010753,ACC_00061,ACC_00060,9844.37,2026-01-13T16:04:00
TXN_010754,ACC_00062,ACC_00064,315.33,2026-01-18T20:51:00
TXN_010755,ACC_00057,ACC_00061,3142.0,2026-01-24T19:30:00
TXN_010756,ACC_00060,ACC_00059,1143.25,2026-01-11T11:11:00
TXN_010757,ACC_00059,ACC_00060,13537.96,2026-01-19T10:21:00
TXN_010758,ACC_00061,ACC_00057,3884.01,2026-01-01T16:40:00
TXN_010759,ACC_00062,ACC_00063,2801.92,2026-01-01T09:50:00
TXN_010760,ACC_00058,ACC_00060,498.01,2026-01-06T09:13:00
TXN_010761,ACC_00060,ACC_00063,1051.55,2026-01-21T13:28:00
TXN_010762,ACC_00058,ACC_00059,1172.59,2026-01-14T09:36:00
TXN_010763,ACC_00058,ACC_00059,278.26,2026-01-02T09:14:00
TXN_010764,ACC_00062,ACC_00059,13027.7,2026-01-14T01:22:00
TXN_010765,ACC_00062,ACC_00064,1490.17,2026-01-10T16:06:00
TXN_010766,ACC_00060,ACC_00062,470.18,2026-01-19T10:33:00
TXN_010767,ACC_00061,ACC_00058,2821.7,2026-01-21T14:07:00
TXN_010768,ACC_00064,ACC_00061,372.45,2026-01-15T16:36:00
TXN_010769,ACC_00060,ACC_00057,1057.36,2026-01-21T11:09:00
TXN_010770,ACC_00059,ACC_00062,3855.16,2026-01-10T17:09:00
TXN_010771,ACC_00061,ACC_00059,1338.15,2026-01-16T04:21:00
TXN_010772,ACC_00060,ACC_00057,655.96,2026-01-02T12:36:00
TXN_010773,ACC_00058,ACC_00063,587.92,2026-01-03T22:39:00
TXN_010774,ACC_00062,ACC_00059,191.56,2026-01-25T15:25:00
TXN_010775,ACC_00062,ACC_00061,440.02,2026-01-02T02:41:00
TXN_010776,ACC_00064,ACC_00061,2649.08,2026-01-22T10:03:00
TXN_010777,ACC_00064,ACC_00058,1052.56,2026-01-10T08:43:00
TXN_010778,ACC_00060,ACC_00059,358.62,2026-01-01T23:35:00
TXN_010779,ACC_00058,ACC_00064,254.65,2026-01-19T21:53:00
TXN_010780,ACC_00061,ACC_00057,117.71,2026-01-28T22:11:00
TXN_010781,ACC_00061,ACC_00059,1222.31,2026-01-15T09:51:00
TXN_010782,ACC_00060,ACC_00058,3165.69,2026-01-10T23:55:00
TXN_010783,ACC_00064,ACC_00057,1284.86,2026-01-06T21:52:00
TXN_010784,ACC_00063,ACC_00062,1666.32,2026-01-09T02:27:00
TXN_010785,ACC_00058,ACC_00060,318.22,2026-01-02T03:52:00
TXN_010786,ACC_00064,ACC_00062,968.63,2026-01-26T16:20:00
TXN_010787,ACC_00058,ACC_00060,179.1,2026-01-03T04:11:00
TXN_010788,ACC_00063,ACC_00064,903.47,2026-01-06T23:55:00
TXN_010789,ACC_00064,ACC_00063,3182.8,2026-01-01T04:52:00
TXN_010790,ACC_00061,ACC_00058,1274.75,2026-01-04T04:50:00
TXN_010791,ACC_00064,ACC_00060,1157.87,2026-01-17T11:00:00
TXN_010792,ACC_00059,ACC_00057,3536.28,2026-01-14T12:44:00
TXN_010793,ACC_00060,ACC_00062,1201.13,2026-01-09T06:17:00
TXN_010794,ACC_00060,ACC_00057,117.91,2026-01-26T16:07:00
TXN_010795,ACC_00064,ACC_00060,11485.15,2026-01-04T17:27:00
TXN_010796,ACC_00064,ACC_00060,2008.29,2026-01-10T21:44:00
TXN_010797,ACC_00059,ACC_00063,150.46,2026-01-12T18:39:00
TXN_010798,ACC_00061,ACC_00057,311.39,2026-01-02T10:54:00
TXN_010799,ACC_00062,ACC_00057,58.11,2026-01-03T15:56:00
TXN_010800,ACC_00060,ACC_00063,379.2,2026-01-20T14:25:00
TXN_010801,ACC_00070,ACC_00065,8471.78,2026-01-05T11:35:00
TXN_010802,ACC_00072,ACC_00067,149.67,2026-01-15T23:16:00
TXN_010803,ACC_00072,ACC_00069,178.99,2026-01-03T21:54:00
TXN_010804,ACC_00070,ACC_00072,1051.34,2026-01-20T13:59:00
TXN_010805,ACC_00065,ACC_00068,1398.52,2026-01-05T19:33:00
TXN_010806,ACC_00066,ACC_00069,1054.07,2026-01-21T22:26:00
TXN_010807,ACC_00065,ACC_00070,889.66,2026-01-19T17:45:00
TXN_010808,ACC_00070,ACC_00071,6175.37,2026-01-29T11:10:00
TXN_010809,ACC_00070,ACC_00069,1336.95,2026-01-25T04:53:00
TXN_010810,ACC_00071,ACC_00066,1248.51,2026-01-14T16:14:00
TXN_010811,ACC_00065,ACC_00068,2025.82,2026-01-17T07:27:00
TXN_010812,ACC_00065,ACC_00070,3154.52,2026-01-30T18:23:00
TXN_010813,ACC_00071,ACC_00072,6622.73,2026-01-27T01:47:00
TXN_010814,ACC_00065,ACC_00067,1224.81,2026-01-16T06:56:00
TXN_010815,ACC_00065,ACC_00070,1288.68,2026-01-30T11:46:00
TXN_010816,ACC_00067,ACC_00068,724.35,2026-01-20T00:51:00
TXN_010817,ACC_00070,ACC_00068,634.49,2026-01-17T11:58:00
TXN_010818,ACC_00065,ACC_00072,693.15,2026-01-30T02:24:00
TXN_010819,ACC_00069,ACC_00067,552.85,2026-01-30T08:26:00
TXN_010820,ACC_00070,ACC_00068,281.95,2026-01-09T22:26:00
TXN_010821,ACC_00072,ACC_00065,1539.29,2026-01-07T00:22:00
TXN_010822,ACC_00065,ACC_00067,1044.9,2026-01-17T04:17:00
TXN_010823,ACC_00065,ACC_00070,889.71,2026-01-15T00:22:00
TXN_010824,ACC_00070,ACC_00065,636.02,2026-01-16T19:59:00
TXN_010825,ACC_00069,ACC_00066,3328.66,2026-01-13T21:17:00
TXN_010826,ACC_00071,ACC_00067,8260.4,2026-01-07T14:46:00
TXN_010827,ACC_00069,ACC_00072,7845.68,2026-01-06T04:26:00
TXN_010828,ACC_00067,ACC_00069,2393.94,2026-01-24T10:03:00
TXN_010829,ACC_00069,ACC_00065,90.6,2026-01-14T16:03:00
TXN_010830,ACC_00070,ACC_00072,477.27,2026-01-28T20:16:00
TXN_010831,ACC_00067,ACC_00072,375.67,2026-01-30T22:58:00
TXN_010832,ACC_00072,ACC_00066,408.51,2026-01-26T13:28:00
TXN_010833,ACC_00069,ACC_00066,450.91,2026-01-18T06:57:00
TXN_010834,ACC_00070,ACC_00071,1388.92,2026-01-08T03:47:00
TXN_010835,ACC_00070,ACC_00066,1148.56,2026-01-03T05:16:00
TXN_010836,ACC_00069,ACC_00068,293.33,2026-01-16T05:35:00
TXN_010837,ACC_00069,ACC_00065,1185.39,2026-01-14T03:14:00
TXN_010838,ACC_00070,ACC_00068,4794.6,2026-01-26T11:00:00
TXN_010839,ACC_00072,ACC_00066,2746.04,2026-01-09T21:15:00
TXN_010840,ACC_00071,ACC_00066,1070.71,2026-01-21T00:42:00
TXN_010841,ACC_00065,ACC_00071,356.6,2026-01-17T10:18:00
TXN_010842,ACC_00071,ACC_00069,1416.5,2026-01-17T09:25:00
TXN_010843,ACC_00068,ACC_00072,597.4,2026-01-28T02:34:00
TXN_010844,ACC_00067,ACC_00072,747.09,2026-01-12T05:07:00
TXN_010845,ACC_00068,ACC_00071,3353.48,2026-01-06T12:12:00
TXN_010846,ACC_00070,ACC_00065,7428.81,2026-01-08T02:10:00
TXN_010847,ACC_00069,ACC_00068,1437.46,2026-01-25T02:17:00
TXN_010848,ACC_00070,ACC_00068,4859.85,2026-01-18T04:38:00
TXN_010849,ACC_00069,ACC_00070,817.95,2026-01-18T22:09:00
TXN_010850,ACC_00067,ACC_00068,2684.93,2026-01-16T16:48:00
TXN_010851,ACC_00067,ACC_00069,4517.45,2026-01-04T05:03:00
TXN_010852,ACC_00072,ACC_00070,823.03,2026-01-25T20:42:00
TXN_010853,ACC_00071,ACC_00068,837.12,2026-01-20T11:21:00
TXN_010854,ACC_00066,ACC_00071,1194.18,2026-01-21T16:28:00
TXN_010855,ACC_00070,ACC_00065,280.33,2026-01-12T03:45:00
TXN_010856,ACC_00069,ACC_00065,4389.13,2026-01-12T06:24:00
TXN_010857,ACC_00065,ACC_00070,1028.44,2026-01-16T06:52:00
TXN_010858,ACC_00069,ACC_00071,2698.0,2026-01-13T20:41:00
TXN_010859,ACC_00068,ACC_00071,4917.63,2026-01-09T03:57:00
TXN_010860,ACC_00069,ACC_00071,2871.22,2026-01-21T22:42:00
TXN_010861,ACC_00072,ACC_00071,2474.61,2026-01-27T08:55:00
TXN_010862,ACC_00071,ACC_00068,2934.17,2026-01-12T03:09:00
TXN_010863,ACC_00065,ACC_00070,969.27,2026-01-21T18:22:00
TXN_010864,ACC_00065,ACC_00071,305.5,2026-01-19T12:03:00
TXN_010865,ACC_00069,ACC_00067,5305.57,2026-01-15T01:45:00
TXN_010866,ACC_00069,ACC_00065,4375.45,2026-01-17T18:34:00
TXN_010867,ACC_00070,ACC_00072,154.32,2026-01-20T22:32:00
TXN_010868,ACC_00065,ACC_00070,1386.91,2026-01-06T06:51:00
TXN_010869,ACC_00070,ACC_00071,1042.42,2026-01-08T11:47:00
TXN_010870,ACC_00069,ACC_00070,7300.88,2026-01-01T18:25:00
TXN_010871,ACC_00070,ACC_00065,1349.4,2026-01-20T07:48:00
TXN_010872,ACC_00069,ACC_00070,1388.04,2026-01-11T04:52:00
TXN_010873,ACC_00071,ACC_00067,11655.22,2026-01-17T04:22:00
TXN_010874,ACC_00067,ACC_00071,721.2,2026-01-29T06:26:00
TXN_010875,ACC_00069,ACC_00068,720.73,2026-01-13T17:13:00
TXN_010876,ACC_00068,ACC_00070,1169.35,2026-01-11T19:59:00
TXN_010877,ACC_00070,ACC_00066,1374.31,2026-01-24T16:28:00
TXN_010878,ACC_00067,ACC_00070,1177.77,2026-01-26T03:22:00
TXN_010879,ACC_00067,ACC_00072,189.43,2026-01-05T20:14:00
TXN_010880,ACC_00072,ACC_00070,622.72,2026-01-12T06:37:00
TXN_010881,ACC_00067,ACC_00068,2705.81,2026-01-08T09:47:00
TXN_010882,ACC_00066,ACC_00065,2373.69,2026-01-04T21:51:00
TXN_010883,ACC_00069,ACC_00072,848.88,2026-01-12T11:11:00
TXN_010884,ACC_00070,ACC_00072,1205.94,2026-01-28T17:46:00
TXN_010885,ACC_00067,ACC_00071,12168.37,2026-01-03T11:49:00
TXN_010886,ACC_00070,ACC_00071,1147.35,2026-01-26T00:29:00
TXN_010887,ACC_00070,ACC_00069,904.94,2026-01-22T06:36:00
TXN_010888,ACC_00072,ACC_00068,1443.36,2026-01-21T11:25:00
TXN_010889,ACC_00067,ACC_00065,3807.91,2026-01-16T10:04:00
TXN_010890,ACC_00069,ACC_00065,4371.07,2026-01-06T03:36:00
TXN_010891,ACC_00072,ACC_00070,974.53,2026-01-10T02:21:00
TXN_010892,ACC_00072,ACC_00068,921.81,2026-01-17T17:54:00
TXN_010893,ACC_00066,ACC_00070,843.93,2026-01-20T01:54:00
TXN_010894,ACC_00070,ACC_00068,949.84,2026-01-24T07:16:00
TXN_010895,ACC_00068,ACC_00067,814.15,2026-01-13T06:26:00
TXN_010896,ACC_00065,ACC_00067,2485.85,2026-01-23T02:08:00
TXN_010897,ACC_00066,ACC_00070,3310.4,2026-01-25T15:34:00
TXN_010898,ACC_00069,ACC_00068,198.55,2026-01-27T06:59:00
TXN_010899,ACC_00072,ACC_00066,1076.2,2026-01-19T04:29:00
TXN_010900,ACC_00070,ACC_00071,1265.97,2026-01-14T20:19:00
TXN_010901,ACC_00080,ACC_00078,3332.27,2026-01-16T14:00:00
TXN_010902,ACC_00078,ACC_00075,452.66,2026-01-01T08:18:00
TXN_010903,ACC_00079,ACC_00073,97.26,2026-01-09T02:01:00
TXN_010904,ACC_00076,ACC_00075,1189.23,2026-01-30T12:32:00
TXN_010905,ACC_00074,ACC_00080,1436.72,2026-01-08T15:28:00
TXN_010906,ACC_00076,ACC_00073,13242.18,2026-01-27T22:45:00
TXN_010907,ACC_00074,ACC_00078,9641.76,2026-01-01T17:41:00
TXN_010908,ACC_00078,ACC_00076,14778.31,2026-01-17T19:56:00
TXN_010909,ACC_00074,ACC_00078,3562.97,2026-01-21T11:52:00
TXN_010910,ACC_00077,ACC_00078,3780.59,2026-01-20T18:07:00
TXN_010911,ACC_00079,ACC_00080,737.87,2026-01-24T07:46:00
TXN_010912,ACC_00078,ACC_00077,1222.81,2026-01-14T23:19:00
TXN_010913,ACC_00080,ACC_00079,1044.05,2026-01-15T21:47:00
TXN_010914,ACC_00076,ACC_00073,4520.77,2026-01-19T14:22:00
TXN_010915,ACC_00077,ACC_00080,1363.53,2026-01-22T08:22:00
TXN_010916,ACC_00078,ACC_00074,3391.31,2026-01-15T16:25:00
TXN_010917,ACC_00076,ACC_00078,3051.71,2026-01-10T05:38:00
TXN_010918,ACC_00077,ACC_00079,748.07,2026-01-07T16:26:00
TXN_010919,ACC_00077,ACC_00076,2124.82,2026-01-14T13:36:00
TXN_010920,ACC_00076,ACC_00079,1007.46,2026-01-20T04:10:00
TXN_010921,ACC_00079,ACC_00077,1142.78,2026-01-13T21:23:00
TXN_010922,ACC_00078,ACC_00077,4049.14,2026-01-22T17:58:00
TXN_010923,ACC_00076,ACC_00079,2477.43,2026-01-19T05:34:00
TXN_010924,ACC_00076,ACC_00080,2610.52,2026-01-19T06:33:00
TXN_010925,ACC_00078,ACC_00079,8295.97,2026-01-21T19:54:00
TXN_010926,ACC_00076,ACC_00079,743.6,2026-01-06T16:04:00
TXN_010927,ACC_00073,ACC_00075,1423.76,2026-01-19T18:47:00
TXN_010928,ACC_00075,ACC_00077,2649.55,2026-01-03T05:25:00
TXN_010929,ACC_00077,ACC_00073,12556.22,2026-01-01T03:20:00
TXN_010930,ACC_00075,ACC_00077,752.05,2026-01-25T07:42:00
TXN_010931,ACC_00079,ACC_00077,1246.21,2026-01-13T11:27:00
TXN_010932,ACC_00073,ACC_00077,10901.0,2026-01-01T02:01:00
TXN_010933,ACC_00075,ACC_00080,1109.18,2026-01-05T21:17:00
TXN_010934,ACC_00079,ACC_00078,1536.87,2026-01-25T03:01:00
TXN_010935,ACC_00078,ACC_00080,4967.64,2026-01-27T10:41:00
TXN_010936,ACC_00077,ACC_00074,808.89,2026-01-19T15:08:00
TXN_010937,ACC_00076,ACC_00077,13462.12,2026-01-21T21:17:00
TXN_010938,ACC_00076,ACC_00078,6176.85,2026-01-24T01:39:00
TXN_010939,ACC_00073,ACC_00075,3796.12,2026-01-28T11:19:00
TXN_010940,ACC_00079,ACC_00074,13198.96,2026-01-17T05:06:00
TXN_010941,ACC_00075,ACC_00080,9861.72,2026-01-04T20:38:00
TXN_010942,ACC_00078,ACC_00076,7078.76,2026-01-18T10:16:00
TXN_010943,ACC_00074,ACC_00075,1349.25,2026-01-26T10:42:00
TXN_010944,ACC_00073,ACC_00077,3147.76,2026-01-01T18:00:00
TXN_010945,ACC_00073,ACC_00074,1399.79,2026-01-14T13:07:00
TXN_010946,ACC_00073,ACC_00078,4049.67,2026-01-05T07:27:00
TXN_010947,ACC_00074,ACC_00075,1107.42,2026-01-15T19:33:00
TXN_010948,ACC_00073,ACC_00080,4299.19,2026-01-18T10:11:00
TXN_010949,ACC_00075,ACC_00079,646.79,2026-01-27T19:21:00
TXN_010950,ACC_00073,ACC_00075,490.28,2026-01-15T21:07:00
TXN_010951,ACC_00073,ACC_00078,975.32,2026-01-09T15:39:00
TXN_010952,ACC_00078,ACC_00075,198.14,2026-01-27T07:06:00
TXN_010953,ACC_00080,ACC_00076,1342.28,2026-01-03T07:55:00
TXN_010954,ACC_00078,ACC_00073,978.01,2026-01-08T16:54:00
TXN_010955,ACC_00074,ACC_00077,4133.68,2026-01-29T23:20:00
TXN_010956,ACC_00079,ACC_00075,4615.1,2026-01-06T12:59:00
TXN_010957,ACC_00073,ACC_00077,4033.95,2026-01-11T10:39:00
TXN_010958,ACC_00076,ACC_00075,3763.2,2026-01-22T00:04:00
TXN_010959,ACC_00078,ACC_00073,1160.08,2026-01-20T08:04:00
TXN_010960,ACC_00074,ACC_00073,4786.39,2026-01-10T20:19:00
TXN_010961,ACC_00074,ACC_00079,4440.7,2026-01-09T23:58:00
TXN_010962,ACC_00074,ACC_00073,1014.04,2026-01-17T01:59:00
TXN_010963,ACC_00078,ACC_00075,372.71,2026-01-11T02:28:00
TXN_010964,ACC_00075,ACC_00076,4565.92,2026-01-05T07:20:00
TXN_010965,ACC_00078,ACC_00075,409.06,2026-01-07T13:55:00
TXN_010966,ACC_00080,ACC_00073,4449.04,2026-01-13T12:07:00
TXN_010967,ACC_00076,ACC_00080,1012.16,2026-01-11T09:58:00
TXN_010968,ACC_00073,ACC_00079,848.27,2026-01-02T21:42:00
TXN_010969,ACC_00080,ACC_00075,958.85,2026-01-14T12:57:00
TXN_010970,ACC_00073,ACC_00080,2503.18,2026-01-12T10:25:00
TXN_010971,ACC_00079,ACC_00080,1258.69,2026-01-30T16:41:00
TXN_010972,ACC_00076,ACC_00073,737.48,2026-01-10T13:05:00
TXN_010973,ACC_00078,ACC_00074,2269.58,2026-01-10T23:10:00
TXN_010974,ACC_00074,ACC_00076,1949.86,2026-01-19T14:18:00
TXN_010975,ACC_00075,ACC_00079,5392.62,2026-01-03T23:29:00
TXN_010976,ACC_00079,ACC_00077,486.38,2026-01-17T05:17:00
TXN_010977,ACC_00080,ACC_00076,1964.91,2026-01-04T13:19:00
TXN_010978,ACC_00080,ACC_00079,12555.81,2026-01-21T14:39:00
TXN_010979,ACC_00075,ACC_00080,253.91,2026-01-11T11:18:00
TXN_010980,ACC_00076,ACC_00078,382.66,2026-01-01T23:57:00
TXN_010981,ACC_00080,ACC_00079,945.69,2026-01-15T01:37:00
TXN_010982,ACC_00076,ACC_00079,308.08,2026-01-11T19:27:00
TXN_010983,ACC_00077,ACC_00078,4050.89,2026-01-27T12:09:00
TXN_010984,ACC_00074,ACC_00078,687.51,2026-01-14T01:52:00
TXN_010985,ACC_00074,ACC_00076,506.24,2026-01-15T11:45:00
TXN_010986,ACC_00074,ACC_00075,443.95,2026-01-04T23:09:00
TXN_010987,ACC_00080,ACC_00077,565.94,2026-01-26T18:57:00
TXN_010988,ACC_00077,ACC_00074,10055.95,2026-01-08T08:18:00
TXN_010989,ACC_00079,ACC_00080,4279.49,2026-01-25T07:10:00
TXN_010990,ACC_00074,ACC_00076,604.24,2026-01-09T16:38:00
TXN_010991,ACC_00080,ACC_00074,58.86,2026-01-21T23:19:00
TXN_010992,ACC_00074,ACC_00080,965.29,2026-01-16T05:06:00
TXN_010993,ACC_00076,ACC_00080,783.31,2026-01-11T06:44:00
TXN_010994,ACC_00079,ACC_00076,1393.91,2026-01-28T04:11:00
TXN_010995,ACC_00076,ACC_00073,120.82,2026-01-22T19:49:00
TXN_010996,ACC_00076,ACC_00074,1474.49,2026-01-17T21:16:00
TXN_010997,ACC_00076,ACC_00077,3553.33,2026-01-11T05:22:00
TXN_010998,ACC_00078,ACC_00074,879.0,2026-01-23T03:45:00
TXN_010999,ACC_00078,ACC_00076,1170.65,2026-01-02T03:36:00
TXN_011000,ACC_00075,ACC_00080,1400.94,2026-01-25T14:54:00
TXN_011001,ACC_00088,ACC_00084,4878.39,2026-01-21T00:07:00
TXN_011002,ACC_00085,ACC_00081,685.01,2026-01-11T19:08:00
TXN_011003,ACC_00081,ACC_00083,956.37,2026-01-23T05:38:00
TXN_011004,ACC_00087,ACC_00084,98.82,2026-01-29T03:52:00
TXN_011005,ACC_00087,ACC_00081,1023.21,2026-01-17T15:45:00
TXN_011006,ACC_00085,ACC_00082,1021.26,2026-01-09T04:13:00
TXN_011007,ACC_00083,ACC_00084,1061.23,2026-01-26T14:28:00
TXN_011008,ACC_00086,ACC_00084,342.7,2026-01-10T07:12:00
TXN_011009,ACC_00085,ACC_00086,243.95,2026-01-06T14:40:00
TXN_011010,ACC_00087,ACC_00081,919.14,2026-01-14T23:25:00
TXN_011011,ACC_00082,ACC_00086,844.43,2026-01-10T17:02:00
TXN_011012,ACC_00081,ACC_00088,4369.78,2026-01-21T14:49:00
TXN_011013,ACC_00085,ACC_00082,2336.54,2026-01-18T18:28:00
TXN_011014,ACC_00085,ACC_00087,1022.68,2026-01-07T15:44:00
TXN_011015,ACC_00081,ACC_00086,8715.72,2026-01-04T04:33:00
TXN_011016,ACC_00084,ACC_00082,276.09,2026-01-28T17:56:00
TXN_011017,ACC_00083,ACC_00088,2027.88,2026-01-21T20:35:00
TXN_011018,ACC_00088,ACC_00082,1200.51,2026-01-08T00:20:00
TXN_011019,ACC_00081,ACC_00087,8235.81,2026-01-10T11:31:00
TXN_011020,ACC_00083,ACC_00082,1781.99,2026-01-12T21:41:00
TXN_011021,ACC_00081,ACC_00082,4466.25,2026-01-09T17:50:00
TXN_011022,ACC_00082,ACC_00084,1319.06,2026-01-14T10:13:00
TXN_011023,ACC_00081,ACC_00087,175.15,2026-01-11T03:20:00
TXN_011024,ACC_00087,ACC_00081,317.78,2026-01-14T14:41:00
TXN_011025,ACC_00083,ACC_00088,1032.91,2026-01-22T15:53:00
TXN_011026,ACC_00085,ACC_00086,10996.74,2026-01-22T21:33:00
TXN_011027,ACC_00083,ACC_00087,137.93,2026-01-06T06:59:00
TXN_011028,ACC_00084,ACC_00082,5676.15,2026-01-12T19:12:00
TXN_011029,ACC_00087,ACC_00085,7884.48,2026-01-12T23:38:00
TXN_011030,ACC_00087,ACC_00082,2596.72,2026-01-12T02:36:00
TXN_011031,ACC_00082,ACC_00087,197.98,2026-01-17T06:29:00
TXN_011032,ACC_00087,ACC_00081,244.26,2026-01-24T00:12:00
TXN_011033,ACC_00087,ACC_00083,3997.36,2026-01-14T06:08:00
TXN_011034,ACC_00085,ACC_00084,14657.8,2026-01-06T16:42:00
TXN_011035,ACC_00085,ACC_00083,889.26,2026-01-13T02:06:00
TXN_011036,ACC_00083,ACC_00088,2237.89,2026-01-08T12:12:00
TXN_011037,ACC_00081,ACC_00087,1073.36,2026-01-08T06:19:00
TXN_011038,ACC_00088,ACC_00083,1292.92,2026-01-25T07:48:00
TXN_011039,ACC_00084,ACC_00087,1082.44,2026-01-22T11:08:00
TXN_011040,ACC_00087,ACC_00084,11897.19,2026-01-18T14:53:00
TXN_011041,ACC_00087,ACC_00086,654.27,2026-01-04T15:27:00
TXN_011042,ACC_00083,ACC_00084,4499.04,2026-01-06T08:23:00
TXN_011043,ACC_00087,ACC_00085,608.14,2026-01-30T10:15:00
TXN_011044,ACC_00084,ACC_00082,3253.16,2026-01-13T11:49:00
TXN_011045,ACC_00086,ACC_00081,2125.6,2026-01-23T01:52:00
TXN_011046,ACC_00087,ACC_00082,611.01,2026-01-29T11:15:00
TXN_011047,ACC_00084,ACC_00086,186.64,2026-01-16T02:35:00
TXN_011048,ACC_00084,ACC_00081,624.89,2026-01-06T19:13:00
TXN_011049,ACC_00087,ACC_00082,3916.25,2026-01-06T02:59:00
TXN_011050,ACC_00083,ACC_00085,179.27,2026-01-10T13:39:00
TXN_011051,ACC_00083,ACC_00082,526.24,2026-01-10T10:04:00
TXN_011052,ACC_00088,ACC_00085,2159.94,2026-01-06T00:04:00
TXN_011053,ACC_00088,ACC_00085,3641.44,2026-01-28T22:31:00
TXN_011054,ACC_00081,ACC_00085,780.1,2026-01-08T18:01:00
TXN_011055,ACC_00088,ACC_00086,2439.09,2026-01-14T21:03:00
TXN_011056,ACC_00081,ACC_00088,3550.86,2026-01-20T16:29:00
TXN_011057,ACC_00086,ACC_00081,497.14,2026-01-25T08:57:00
TXN_011058,ACC_00087,ACC_00085,4245.48,2026-01-03T19:12:00
TXN_011059,ACC_00085,ACC_00086,807.98,2026-01-14T06:59:00
TXN_011060,ACC_00083,ACC_00084,599.45,2026-01-29T11:06:00
TXN_011061,ACC_00081,ACC_00082,506.54,2026-01-07T09:59:00
TXN_011062,ACC_00085,ACC_00083,797.54,2026-01-02T15:55:00
TXN_011063,ACC_00081,ACC_00082,1108.61,2026-01-18T18:06:00
TXN_011064,ACC_00085,ACC_00084,289.1,2026-01-15T02:06:00
TXN_011065,ACC_00081,ACC_00085,2183.18,2026-01-28T20:38:00
TXN_011066,ACC_00084,ACC_00083,1371.04,2026-01-22T00:38:00
TXN_011067,ACC_00087,ACC_00081,4932.48,2026-01-01T00:21:00
TXN_011068,ACC_00087,ACC_00081,977.47,2026-01-02T11:23:00
TXN_011069,ACC_00086,ACC_00083,220.74,2026-01-06T04:30:00
TXN_011070,ACC_00087,ACC_00088,3114.55,2026-01-01T01:07:00
TXN_011071,ACC_00084,ACC_00081,3863.58,2026-01-16T06:23:00
TXN_011072,ACC_00087,ACC_00086,2964.04,2026-01-25T21:32:00
TXN_011073,ACC_00088,ACC_00083,900.38,2026-01-12T12:35:00
TXN_011074,ACC_00081,ACC_00082,4860.74,2026-01-17T11:03:00
TXN_011075,ACC_00084,ACC_00086,893.06,2026-01-08T13:50:00
TXN_011076,ACC_00083,ACC_00087,80.58,2026-01-14T03:07:00
TXN_011077,ACC_00087,ACC_00081,557.73,2026-01-24T21:16:00
TXN_011078,ACC_00083,ACC_00084,13328.12,2026-01-03T20:17:00
TXN_011079,ACC_00082,ACC_00085,250.41,2026-01-26T04:25:00
TXN_011080,ACC_00085,ACC_00087,788.42,2026-01-08T17:14:00
TXN_011081,ACC_00086,ACC_00087,1776.28,2026-01-11T05:48:00
TXN_011082,ACC_00083,ACC_00084,332.28,2026-01-18T02:39:00
TXN_011083,ACC_00084,ACC_00083,12501.25,2026-01-14T12:56:00
TXN_011084,ACC_00084,ACC_00085,13476.14,2026-01-22T13:54:00
TXN_011085,ACC_00085,ACC_00083,1064.64,2026-01-19T17:48:00
TXN_011086,ACC_00086,ACC_00082,501.41,2026-01-18T02:37:00
TXN_011087,ACC_00081,ACC_00083,1219.17,2026-01-26T14:17:00
TXN_011088,ACC_00086,ACC_00084,1288.01,2026-01-02T19:41:00
TXN_011089,ACC_00082,ACC_00085,1440.56,2026-01-07T15:44:00
TXN_011090,ACC_00081,ACC_00084,1384.34,2026-01-03T05:19:00
TXN_011091,ACC_00085,ACC_00088,265.88,2026-01-02T06:22:00
TXN_011092,ACC_00083,ACC_00085,4999.88,2026-01-11T01:21:00
TXN_011093,ACC_00087,ACC_00086,3534.56,2026-01-17T22:21:00
TXN_011094,ACC_00082,ACC_00081,2822.39,2026-01-14T05:59:00
TXN_011095,ACC_00081,ACC_00084,753.82,2026-01-06T02:54:00
TXN_011096,ACC_00081,ACC_00087,4055.36,2026-01-29T04:01:00
TXN_011097,ACC_00086,ACC_00081,416.86,2026-01-11T09:15:00
TXN_011098,ACC_00087,ACC_00084,1335.42,2026-01-24T17:18:00
TXN_011099,ACC_00084,ACC_00086,119.39,2026-01-10T17:06:00
TXN_011100,ACC_00088,ACC_00084,3646.12,2026-01-18T09:34:00
TXN_011101,ACC_00095,ACC_00089,14775.45,2026-01-16T15:28:00
TXN_011102,ACC_00095,ACC_00091,1696.27,2026-01-03T03:12:00
TXN_011103,ACC_00091,ACC_00093,233.47,2026-01-16T23:36:00
TXN_011104,ACC_00093,ACC_00095,3290.48,2026-01-19T08:26:00
TXN_011105,ACC_00096,ACC_00089,272.17,2026-01-26T04:03:00
TXN_011106,ACC_00092,ACC_00093,11570.03,2026-01-08T01:35:00
TXN_011107,ACC_00095,ACC_00092,3180.0,2026-01-16T15:58:00
TXN_011108,ACC_00093,ACC_00096,258.82,2026-01-02T11:05:00
TXN_011109,ACC_00095,ACC_00089,1681.03,2026-01-22T18:18:00
TXN_011110,ACC_00096,ACC_00093,390.6,2026-01-18T11:49:00
TXN_011111,ACC_00092,ACC_00096,6991.57,2026-01-25T08:33:00
TXN_011112,ACC_00091,ACC_00092,3160.08,2026-01-24T19:22:00
TXN_011113,ACC_00092,ACC_00091,340.86,2026-01-14T18:00:00
TXN_011114,ACC_00089,ACC_00095,615.28,2026-01-04T12:36:00
TXN_011115,ACC_00091,ACC_00095,1234.0,2026-01-28T05:06:00
TXN_011116,ACC_00090,ACC_00092,1163.03,2026-01-29T09:32:00
TXN_011117,ACC_00092,ACC_00093,1263.07,2026-01-26T13:14:00
TXN_011118,ACC_00091,ACC_00096,1427.58,2026-01-15T15:35:00
TXN_011119,ACC_00095,ACC_00089,5115.31,2026-01-26T15:50:00
TXN_011120,ACC_00089,ACC_00095,595.04,2026-01-12T20:18:00
TXN_011121,ACC_00090,ACC_00096,943.45,2026-01-16T04:54:00
TXN_011122,ACC_00093,ACC_00090,853.05,2026-01-16T18:15:00
TXN_011123,ACC_00089,ACC_00095,675.85,2026-01-01T22:09:00
TXN_011124,ACC_00095,ACC_00092,9621.95,2026-01-07T15:35:00
TXN_011125,ACC_00094,ACC_00095,1280.99,2026-01-28T11:15:00
TXN_011126,ACC_00095,ACC_00089,650.65,2026-01-02T03:34:00
TXN_011127,ACC_00093,ACC_00091,431.11,2026-01-18T06:57:00
TXN_011128,ACC_00094,ACC_00093,1262.35,2026-01-02T10:29:00
TXN_011129,ACC_00093,ACC_00094,4078.07,2026-01-02T10:18:00
TXN_011130,ACC_00094,ACC_00092,1954.63,2026-01-24T11:32:00
TXN_011131,ACC_00089,ACC_00096,1213.8,2026-01-27T12:15:00
TXN_011132,ACC_00096,ACC_00092,650.76,2026-01-23T23:21:00
TXN_011133,ACC_00093,ACC_00096,417.48,2026-01-09T20:59:00
TXN_011134,ACC_00090,ACC_00094,352.51,2026-01-06T11:35:00
TXN_011135,ACC_00093,ACC_00090,4336.7,2026-01-24T00:43:00
TXN_011136,ACC_00094,ACC_00095,231.8,2026-01-19T09:58:00
TXN_011137,ACC_00093,ACC_00092,1050.06,2026-01-12T03:43:00
TXN_011138,ACC_00092,ACC_00093,401.73,2026-01-30T10:17:00
TXN_011139,ACC_00092,ACC_00094,792.1,2026-01-23T02:35:00
TXN_011140,ACC_00090,ACC_00091,2632.62,2026-01-16T09:54:00
TXN_011141,ACC_00090,ACC_00089,2909.77,2026-01-19T07:06:00
TXN_011142,ACC_00089,ACC_00090,4302.95,2026-01-03T19:55:00
TXN_011143,ACC_00089,ACC_00096,579.02,2026-01-15T03:26:00
TXN_011144,ACC_00092,ACC_00090,3798.47,2026-01-04T06:18:00
TXN_011145,ACC_00094,ACC_00096,2852.14,2026-01-13T15:20:00
TXN_011146,ACC_00090,ACC_00096,2560.09,2026-01-08T22:24:00
TXN_011147,ACC_00096,ACC_00090,1860.09,2026-01-15T23:12:00
TXN_011148,ACC_00091,ACC_00094,4402.76,2026-01-02T21:58:00
TXN_011149,ACC_00089,ACC_00092,273.53,2026-01-22T19:01:00
TXN_011150,ACC_00092,ACC_00093,4739.73,2026-01-21T04:05:00
TXN_011151,ACC_00092,ACC_00095,14886.85,2026-01-28T09:03:00
TXN_011152,ACC_00089,ACC_00094,7359.67,2026-01-22T21:40:00
TXN_011153,ACC_00094,ACC_00096,1403.01,2026-01-04T10:03:00
TXN_011154,ACC_00091,ACC_00095,14693.19,2026-01-23T12:33:00
TXN_011155,ACC_00096,ACC_00092,637.39,2026-01-17T07:37:00
TXN_011156,ACC_00092,ACC_00090,1335.17,2026-01-02T18:09:00
TXN_011157,ACC_00089,ACC_00096,1469.86,2026-01-09T07:14:00
TXN_011158,ACC_00096,ACC_00093,1229.11,2026-01-16T05:05:00
TXN_011159,ACC_00089,ACC_00092,1389.77,2026-01-17T23:16:00
TXN_011160,ACC_00090,ACC_00092,4330.02,2026-01-28T21:22:00
TXN_011161,ACC_00089,ACC_00090,589.99,2026-01-28T22:05:00
TXN_011162,ACC_00096,ACC_00094,878.52,2026-01-17T16:06:00
TXN_011163,ACC_00095,ACC_00092,506.95,2026-01-07T06:15:00
TXN_011164,ACC_00090,ACC_00093,1217.91,2026-01-08T16:15:00
TXN_011165,ACC_00093,ACC_00091,194.79,2026-01-09T01:48:00
TXN_011166,ACC_00096,ACC_00093,4955.72,2026-01-08T15:50:00
TXN_011167,ACC_00095,ACC_00093,124.68,2026-01-19T11:50:00
TXN_011168,ACC_00093,ACC_00096,1711.72,2026-01-22T17:56:00
TXN_011169,ACC_00096,ACC_00095,218.68,2026-01-18T13:05:00
TXN_011170,ACC_00092,ACC_00094,14607.56,2026-01-03T11:08:00
TXN_011171,ACC_00091,ACC_00093,778.47,2026-01-07T06:28:00
TXN_011172,ACC_00093,ACC_00094,3529.18,2026-01-09T05:08:00
TXN_011173,ACC_00092,ACC_00096,771.47,2026-01-18T19:15:00
TXN_011174,ACC_00091,ACC_00093,883.14,2026-01-22T08:51:00
TXN_011175,ACC_00091,ACC_00094,8182.83,2026-01-28T02:43:00
TXN_011176,ACC_00089,ACC_00096,416.9,2026-01-06T19:19:00
TXN_011177,ACC_00096,ACC_00094,6603.98,2026-01-23T12:02:00
TXN_011178,ACC_00090,ACC_00089,82.83,2026-01-22T06:18:00
TXN_011179,ACC_00093,ACC_00094,286.77,2026-01-09T10:29:00
TXN_011180,ACC_00093,ACC_00095,14135.75,2026-01-28T14:08:00
TXN_011181,ACC_00093,ACC_00096,4374.02,2026-01-22T18:10:00
TXN_011182,ACC_00094,ACC_00096,4269.82,2026-01-07T19:50:00
TXN_011183,ACC_00096,ACC_00089,12832.73,2026-01-01T13:52:00
TXN_011184,ACC_00093,ACC_00094,1066.64,2026-01-28T19:52:00
TXN_011185,ACC_00090,ACC_00091,808.08,2026-01-09T17:20:00
TXN_011186,ACC_00095,ACC_00089,868.91,2026-01-11T15:37:00
TXN_011187,ACC_00091,ACC_00094,323.33,2026-01-10T00:33:00
TXN_011188,ACC_00096,ACC_00092,1139.61,2026-01-01T14:14:00
TXN_011189,ACC_00094,ACC_00092,635.8,2026-01-08T09:55:00
TXN_011190,ACC_00090,ACC_00095,1244.64,2026-01-21T06:01:00
TXN_011191,ACC_00091,ACC_00093,149.62,2026-01-08T11:01:00
TXN_011192,ACC_00089,ACC_00090,9705.09,2026-01-15T14:16:00
TXN_011193,ACC_00093,ACC_00096,1066.63,2026-01-02T20:09:00
TXN_011194,ACC_00093,ACC_00091,1094.68,2026-01-30T07:18:00
TXN_011195,ACC_00089,ACC_00094,451.47,2026-01-06T09:18:00
TXN_011196,ACC_00093,ACC_00092,309.54,2026-01-19T00:24:00
TXN_011197,ACC_00093,ACC_00094,1364.57,2026-01-28T19:02:00
TXN_011198,ACC_00094,ACC_00090,3052.24,2026-01-23T09:09:00
TXN_011199,ACC_00089,ACC_00094,3960.65,2026-01-27T20:24:00
TXN_011200,ACC_00090,ACC_00095,2484.39,2026-01-01T13:27:00
TXN_011201,ACC_00100,ACC_00098,1696.02,2026-01-25T23:32:00
TXN_011202,ACC_00100,ACC_00097,797.84,2026-01-19T21:05:00
TXN_011203,ACC_00099,ACC_00098,986.05,2026-01-13T15:41:00
TXN_011204,ACC_00104,ACC_00101,2815.94,2026-01-01T13:48:00
TXN_011205,ACC_00099,ACC_00097,79.83,2026-01-07T05:01:00
TXN_011206,ACC_00100,ACC_00097,3064.04,2026-01-27T08:33:00
TXN_011207,ACC_00098,ACC_00101,966.01,2026-01-01T17:30:00
TXN_011208,ACC_00101,ACC_00102,543.03,2026-01-18T21:36:00
TXN_011209,ACC_00100,ACC_00101,2775.86,2026-01-01T20:43:00
TXN_011210,ACC_00103,ACC_00100,13428.05,2026-01-14T10:11:00
TXN_011211,ACC_00098,ACC_00101,1784.29,2026-01-03T15:56:00
TXN_011212,ACC_00101,ACC_00100,721.42,2026-01-08T06:48:00
TXN_011213,ACC_00104,ACC_00103,552.09,2026-01-14T20:54:00
TXN_011214,ACC_00099,ACC_00104,4289.93,2026-01-03T00:09:00
TXN_011215,ACC_00104,ACC_00101,631.26,2026-01-19T04:50:00
TXN_011216,ACC_00097,ACC_00100,682.67,2026-01-27T07:07:00
TXN_011217,ACC_00103,ACC_00098,542.33,2026-01-12T10:19:00
TXN_011218,ACC_00101,ACC_00103,547.47,2026-01-06T17:34:00
TXN_011219,ACC_00103,ACC_00101,4418.85,2026-01-14T08:42:00
TXN_011220,ACC_00102,ACC_00097,1196.67,2026-01-10T03:55:00
TXN_011221,ACC_00101,ACC_00098,1063.94,2026-01-26T09:55:00
TXN_011222,ACC_00099,ACC_00098,1128.18,2026-01-15T10:42:00
TXN_011223,ACC_00099,ACC_00098,2409.55,2026-01-04T22:05:00
TXN_011224,ACC_00104,ACC_00103,1514.84,2026-01-29T14:00:00
TXN_011225,ACC_00103,ACC_00099,3142.96,2026-01-16T12:09:00
TXN_011226,ACC_00100,ACC_00104,102.03,2026-01-23T21:57:00
TXN_011227,ACC_00100,ACC_00098,643.97,2026-01-27T23:20:00
TXN_011228,ACC_00097,ACC_00103,394.08,2026-01-17T21:07:00
TXN_011229,ACC_00097,ACC_00103,92.01,2026-01-07T18:28:00
TXN_011230,ACC_00100,ACC_00102,1323.41,2026-01-08T18:39:00
TXN_011231,ACC_00101,ACC_00104,577.72,2026-01-01T13:42:00
TXN_011232,ACC_00104,ACC_00098,1896.49,2026-01-30T00:06:00
TXN_011233,ACC_00104,ACC_00099,1629.01,2026-01-11T09:02:00
TXN_011234,ACC_00102,ACC_00104,1147.59,2026-01-21T17:23:00
TXN_011235,ACC_00097,ACC_00100,1425.39,2026-01-30T00:07:00
TXN_011236,ACC_00102,ACC_00104,3455.09,2026-01-09T05:28:00
TXN_011237,ACC_00104,ACC_00100,6765.12,2026-01-27T18:13:00
TXN_011238,ACC_00102,ACC_00100,347.12,2026-01-13T06:08:00
TXN_011239,ACC_00097,ACC_00098,2982.17,2026-01-15T02:44:00
TXN_011240,ACC_00103,ACC_00104,794.27,2026-01-03T01:45:00
TXN_011241,ACC_00100,ACC_00099,495.69,2026-01-17T16:22:00
TXN_011242,ACC_00101,ACC_00099,8798.15,2026-01-15T09:46:00
TXN_011243,ACC_00103,ACC_00099,285.8,2026-01-08T08:56:00
TXN_011244,ACC_00099,ACC_00102,14535.11,2026-01-05T19:08:00
TXN_011245,ACC_00100,ACC_00099,12192.14,2026-01-23T04:25:00
TXN_011246,ACC_00104,ACC_00097,276.67,2026-01-01T07:21:00
TXN_011247,ACC_00097,ACC_00100,1435.25,2026-01-09T16:43:00
TXN_011248,ACC_00101,ACC_00100,10581.89,2026-01-29T13:25:00
TXN_011249,ACC_00097,ACC_00100,351.84,2026-01-11T21:05:00
TXN_011250,ACC_00099,ACC_00104,1215.7,2026-01-26T12:45:00
TXN_011251,ACC_00102,ACC_00098,732.4,2026-01-06T12:13:00
TXN_011252,ACC_00101,ACC_00104,11986.1,2026-01-07T23:51:00
TXN_011253,ACC_00100,ACC_00102,277.31,2026-01-21T20:49:00
TXN_011254,ACC_00102,ACC_00104,1019.36,2026-01-16T16:56:00
TXN_011255,ACC_00101,ACC_00099,1462.48,2026-01-24T13:29:00
TXN_011256,ACC_00103,ACC_00097,4961.16,2026-01-09T04:21:00
TXN_011257,ACC_00101,ACC_00100,252.54,2026-01-08T15:46:00
TXN_011258,ACC_00102,ACC_00100,13193.41,2026-01-14T16:07:00
TXN_011259,ACC_00103,ACC_00101,1284.71,2026-01-15T03:20:00
TXN_011260,ACC_00104,ACC_00102,13632.32,2026-01-26T18:11:00
TXN_011261,ACC_00102,ACC_00097,742.73,2026-01-16T10:59:00
TXN_011262,ACC_00102,ACC_00099,1269.44,2026-01-15T09:21:00
TXN_011263,ACC_00104,ACC_00103,962.57,2026-01-01T15:08:00
TXN_011264,ACC_00100,ACC_00097,371.33,2026-01-22T18:35:00
TXN_011265,ACC_00101,ACC_00098,945.9,2026-01-19T18:03:00
TXN_011266,ACC_00099,ACC_00097,69.31,2026-01-03T21:54:00
TXN_011267,ACC_00102,ACC_00097,317.73,2026-01-27T18:53:00
TXN_011268,ACC_00097,ACC_00103,86.16,2026-01-12T21:46:00
TXN_011269,ACC_00101,ACC_00098,106.39,2026-01-17T11:05:00
TXN_011270,ACC_00100,ACC_00099,898.22,2026-01-05T04:28:00
TXN_011271,ACC_00099,ACC_00102,1117.05,2026-01-26T05:16:00
TXN_011272,ACC_00101,ACC_00103,2060.71,2026-01-09T20:05:00
TXN_011273,ACC_00099,ACC_00103,976.83,2026-01-09T14:58:00
TXN_011274,ACC_00097,ACC_00101,1440.0,2026-01-14T14:15:00
TXN_011275,ACC_00102,ACC_00097,1522.66,2026-01-18T03:42:00
TXN_011276,ACC_00103,ACC_00098,877.7,2026-01-08T13:46:00
TXN_011277,ACC_00104,ACC_00100,200.75,2026-01-30T07:13:00
TXN_011278,ACC_00103,ACC_00101,1543.69,2026-01-21T21:04:00
TXN_011279,ACC_00104,ACC_00102,4296.9,2026-01-28T17:36:00
TXN_011280,ACC_00102,ACC_00099,820.46,2026-01-16T23:41:00
TXN_011281,ACC_00100,ACC_00104,1848.03,2026-01-14T16:04:00
TXN_011282,ACC_00104,ACC_00101,858.88,2026-01-16T08:55:00
TXN_011283,ACC_00103,ACC_00099,1734.06,2026-01-25T19:23:00
TXN_011284,ACC_00097,ACC_00099,1401.25,2026-01-15T20:43:00
TXN_011285,ACC_00102,ACC_00097,1275.45,2026-01-08T13:28:00
TXN_011286,ACC_00099,ACC_00098,1068.62,2026-01-24T10:28:00
TXN_011287,ACC_00103,ACC_00100,13685.9,2026-01-24T11:51:00
TXN_011288,ACC_00098,ACC_00103,3855.49,2026-01-16T07:54:00
TXN_011289,ACC_00097,ACC_00099,4467.62,2026-01-26T12:01:00
TXN_011290,ACC_00098,ACC_00102,3811.88,2026-01-18T06:12:00
TXN_011291,ACC_00102,ACC_00103,733.93,2026-01-16T01:25:00
TXN_011292,ACC_00103,ACC_00100,428.72,2026-01-02T08:31:00
TXN_011293,ACC_00103,ACC_00100,1596.58,2026-01-24T05:18:00
TXN_011294,ACC_00101,ACC_00104,493.54,2026-01-10T02:55:00
TXN_011295,ACC_00103,ACC_00102,3917.22,2026-01-14T06:35:00
TXN_011296,ACC_00103,ACC_00099,4173.93,2026-01-08T12:03:00
TXN_011297,ACC_00104,ACC_00099,518.05,2026-01-21T09:02:00
TXN_011298,ACC_00098,ACC_00100,2760.17,2026-01-21T01:40:00
TXN_011299,ACC_00097,ACC_00098,1133.96,2026-01-13T13:17:00
TXN_011300,ACC_00101,ACC_00100,1098.63,2026-01-12T07:00:00
TXN_011301,ACC_00110,ACC_00112,3392.03,2026-01-18T15:41:00
TXN_011302,ACC_00109,ACC_00107,3001.12,2026-01-25T07:29:00
TXN_011303,ACC_00110,ACC_00105,1643.59,2026-01-11T11:53:00
TXN_011304,ACC_00109,ACC_00105,1264.96,2026-01-03T09:19:00
TXN_011305,ACC_00108,ACC_00105,1133.14,2026-01-09T21:05:00
TXN_011306,ACC_00106,ACC_00107,493.21,2026-01-01T09:04:00
TXN_011307,ACC_00106,ACC_00109,575.33,2026-01-10T05:48:00
TXN_011308,ACC_00106,ACC_00107,2273.73,2026-01-26T05:08:00
TXN_011309,ACC_00106,ACC_00107,238.77,2026-01-19T21:24:00
TXN_011310,ACC_00111,ACC_00109,1874.38,2026-01-30T22:14:00
TXN_011311,ACC_00111,ACC_00107,1066.32,2026-01-12T20:42:00
TXN_011312,ACC_00107,ACC_00108,919.63,2026-01-21T12:49:00
TXN_011313,ACC_00109,ACC_00105,845.56,2026-01-06T16:18:00
TXN_011314,ACC_00107,ACC_00109,734.97,2026-01-08T22:28:00
TXN_011315,ACC_00109,ACC_00105,12990.14,2026-01-17T04:04:00
TXN_011316,ACC_00111,ACC_00107,3466.29,2026-01-30T03:34:00
TXN_011317,ACC_00105,ACC_00108,2200.17,2026-01-15T21:40:00
TXN_011318,ACC_00108,ACC_00107,9055.75,2026-01-30T09:44:00
TXN_011319,ACC_00109,ACC_00111,7477.27,2026-01-25T14:44:00
TXN_011320,ACC_00106,ACC_00111,892.29,2026-01-23T05:45:00
TXN_011321,ACC_00105,ACC_00106,912.91,2026-01-12T13:51:00
TXN_011322,ACC_00106,ACC_00107,2943.59,2026-01-06T12:42:00
TXN_011323,ACC_00108,ACC_00107,2219.81,2026-01-24T09:41:00
TXN_011324,ACC_00105,ACC_00111,1221.25,2026-01-22T15:46:00
TXN_011325,ACC_00109,ACC_00112,666.75,2026-01-17T12:00:00
TXN_011326,ACC_00108,ACC_00105,669.28,2026-01-18T22:41:00
TXN_011327,ACC_00112,ACC_00111,131.54,2026-01-07T04:57:00
TXN_011328,ACC_00108,ACC_00105,826.98,2026-01-03T12:35:00
TXN_011329,ACC_00110,ACC_00112,4097.73,2026-01-17T13:21:00
TXN_011330,ACC_00105,ACC_00111,10542.13,2026-01-20T04:42:00
TXN_011331,ACC_00109,ACC_00106,3268.73,2026-01-04T16:51:00
TXN_011332,ACC_00105,ACC_00109,1548.69,2026-01-19T14:41:00
TXN_011333,ACC_00109,ACC_00112,2411.52,2026-01-07T04:21:00
TXN_011334,ACC_00111,ACC_00112,2502.21,2026-01-24T11:25:00
TXN_011335,ACC_00110,ACC_00109,3398.36,2026-01-03T20:18:00
TXN_011336,ACC_00108,ACC_00110,1447.51,2026-01-24T12:45:00
TXN_011337,ACC_00112,ACC_00105,1641.01,2026-01-14T17:43:00
TXN_011338,ACC_00105,ACC_00107,4965.51,2026-01-05T05:06:00
TXN_011339,ACC_00109,ACC_00111,2389.84,2026-01-04T14:51:00
TXN_011340,ACC_00112,ACC_00108,844.09,2026-01-23T04:21:00
TXN_011341,ACC_00108,ACC_00107,4102.23,2026-01-04T06:48:00
TXN_011342,ACC_00105,ACC_00110,3546.87,2026-01-27T01:35:00
TXN_011343,ACC_00106,ACC_00108,12368.16,2026-01-10T17:14:00
TXN_011344,ACC_00110,ACC_00112,8954.47,2026-01-02T06:00:00
TXN_011345,ACC_00111,ACC_00106,9831.2,2026-01-16T20:06:00
TXN_011346,ACC_00108,ACC_00112,433.43,2026-01-22T11:34:00
TXN_011347,ACC_00109,ACC_00111,1025.09,2026-01-29T11:36:00
TXN_011348,ACC_00105,ACC_00112,2638.1,2026-01-21T18:27:00
TXN_011349,ACC_00107,ACC_00110,12051.07,2026-01-05T13:10:00
TXN_011350,ACC_00110,ACC_00112,1899.75,2026-01-29T00:34:00
TXN_011351,ACC_00106,ACC_00108,604.37,2026-01-26T06:41:00
TXN_011352,ACC_00112,ACC_00110,1133.04,2026-01-12T15:59:00
TXN_011353,ACC_00111,ACC_00112,3311.83,2026-01-01T19:13:00
TXN_011354,ACC_00105,ACC_00108,904.93,2026-01-22T12:04:00
TXN_011355,ACC_00105,ACC_00107,848.79,2026-01-17T16:38:00
TXN_011356,ACC_00108,ACC_00110,148.41,2026-01-01T19:05:00
TXN_011357,ACC_00108,ACC_00109,946.09,2026-01-01T08:00:00
TXN_011358,ACC_00112,ACC_00107,481.32,2026-01-01T00:16:00
TXN_011359,ACC_00108,ACC_00105,3985.71,2026-01-29T13:51:00
TXN_011360,ACC_00109,ACC_00106,1438.06,2026-01-14T09:32:00
TXN_011361,ACC_00107,ACC_00105,190.57,2026-01-24T16:00:00
TXN_011362,ACC_00106,ACC_00108,1966.84,2026-01-17T02:33:00
TXN_011363,ACC_00108,ACC_00106,1308.11,2026-01-25T03:48:00
TXN_011364,ACC_00112,ACC_00111,2419.26,2026-01-22T10:10:00
TXN_011365,ACC_00110,ACC_00108,638.85,2026-01-24T07:10:00
TXN_011366,ACC_00112,ACC_00107,189.32,2026-01-27T17:30:00
TXN_011367,ACC_00107,ACC_00106,4532.26,2026-01-08T13:55:00
TXN_011368,ACC_00110,ACC_00111,1128.05,2026-01-11T16:16:00
TXN_011369,ACC_00106,ACC_00108,809.01,2026-01-25T22:38:00
TXN_011370,ACC_00110,ACC_00112,2239.99,2026-01-07T01:58:00
TXN_011371,ACC_00107,ACC_00112,12141.95,2026-01-15T17:11:00
TXN_011372,ACC_00112,ACC_00108,3113.37,2026-01-20T08:09:00
TXN_011373,ACC_00108,ACC_00107,1160.57,2026-01-15T08:10:00
TXN_011374,ACC_00106,ACC_00110,686.02,2026-01-21T18:46:00
TXN_011375,ACC_00111,ACC_00108,3574.18,2026-01-03T06:45:00
TXN_011376,ACC_00109,ACC_00105,1440.8,2026-01-29T00:09:00
TXN_011377,ACC_00109,ACC_00106,1473.58,2026-01-10T22:32:00
TXN_011378,ACC_00110,ACC_00107,830.83,2026-01-27T07:23:00
TXN_011379,ACC_00112,ACC_00110,425.58,2026-01-10T10:21:00
TXN_011380,ACC_00110,ACC_00107,463.42,2026-01-09T02:35:00
TXN_011381,ACC_00106,ACC_00108,510.81,2026-01-11T23:55:00
TXN_011382,ACC_00112,ACC_00109,297.48,2026-01-29T10:55:00
TXN_011383,ACC_00108,ACC_00105,973.73,2026-01-30T00:45:00
TXN_011384,ACC_00111,ACC_00110,2470.61,2026-01-16T05:29:00
TXN_011385,ACC_00107,ACC_00111,2577.02,2026-01-08T05:13:00
TXN_011386,ACC_00110,ACC_00105,931.97,2026-01-23T09:59:00
TXN_011387,ACC_00111,ACC_00106,837.18,2026-01-25T04:58:00
TXN_011388,ACC_00106,ACC_00110,1422.73,2026-01-15T17:58:00
TXN_011389,ACC_00109,ACC_00107,2401.22,2026-01-01T00:38:00
TXN_011390,ACC_00106,ACC_00110,383.34,2026-01-29T20:19:00
TXN_011391,ACC_00106,ACC_00112,359.18,2026-01-02T18:05:00
TXN_011392,ACC_00108,ACC_00106,3697.42,2026-01-02T22:34:00
TXN_011393,ACC_00106,ACC_00107,924.3,2026-01-17T21:23:00
TXN_011394,ACC_00108,ACC_00109,1166.53,2026-01-11T15:03:00
TXN_011395,ACC_00106,ACC_00105,3238.27,2026-01-08T15:02:00
TXN_011396,ACC_00106,ACC_00105,4879.81,2026-01-02T03:06:00
TXN_011397,ACC_00110,ACC_00112,10883.98,2026-01-26T16:30:00
TXN_011398,ACC_00112,ACC_00107,3982.12,2026-01-10T03:29:00
TXN_011399,ACC_00105,ACC_00108,937.94,2026-01-09T07:14:00
TXN_011400,ACC_00107,ACC_00109,1389.14,2026-01-22T21:48:00
TXN_011401,ACC_00115,ACC_00113,420.39,2026-01-27T02:44:00
TXN_011402,ACC_00114,ACC_00120,128.92,2026-01-27T11:42:00
TXN_011403,ACC_00117,ACC_00116,4747.68,2026-01-18T12:59:00
TXN_011404,ACC_00119,ACC_00114,334.16,2026-01-10T22:55:00
TXN_011405,ACC_00116,ACC_00119,1342.76,2026-01-03T21:12:00
TXN_011406,ACC_00118,ACC_00117,2165.28,2026-01-07T03:31:00
TXN_011407,ACC_00117,ACC_00119,1518.37,2026-01-02T14:02:00
TXN_011408,ACC_00117,ACC_00113,3860.83,2026-01-24T22:47:00
TXN_011409,ACC_00117,ACC_00118,1032.54,2026-01-22T16:20:00
TXN_011410,ACC_00118,ACC_00114,847.35,2026-01-03T00:07:00
TXN_011411,ACC_00118,ACC_00114,1196.97,2026-01-22T06:40:00
TXN_011412,ACC_00113,ACC_00115,895.02,2026-01-21T23:38:00
TXN_011413,ACC_00113,ACC_00115,1252.53,2026-01-24T03:01:00
TXN_011414,ACC_00113,ACC_00118,1391.98,2026-01-14T03:42:00
TXN_011415,ACC_00117,ACC_00116,132.65,2026-01-22T23:31:00
TXN_011416,ACC_00117,ACC_00118,364.37,2026-01-30T19:09:00
TXN_011417,ACC_00118,ACC_00116,288.52,2026-01-29T06:42:00
TXN_011418,ACC_00117,ACC_00118,977.29,2026-01-01T22:57:00
TXN_011419,ACC_00113,ACC_00119,2414.85,2026-01-24T04:43:00
TXN_011420,ACC_00113,ACC_00116,4845.69,2026-01-27T11:15:00
TXN_011421,ACC_00120,ACC_00117,4609.76,2026-01-19T10:11:00
TXN_011422,ACC_00120,ACC_00119,7072.81,2026-01-06T00:01:00
TXN_011423,ACC_00118,ACC_00114,1447.55,2026-01-26T11:44:00
TXN_011424,ACC_00113,ACC_00115,1411.02,2026-01-05T22:18:00
TXN_011425,ACC_00114,ACC_00115,7877.95,2026-01-28T11:39:00
TXN_011426,ACC_00117,ACC_00114,992.88,2026-01-20T12:17:00
TXN_011427,ACC_00117,ACC_00115,12746.15,2026-01-26T15:24:00
TXN_011428,ACC_00117,ACC_00119,1326.31,2026-01-12T02:07:00
TXN_011429,ACC_00118,ACC_00120,527.01,2026-01-18T05:39:00
TXN_011430,ACC_00119,ACC_00115,3514.84,2026-01-05T13:32:00
TXN_011431,ACC_00120,ACC_00114,1261.9,2026-01-17T09:50:00
TXN_011432,ACC_00116,ACC_00114,1274.02,2026-01-01T23:05:00
TXN_011433,ACC_00118,ACC_00116,91.47,2026-01-12T21:05:00
TXN_011434,ACC_00117,ACC_00114,2927.92,2026-01-07T04:10:00
TXN_011435,ACC_00114,ACC_00116,13121.82,2026-01-12T14:37:00
TXN_011436,ACC_00113,ACC_00118,7217.36,2026-01-01T07:54:00
TXN_011437,ACC_00118,ACC_00113,667.34,2026-01-12T01:56:00
TXN_011438,ACC_00120,ACC_00113,12868.14,2026-01-17T01:55:00
TXN_011439,ACC_00116,ACC_00119,1407.62,2026-01-26T13:02:00
TXN_011440,ACC_00119,ACC_00116,4693.72,2026-01-19T13:18:00
TXN_011441,ACC_00114,ACC_00119,3823.09,2026-01-23T14:38:00
TXN_011442,ACC_00118,ACC_00113,1326.4,2026-01-18T01:22:00
TXN_011443,ACC_00113,ACC_00118,515.2,2026-01-03T22:09:00
TXN_011444,ACC_00118,ACC_00117,1236.79,2026-01-22T11:15:00
TXN_011445,ACC_00117,ACC_00118,199.76,2026-01-03T03:09:00
TXN_011446,ACC_00117,ACC_00119,4898.71,2026-01-15T11:11:00
TXN_011447,ACC_00117,ACC_00120,2757.49,2026-01-10T11:45:00
TXN_011448,ACC_00114,ACC_00116,849.84,2026-01-14T05:48:00
TXN_011449,ACC_00120,ACC_00118,1145.97,2026-01-22T18:13:00
TXN_011450,ACC_00115,ACC_00118,1298.5,2026-01-28T18:48:00
TXN_011451,ACC_00117,ACC_00120,4885.91,2026-01-15T05:30:00
TXN_011452,ACC_00115,ACC_00114,457.02,2026-01-19T15:45:00
TXN_011453,ACC_00114,ACC_00113,406.53,2026-01-01T23:54:00
TXN_011454,ACC_00117,ACC_00118,305.42,2026-01-19T23:52:00
TXN_011455,ACC_00118,ACC_00120,7282.93,2026-01-06T10:13:00
TXN_011456,ACC_00118,ACC_00120,1297.11,2026-01-30T11:10:00
TXN_011457,ACC_00120,ACC_00117,3335.36,2026-01-04T07:57:00
TXN_011458,ACC_00120,ACC_00114,10813.9,2026-01-19T23:02:00
TXN_011459,ACC_00119,ACC_00114,1270.43,2026-01-29T00:28:00
TXN_011460,ACC_00113,ACC_00119,117.97,2026-01-06T19:13:00
TXN_011461,ACC_00113,ACC_00118,373.16,2026-01-18T08:19:00
TXN_011462,ACC_00116,ACC_00119,3339.58,2026-01-12T10:35:00
TXN_011463,ACC_00118,ACC_00115,3010.99,2026-01-04T12:02:00
TXN_011464,ACC_00113,ACC_00115,1265.77,2026-01-03T07:54:00
TXN_011465,ACC_00119,ACC_00115,1078.76,2026-01-09T12:42:00
TXN_011466,ACC_00114,ACC_00119,844.56,2026-01-09T07:53:00
TXN_011467,ACC_00117,ACC_00120,6455.45,2026-01-20T10:32:00
TXN_011468,ACC_00120,ACC_00118,269.6,2026-01-13T12:25:00
TXN_011469,ACC_00114,ACC_00119,98.88,2026-01-10T09:24:00
TXN_011470,ACC_00117,ACC_00120,266.76,2026-01-08T09:37:00
TXN_011471,ACC_00113,ACC_00114,10027.39,2026-01-08T03:23:00
TXN_011472,ACC_00113,ACC_00120,11072.78,2026-01-06T15:12:00
TXN_011473,ACC_00113,ACC_00116,6133.03,2026-01-01T10:27:00
TXN_011474,ACC_00113,ACC_00118,117.61,2026-01-17T05:23:00
TXN_011475,ACC_00117,ACC_00113,1050.61,2026-01-17T19:53:00
TXN_011476,ACC_00116,ACC_00113,1763.78,2026-01-29T22:59:00
TXN_011477,ACC_00118,ACC_00120,7388.33,2026-01-01T12:26:00
TXN_011478,ACC_00120,ACC_00119,1453.1,2026-01-23T19:29:00
TXN_011479,ACC_00114,ACC_00118,426.96,2026-01-01T02:40:00
TXN_011480,ACC_00120,ACC_00113,646.94,2026-01-14T13:09:00
TXN_011481,ACC_00114,ACC_00117,1151.83,2026-01-14T13:47:00
TXN_011482,ACC_00119,ACC_00114,1133.24,2026-01-11T16:47:00
TXN_011483,ACC_00114,ACC_00119,3721.5,2026-01-28T01:34:00
TXN_011484,ACC_00116,ACC_00120,4764.64,2026-01-07T12:48:00
TXN_011485,ACC_00118,ACC_00114,3960.85,2026-01-28T15:09:00
TXN_011486,ACC_00115,ACC_00119,11160.85,2026-01-14T20:33:00
TXN_011487,ACC_00117,ACC_00113,576.1,2026-01-12T11:45:00
TXN_011488,ACC_00117,ACC_00116,4958.34,2026-01-29T20:49:00
TXN_011489,ACC_00116,ACC_00119,1457.86,2026-01-25T12:48:00
TXN_011490,ACC_00120,ACC_00118,13319.07,2026-01-23T11:53:00
TXN_011491,ACC_00115,ACC_00120,1184.11,2026-01-23T19:16:00
TXN_011492,ACC_00117,ACC_00113,747.68,2026-01-24T17:07:00
TXN_011493,ACC_00113,ACC_00114,4470.7,2026-01-09T02:56:00
TXN_011494,ACC_00119,ACC_00117,1760.96,2026-01-15T11:36:00
TXN_011495,ACC_00118,ACC_00120,4683.36,2026-01-07T06:19:00
TXN_011496,ACC_00115,ACC_00117,3743.62,2026-01-12T19:57:00
TXN_011497,ACC_00116,ACC_00115,843.99,2026-01-30T11:12:00
TXN_011498,ACC_00113,ACC_00118,1463.67,2026-01-22T08:23:00
TXN_011499,ACC_00114,ACC_00113,622.44,2026-01-17T07:48:00
TXN_011500,ACC_00113,ACC_00119,1136.34,2026-01-11T12:51:00
TXN_011501,ACC_00128,ACC_00121,2078.68,2026-01-28T12:06:00
TXN_011502,ACC_00124,ACC_00125,11552.77,2026-01-27T14:58:00
TXN_011503,ACC_00127,ACC_00125,989.0,2026-01-07T08:14:00
TXN_011504,ACC_00125,ACC_00122,1490.28,2026-01-27T16:22:00
TXN_011505,ACC_00128,ACC_00125,3563.16,2026-01-17T14:44:00
TXN_011506,ACC_00125,ACC_00126,1473.37,2026-01-13T16:23:00
TXN_011507,ACC_00125,ACC_00122,68.61,2026-01-21T19:49:00
TXN_011508,ACC_00125,ACC_00124,545.0,2026-01-24T12:19:00
TXN_011509,ACC_00127,ACC_00126,879.96,2026-01-14T19:55:00
TXN_011510,ACC_00121,ACC_00124,583.35,2026-01-28T01:41:00
TXN_011511,ACC_00127,ACC_00121,276.81,2026-01-03T13:03:00
TXN_011512,ACC_00126,ACC_00124,283.28,2026-01-12T17:46:00
TXN_011513,ACC_00127,ACC_00122,1057.81,2026-01-06T05:33:00
TXN_011514,ACC_00128,ACC_00121,349.96,2026-01-08T02:13:00
TXN_011515,ACC_00127,ACC_00122,4456.92,2026-01-27T03:24:00
TXN_011516,ACC_00125,ACC_00121,1157.75,2026-01-21T08:00:00
TXN_011517,ACC_00125,ACC_00122,9464.66,2026-01-25T06:06:00
TXN_011518,ACC_00125,ACC_00128,656.84,2026-01-19T17:48:00
TXN_011519,ACC_00123,ACC_00125,206.67,2026-01-03T11:56:00
TXN_011520,ACC_00123,ACC_00122,88.86,2026-01-21T05:38:00
TXN_011521,ACC_00128,ACC_00121,1280.41,2026-01-13T01:26:00
TXN_011522,ACC_00126,ACC_00122,513.36,2026-01-18T23:43:00
TXN_011523,ACC_00124,ACC_00125,1119.53,2026-01-17T19:01:00
TXN_011524,ACC_00127,ACC_00122,870.71,2026-01-23T00:55:00
TXN_011525,ACC_00125,ACC_00121,1005.83,2026-01-19T06:17:00
TXN_011526,ACC_00121,ACC_00124,1661.92,2026-01-30T02:15:00
TXN_011527,ACC_00127,ACC_00121,3957.74,2026-01-21T10:02:00
TXN_011528,ACC_00126,ACC_00121,1499.79,2026-01-17T06:34:00
TXN_011529,ACC_00127,ACC_00128,1223.14,2026-01-18T20:55:00
TXN_011530,ACC_00121,ACC_00126,2897.51,2026-01-11T15:43:00
TXN_011531,ACC_00124,ACC_00127,1003.16,2026-01-24T13:24:00
TXN_011532,ACC_00128,ACC_00127,416.12,2026-01-03T03:10:00
TXN_011533,ACC_00125,ACC_00122,1142.81,2026-01-01T21:07:00
TXN_011534,ACC_00122,ACC_00126,1147.12,2026-01-06T12:58:00
TXN_011535,ACC_00128,ACC_00127,1081.04,2026-01-21T04:11:00
TXN_011536,ACC_00124,ACC_00128,1315.46,2026-01-09T06:22:00
TXN_011537,ACC_00128,ACC_00123,325.46,2026-01-09T20:59:00
TXN_011538,ACC_00125,ACC_00122,6380.2,2026-01-13T01:10:00
TXN_011539,ACC_00122,ACC_00124,977.06,2026-01-25T18:18:00
TXN_011540,ACC_00124,ACC_00126,6779.13,2026-01-15T11:52:00
TXN_011541,ACC_00125,ACC_00122,3909.99,2026-01-11T10:27:00
TXN_011542,ACC_00127,ACC_00128,2516.98,2026-01-10T09:40:00
TXN_011543,ACC_00125,ACC_00122,607.41,2026-01-14T05:30:00
TXN_011544,ACC_00128,ACC_00123,3866.35,2026-01-18T02:54:00
TXN_011545,ACC_00123,ACC_00121,1010.5,2026-01-12T17:32:00
TXN_011546,ACC_00122,ACC_00125,6011.58,2026-01-07T10:59:00
TXN_011547,ACC_00126,ACC_00123,2707.48,2026-01-04T04:52:00
TXN_011548,ACC_00124,ACC_00122,3460.21,2026-01-29T15:20:00
TXN_011549,ACC_00125,ACC_00127,1476.37,2026-01-11T12:16:00
TXN_011550,ACC_00128,ACC_00125,3696.23,2026-01-11T03:11:00
TXN_011551,ACC_00126,ACC_00125,5391.19,2026-01-28T00:19:00
TXN_011552,ACC_00124,ACC_00126,4097.71,2026-01-28T15:23:00
TXN_011553,ACC_00125,ACC_00121,1453.68,2026-01-25T08:21:00
TXN_011554,ACC_00125,ACC_00123,369.2,2026-01-23T14:57:00
TXN_011555,ACC_00122,ACC_00125,1104.15,2026-01-25T01:05:00
TXN_011556,ACC_00126,ACC_00127,13083.7,2026-01-18T03:06:00
TXN_011557,ACC_00121,ACC_00123,1348.32,2026-01-07T20:33:00
TXN_011558,ACC_00122,ACC_00123,274.09,2026-01-09T22:37:00
TXN_011559,ACC_00122,ACC_00124,719.33,2026-01-05T03:45:00
TXN_011560,ACC_00127,ACC_00123,4215.6,2026-01-14T05:35:00
TXN_011561,ACC_00126,ACC_00123,663.68,2026-01-25T19:26:00
TXN_011562,ACC_00123,ACC_00121,885.45,2026-01-22T12:16:00
TXN_011563,ACC_00121,ACC_00122,2608.55,2026-01-26T18:25:00
TXN_011564,ACC_00124,ACC_00126,4859.76,2026-01-05T06:57:00
TXN_011565,ACC_00125,ACC_00126,4067.79,2026-01-01T17:33:00
TXN_011566,ACC_00126,ACC_00121,1042.75,2026-01-08T13:06:00
TXN_011567,ACC_00122,ACC_00125,1980.32,2026-01-07T19:47:00
TXN_011568,ACC_00122,ACC_00127,1037.89,2026-01-11T05:46:00
TXN_011569,ACC_00122,ACC_00124,2848.18,2026-01-24T23:49:00
TXN_011570,ACC_00124,ACC_00123,1474.92,2026-01-04T09:41:00
TXN_011571,ACC_00127,ACC_00128,1459.97,2026-01-19T01:59:00
TXN_011572,ACC_00121,ACC_00128,3135.81,2026-01-16T15:14:00
TXN_011573,ACC_00127,ACC_00125,600.88,2026-01-24T01:37:00
TXN_011574,ACC_00126,ACC_00123,117.09,2026-01-01T01:20:00
TXN_011575,ACC_00124,ACC_00127,218.18,2026-01-04T01:39:00
TXN_011576,ACC_00127,ACC_00126,12551.97,2026-01-19T00:56:00
TXN_011577,ACC_00128,ACC_00123,3526.61,2026-01-03T03:40:00
TXN_011578,ACC_00122,ACC_00125,923.91,2026-01-15T00:44:00
TXN_011579,ACC_00126,ACC_00124,3129.77,2026-01-01T20:11:00
TXN_011580,ACC_00128,ACC_00121,10202.77,2026-01-17T16:16:00
TXN_011581,ACC_00124,ACC_00128,3454.27,2026-01-08T04:29:00
TXN_011582,ACC_00123,ACC_00121,980.21,2026-01-01T10:10:00
TXN_011583,ACC_00127,ACC_00123,683.45,2026-01-22T09:35:00
TXN_011584,ACC_00128,ACC_00124,663.74,2026-01-13T12:30:00
TXN_011585,ACC_00127,ACC_00128,696.88,2026-01-05T12:13:00
TXN_011586,ACC_00123,ACC_00121,1947.01,2026-01-11T18:13:00
TXN_011587,ACC_00127,ACC_00121,1168.54,2026-01-25T00:01:00
TXN_011588,ACC_00126,ACC_00128,1427.3,2026-01-18T21:37:00
TXN_011589,ACC_00125,ACC_00124,2339.27,2026-01-04T21:18:00
TXN_011590,ACC_00124,ACC_00121,4992.23,2026-01-04T06:23:00
TXN_011591,ACC_00122,ACC_00127,2421.43,2026-01-12T20:23:00
TXN_011592,ACC_00124,ACC_00127,854.9,2026-01-21T23:35:00
TXN_011593,ACC_00123,ACC_00124,1462.13,2026-01-21T12:11:00
TXN_011594,ACC_00121,ACC_00123,1453.31,2026-01-28T12:53:00
TXN_011595,ACC_00127,ACC_00122,924.64,2026-01-02T00:17:00
TXN_011596,ACC_00125,ACC_00123,2479.85,2026-01-08T07:35:00
TXN_011597,ACC_00122,ACC_00123,773.76,2026-01-24T02:28:00
TXN_011598,ACC_00126,ACC_00127,529.35,2026-01-05T00:36:00
TXN_011599,ACC_00127,ACC_00126,1002.94,2026-01-11T02:36:00
TXN_011600,ACC_00124,ACC_00125,156.05,2026-01-26T12:47:00
TXN_011601,ACC_00135,ACC_00132,2966.61,2026-01-27T09:31:00
TXN_011602,ACC_00129,ACC_00133,1143.32,2026-01-21T14:02:00
TXN_011603,ACC_00132,ACC_00133,1716.46,2026-01-07T03:07:00
TXN_011604,ACC_00131,ACC_00130,2585.97,2026-01-28T20:27:00
TXN_011605,ACC_00133,ACC_00130,4696.92,2026-01-08T05:22:00
TXN_011606,ACC_00130,ACC_00131,1092.52,2026-01-11T08:22:00
TXN_011607,ACC_00129,ACC_00136,1092.3,2026-01-22T18:43:00
TXN_011608,ACC_00132,ACC_00135,901.13,2026-01-16T03:42:00
TXN_011609,ACC_00133,ACC_00130,347.23,2026-01-10T01:01:00
TXN_011610,ACC_00133,ACC_00132,1821.76,2026-01-04T23:52:00
TXN_011611,ACC_00132,ACC_00131,698.13,2026-01-12T16:11:00
TXN_011612,ACC_00134,ACC_00130,3933.83,2026-01-03T20:46:00
TXN_011613,ACC_00129,ACC_00134,465.88,2026-01-02T17:10:00
TXN_011614,ACC_00130,ACC_00129,119.83,2026-01-03T12:03:00
TXN_011615,ACC_00132,ACC_00135,3828.5,2026-01-28T06:02:00
TXN_011616,ACC_00131,ACC_00134,1345.82,2026-01-04T05:41:00
TXN_011617,ACC_00136,ACC_00130,1007.99,2026-01-17T23:09:00
TXN_011618,ACC_00132,ACC_00135,14503.6,2026-01-07T20:55:00
TXN_011619,ACC_00130,ACC_00135,1149.43,2026-01-03T00:02:00
TXN_011620,ACC_00130,ACC_00136,1205.59,2026-01-17T22:25:00
TXN_011621,ACC_00135,ACC_00132,1124.07,2026-01-03T10:57:00
TXN_011622,ACC_00136,ACC_00132,4019.78,2026-01-19T05:05:00
TXN_011623,ACC_00132,ACC_00136,1789.95,2026-01-06T13:05:00
TXN_011624,ACC_00132,ACC_00135,4261.82,2026-01-06T19:37:00
TXN_011625,ACC_00132,ACC_00136,291.5,2026-01-30T01:02:00
TXN_011626,ACC_00131,ACC_00129,1063.12,2026-01-05T23:22:00
TXN_011627,ACC_00132,ACC_00135,1167.25,2026-01-21T23:52:00
TXN_011628,ACC_00136,ACC_00135,3426.97,2026-01-03T07:07:00
TXN_011629,ACC_00130,ACC_00129,222.26,2026-01-02T02:57:00
TXN_011630,ACC_00132,ACC_00129,3523.91,2026-01-23T08:29:00
TXN_011631,ACC_00131,ACC_00129,237.69,2026-01-12T04:39:00
TXN_011632,ACC_00129,ACC_00130,648.48,2026-01-15T20:15:00
TXN_011633,ACC_00130,ACC_00135,3034.34,2026-01-14T21:22:00
TXN_011634,ACC_00132,ACC_00131,636.28,2026-01-27T16:41:00
TXN_011635,ACC_00136,ACC_00131,1435.39,2026-01-08T09:52:00
TXN_011636,ACC_00136,ACC_00134,4477.51,2026-01-16T02:50:00
TXN_011637,ACC_00132,ACC_00134,392.15,2026-01-11T00:54:00
TXN_011638,ACC_00131,ACC_00136,1401.02,2026-01-21T19:20:00
TXN_011639,ACC_00132,ACC_00136,265.48,2026-01-08T17:50:00
TXN_011640,ACC_00135,ACC_00130,2009.38,2026-01-15T15:22:00
TXN_011641,ACC_00133,ACC_00136,4365.49,2026-01-07T14:57:00
TXN_011642,ACC_00130,ACC_00135,11228.93,2026-01-16T13:54:00
TXN_011643,ACC_00132,ACC_00133,1061.53,2026-01-20T00:50:00
TXN_011644,ACC_00129,ACC_00136,66.59,2026-01-05T16:18:00
TXN_011645,ACC_00135,ACC_00129,1306.79,2026-01-16T17:00:00
TXN_011646,ACC_00130,ACC_00133,1361.6,2026-01-24T18:13:00
TXN_011647,ACC_00130,ACC_00132,914.27,2026-01-09T13:13:00
TXN_011648,ACC_00135,ACC_00132,730.86,2026-01-11T00:04:00
TXN_011649,ACC_00129,ACC_00134,3406.36,2026-01-04T10:13:00
TXN_011650,ACC_00130,ACC_00133,679.43,2026-01-15T02:33:00
TXN_011651,ACC_00132,ACC_00131,12277.38,2026-01-25T21:57:00
TXN_011652,ACC_00129,ACC_00131,2895.39,2026-01-29T12:06:00
TXN_011653,ACC_00132,ACC_00131,81.17,2026-01-26T06:20:00
TXN_011654,ACC_00136,ACC_00130,448.48,2026-01-22T14:57:00
TXN_011655,ACC_00134,ACC_00130,1351.8,2026-01-11T06:42:00
TXN_011656,ACC_00131,ACC_00130,1262.45,2026-01-18T13:33:00
TXN_011657,ACC_00135,ACC_00132,656.38,2026-01-09T08:43:00
TXN_011658,ACC_00131,ACC_00132,102.4,2026-01-08T14:06:00
TXN_011659,ACC_00134,ACC_00129,779.41,2026-01-08T19:47:00
TXN_011660,ACC_00130,ACC_00132,5696.7,2026-01-13T16:43:00
TXN_011661,ACC_00131,ACC_00135,309.43,2026-01-16T23:00:00
TXN_011662,ACC_00133,ACC_00129,936.41,2026-01-07T13:31:00
TXN_011663,ACC_00131,ACC_00135,4834.61,2026-01-28T23:20:00
TXN_011664,ACC_00136,ACC_00134,122.38,2026-01-09T16:46:00
TXN_011665,ACC_00129,ACC_00130,1048.94,2026-01-24T22:38:00
TXN_011666,ACC_00135,ACC_00132,3055.06,2026-01-03T18:28:00
TXN_011667,ACC_00136,ACC_00131,1064.07,2026-01-18T10:57:00
TXN_011668,ACC_00134,ACC_00129,1100.89,2026-01-15T18:34:00
TXN_011669,ACC_00129,ACC_00130,699.4,2026-01-10T16:39:00
TXN_011670,ACC_00136,ACC_00135,330.24,2026-01-03T06:23:00
TXN_011671,ACC_00129,ACC_00135,178.51,2026-01-13T11:41:00
TXN_011672,ACC_00129,ACC_00130,1377.87,2026-01-17T05:43:00
TXN_011673,ACC_00132,ACC_00135,196.13,2026-01-28T02:02:00
TXN_011674,ACC_00132,ACC_00133,4637.01,2026-01-22T06:43:00
TXN_011675,ACC_00131,ACC_00134,1939.7,2026-01-23T06:59:00
TXN_011676,ACC_00134,ACC_00132,4037.14,2026-01-14T10:19:00
TXN_011677,ACC_00134,ACC_00130,4236.59,2026-01-24T01:32:00
TXN_011678,ACC_00134,ACC_00130,13733.22,2026-01-10T22:56:00
TXN_011679,ACC_00129,ACC_00135,932.02,2026-01-06T12:22:00
TXN_011680,ACC_00132,ACC_00134,1048.56,2026-01-29T17:49:00
TXN_011681,ACC_00134,ACC_00132,385.06,2026-01-10T00:20:00
TXN_011682,ACC_00135,ACC_00131,259.91,2026-01-14T10:48:00
TXN_011683,ACC_00135,ACC_00136,1443.56,2026-01-12T05:36:00
TXN_011684,ACC_00131,ACC_00133,14670.76,2026-01-09T20:06:00
TXN_011685,ACC_00132,ACC_00130,4335.12,2026-01-29T09:47:00
TXN_011686,ACC_00136,ACC_00132,4022.12,2026-01-16T03:19:00
TXN_011687,ACC_00133,ACC_00136,8829.71,2026-01-14T04:05:00
TXN_011688,ACC_00131,ACC_00129,1477.85,2026-01-16T23:54:00
TXN_011689,ACC_00132,ACC_00133,413.32,2026-01-28T14:45:00
TXN_011690,ACC_00136,ACC_00134,3875.97,2026-01-18T06:25:00
TXN_011691,ACC_00130,ACC_00132,594.63,2026-01-20T08:15:00
TXN_011692,ACC_00131,ACC_00134,566.11,2026-01-15T01:18:00
TXN_011693,ACC_00134,ACC_00132,246.22,2026-01-26T21:33:00
TXN_011694,ACC_00131,ACC_00132,3541.01,2026-01-03T04:17:00
TXN_011695,ACC_00131,ACC_00134,1124.69,2026-01-13T10:55:00
TXN_011696,ACC_00129,ACC_00132,3816.91,2026-01-06T04:14:00
TXN_011697,ACC_00133,ACC_00134,1358.69,2026-01-30T19:24:00
TXN_011698,ACC_00132,ACC_00130,136.53,2026-01-22T13:45:00
TXN_011699,ACC_00131,ACC_00134,543.87,2026-01-21T02:24:00
TXN_011700,ACC_00136,ACC_00133,1389.0,2026-01-05T12:39:00
TXN_011701,ACC_00143,ACC_00140,1356.48,2026-01-14T13:05:00
TXN_011702,ACC_00142,ACC_00143,1483.0,2026-01-09T00:40:00
TXN_011703,ACC_00144,ACC_00141,6011.45,2026-01-30T03:45:00
TXN_011704,ACC_00137,ACC_00140,115.29,2026-01-04T18:16:00
TXN_011705,ACC_00141,ACC_00137,178.92,2026-01-27T07:47:00
TXN_011706,ACC_00143,ACC_00142,1870.58,2026-01-16T10:24:00
TXN_011707,ACC_00141,ACC_00143,1178.65,2026-01-21T14:08:00
TXN_011708,ACC_00139,ACC_00142,800.35,2026-01-19T04:24:00
TXN_011709,ACC_00142,ACC_00141,4598.09,2026-01-03T14:03:00
TXN_011710,ACC_00143,ACC_00141,702.44,2026-01-17T13:13:00
TXN_011711,ACC_00142,ACC_00144,2742.17,2026-01-25T11:33:00
TXN_011712,ACC_00138,ACC_00142,956.46,2026-01-11T07:05:00
TXN_011713,ACC_00141,ACC_00140,1002.79,2026-01-16T07:10:00
TXN_011714,ACC_00141,ACC_00144,1271.02,2026-01-15T06:37:00
TXN_011715,ACC_00143,ACC_00139,1043.52,2026-01-01T15:20:00
TXN_011716,ACC_00141,ACC_00144,2364.54,2026-01-20T00:55:00
TXN_011717,ACC_00137,ACC_00141,477.1,2026-01-15T17:05:00
TXN_011718,ACC_00143,ACC_00141,991.44,2026-01-05T13:41:00
TXN_011719,ACC_00143,ACC_00137,1129.58,2026-01-05T02:56:00
TXN_011720,ACC_00143,ACC_00138,7275.37,2026-01-22T07:55:00
TXN_011721,ACC_00141,ACC_00144,1123.86,2026-01-19T13:58:00
TXN_011722,ACC_00142,ACC_00139,226.1,2026-01-16T16:48:00
TXN_011723,ACC_00137,ACC_00142,1259.56,2026-01-12T15:26:00
TXN_011724,ACC_00139,ACC_00141,880.89,2026-01-11T02:30:00
TXN_011725,ACC_00137,ACC_00138,245.2,2026-01-29T02:59:00
TXN_011726,ACC_00143,ACC_00138,199.47,2026-01-04T00:27:00
TXN_011727,ACC_00141,ACC_00142,3615.89,2026-01-26T06:29:00
TXN_011728,ACC_00144,ACC_00137,2342.39,2026-01-22T18:12:00
TXN_011729,ACC_00141,ACC_00143,1438.97,2026-01-15T02:56:00
TXN_011730,ACC_00142,ACC_00140,3137.78,2026-01-07T19:29:00
TXN_011731,ACC_00138,ACC_00139,2137.46,2026-01-09T11:39:00
TXN_011732,ACC_00139,ACC_00142,3156.01,2026-01-08T06:26:00
TXN_011733,ACC_00143,ACC_00142,1482.65,2026-01-25T11:18:00
TXN_011734,ACC_00141,ACC_00144,1347.63,2026-01-12T22:08:00
TXN_011735,ACC_00143,ACC_00142,353.97,2026-01-16T17:34:00
TXN_011736,ACC_00141,ACC_00144,2857.51,2026-01-08T10:55:00
TXN_011737,ACC_00139,ACC_00142,1364.23,2026-01-19T03:19:00
TXN_011738,ACC_00138,ACC_00144,4286.68,2026-01-01T22:39:00
TXN_011739,ACC_00139,ACC_00141,4155.83,2026-01-04T03:00:00
TXN_011740,ACC_00141,ACC_00140,488.39,2026-01-06T10:17:00
TXN_011741,ACC_00142,ACC_00143,993.0,2026-01-16T16:40:00
TXN_011742,ACC_00138,ACC_00142,1279.13,2026-01-23T18:45:00
TXN_011743,ACC_00138,ACC_00144,2669.62,2026-01-12T06:18:00
TXN_011744,ACC_00143,ACC_00144,864.3,2026-01-02T09:53:00
TXN_011745,ACC_00141,ACC_00138,789.48,2026-01-22T23:38:00
TXN_011746,ACC_00138,ACC_00141,1392.83,2026-01-20T08:49:00
TXN_011747,ACC_00139,ACC_00137,4513.77,2026-01-25T02:34:00
TXN_011748,ACC_00141,ACC_00143,963.58,2026-01-09T15:53:00
TXN_011749,ACC_00141,ACC_00143,126.92,2026-01-08T23:28:00
TXN_011750,ACC_00144,ACC_00143,3798.78,2026-01-26T03:32:00
TXN_011751,ACC_00141,ACC_00137,500.24,2026-01-27T18:37:00
TXN_011752,ACC_00141,ACC_00143,96.44,2026-01-17T17:14:00
TXN_011753,ACC_00138,ACC_00139,3236.78,2026-01-21T10:11:00
TXN_011754,ACC_00144,ACC_00140,234.58,2026-01-14T06:19:00
TXN_011755,ACC_00139,ACC_00144,3019.66,2026-01-28T05:08:00
TXN_011756,ACC_00141,ACC_00137,5930.86,2026-01-27T19:46:00
TXN_011757,ACC_00139,ACC_00141,5202.5,2026-01-24T19:20:00
TXN_011758,ACC_00138,ACC_00139,335.54,2026-01-17T22:05:00
TXN_011759,ACC_00143,ACC_00140,585.66,2026-01-11T03:22:00
TXN_011760,ACC_00141,ACC_00144,634.22,2026-01-08T00:32:00
TXN_011761,ACC_00142,ACC_00143,3417.72,2026-01-28T07:41:00
TXN_011762,ACC_00141,ACC_00144,861.29,2026-01-06T04:27:00
TXN_011763,ACC_00138,ACC_00144,11852.65,2026-01-29T14:38:00
TXN_011764,ACC_00137,ACC_00140,1310.99,2026-01-10T16:29:00
TXN_011765,ACC_00141,ACC_00139,2208.97,2026-01-03T07:57:00
TXN_011766,ACC_00140,ACC_00143,2165.42,2026-01-14T00:34:00
TXN_011767,ACC_00137,ACC_00138,431.32,2026-01-12T22:13:00
TXN_011768,ACC_00138,ACC_00141,494.3,2026-01-26T16:43:00
TXN_011769,ACC_00141,ACC_00142,1179.75,2026-01-16T02:10:00
TXN_011770,ACC_00139,ACC_00138,1329.17,2026-01-07T01:44:00
TXN_011771,ACC_00138,ACC_00140,1205.58,2026-01-22T05:26:00
TXN_011772,ACC_00139,ACC_00144,1859.33,2026-01-27T10:25:00
TXN_011773,ACC_00138,ACC_00141,4827.93,2026-01-08T09:26:00
TXN_011774,ACC_00143,ACC_00139,518.93,2026-01-14T21:42:00
TXN_011775,ACC_00140,ACC_00138,422.2,2026-01-07T03:05:00
TXN_011776,ACC_00141,ACC_00142,1864.14,2026-01-07T14:39:00
TXN_011777,ACC_00139,ACC_00142,1379.94,2026-01-17T18:23:00
TXN_011778,ACC_00141,ACC_00142,424.34,2026-01-05T18:48:00
TXN_011779,ACC_00139,ACC_00144,53.44,2026-01-27T13:51:00
TXN_011780,ACC_00137,ACC_00141,1825.46,2026-01-13T18:24:00
TXN_011781,ACC_00144,ACC_00141,2934.87,2026-01-03T03:22:00
TXN_011782,ACC_00142,ACC_00140,1633.88,2026-01-20T20:07:00
TXN_011783,ACC_00144,ACC_00143,473.03,2026-01-13T09:41:00
TXN_011784,ACC_00139,ACC_00144,9153.56,2026-01-24T04:35:00
TXN_011785,ACC_00139,ACC_00141,1323.34,2026-01-21T10:51:00
TXN_011786,ACC_00140,ACC_00138,1114.47,2026-01-05T23:17:00
TXN_011787,ACC_00143,ACC_00144,4426.35,2026-01-07T14:00:00
TXN_011788,ACC_00142,ACC_00138,263.7,2026-01-10T06:21:00
TXN_011789,ACC_00138,ACC_00142,2692.34,2026-01-11T05:36:00
TXN_011790,ACC_00142,ACC_00138,660.72,2026-01-10T19:29:00
TXN_011791,ACC_00143,ACC_00140,4427.44,2026-01-12T14:37:00
TXN_011792,ACC_00139,ACC_00143,4728.52,2026-01-16T04:50:00
TXN_011793,ACC_00140,ACC_00141,1061.11,2026-01-24T22:29:00
TXN_011794,ACC_00137,ACC_00140,309.14,2026-01-19T15:27:00
TXN_011795,ACC_00141,ACC_00139,397.57,2026-01-21T11:01:00
TXN_011796,ACC_00144,ACC_00138,202.43,2026-01-19T02:27:00
TXN_011797,ACC_00140,ACC_00138,708.6,2026-01-29T03:54:00
TXN_011798,ACC_00138,ACC_00137,683.22,2026-01-24T12:10:00
TXN_011799,ACC_00143,ACC_00139,133.65,2026-01-13T02:05:00
TXN_011800,ACC_00141,ACC_00140,4192.29,2026-01-11T04:23:00
TXN_011801,ACC_00152,ACC_00150,2039.15,2026-01-03T02:43:00
TXN_011802,ACC_00147,ACC_00152,2943.64,2026-01-08T14:09:00
TXN_011803,ACC_00146,ACC_00150,3862.2,2026-01-24T07:40:00
TXN_011804,ACC_00150,ACC_00152,920.44,2026-01-05T22:17:00
TXN_011805,ACC_00152,ACC_00146,871.86,2026-01-14T09:40:00
TXN_011806,ACC_00151,ACC_00149,1414.83,2026-01-06T20:03:00
TXN_011807,ACC_00151,ACC_00147,7037.98,2026-01-09T21:49:00
TXN_011808,ACC_00149,ACC_00145,1223.86,2026-01-17T16:48:00
TXN_011809,ACC_00148,ACC_00152,189.45,2026-01-02T03:06:00
TXN_011810,ACC_00149,ACC_00145,1286.24,2026-01-15T08:22:00
TXN_011811,ACC_00149,ACC_00148,12793.19,2026-01-25T19:46:00
TXN_011812,ACC_00151,ACC_00150,1088.04,2026-01-21T22:55:00
TXN_011813,ACC_00152,ACC_00149,4592.49,2026-01-02T02:33:00
TXN_011814,ACC_00148,ACC_00150,1291.23,2026-01-11T05:30:00
TXN_011815,ACC_00148,ACC_00145,116.76,2026-01-22T21:44:00
TXN_011816,ACC_00152,ACC_00148,14385.13,2026-01-27T08:42:00
TXN_011817,ACC_00150,ACC_00152,2223.71,2026-01-04T02:35:00
TXN_011818,ACC_00146,ACC_00151,764.52,2026-01-11T11:22:00
TXN_011819,ACC_00149,ACC_00145,1301.4,2026-01-12T04:35:00
TXN_011820,ACC_00145,ACC_00151,1157.48,2026-01-04T20:59:00
TXN_011821,ACC_00152,ACC_00147,1128.37,2026-01-25T14:32:00
TXN_011822,ACC_00150,ACC_00146,8458.15,2026-01-03T15:04:00
TXN_011823,ACC_00146,ACC_00149,347.05,2026-01-15T11:22:00
TXN_011824,ACC_00151,ACC_00146,218.4,2026-01-07T15:37:00
TXN_011825,ACC_00147,ACC_00145,1051.35,2026-01-05T16:27:00
TXN_011826,ACC_00150,ACC_00146,1262.74,2026-01-12T00:03:00
TXN_011827,ACC_00148,ACC_00152,1361.1,2026-01-20T20:32:00
TXN_011828,ACC_00149,ACC_00150,75.82,2026-01-09T04:36:00
TXN_011829,ACC_00149,ACC_00147,3068.41,2026-01-19T07:44:00
TXN_011830,ACC_00146,ACC_00150,2892.66,2026-01-20T19:30:00
TXN_011831,ACC_00146,ACC_00148,216.06,2026-01-03T19:40:00
TXN_011832,ACC_00150,ACC_00149,4227.93,2026-01-08T21:35:00
TXN_011833,ACC_00149,ACC_00151,1378.46,2026-01-27T20:34:00
TXN_011834,ACC_00148,ACC_00145,3696.1,2026-01-06T23:53:00
TXN_011835,ACC_00146,ACC_00152,1083.83,2026-01-06T03:21:00
TXN_011836,ACC_00150,ACC_00149,10092.9,2026-01-28T07:07:00
TXN_011837,ACC_00151,ACC_00149,3900.61,2026-01-19T19:24:00
TXN_011838,ACC_00151,ACC_00146,430.87,2026-01-05T07:19:00
TXN_011839,ACC_00149,ACC_00151,232.29,2026-01-25T23:01:00
TXN_011840,ACC_00150,ACC_00146,3300.03,2026-01-25T13:54:00
TXN_011841,ACC_00147,ACC_00145,762.03,2026-01-25T08:53:00
TXN_011842,ACC_00150,ACC_00147,1429.79,2026-01-20T03:35:00
TXN_011843,ACC_00149,ACC_00145,891.6,2026-01-09T01:24:00
TXN_011844,ACC_00147,ACC_00150,400.32,2026-01-01T22:27:00
TXN_011845,ACC_00146,ACC_00148,5980.32,2026-01-28T07:31:00
TXN_011846,ACC_00149,ACC_00150,3091.1,2026-01-17T02:38:00
TXN_011847,ACC_00151,ACC_00150,2270.13,2026-01-30T13:53:00
TXN_011848,ACC_00149,ACC_00146,2857.95,2026-01-01T04:07:00
TXN_011849,ACC_00152,ACC_00148,1626.7,2026-01-25T09:17:00
TXN_011850,ACC_00152,ACC_00145,3264.17,2026-01-20T22:10:00
TXN_011851,ACC_00152,ACC_00149,1110.79,2026-01-10T09:31:00
TXN_011852,ACC_00151,ACC_00146,454.58,2026-01-16T19:42:00
TXN_011853,ACC_00145,ACC_00147,2643.52,2026-01-25T15:39:00
TXN_011854,ACC_00150,ACC_00149,1417.59,2026-01-05T22:36:00
TXN_011855,ACC_00151,ACC_00149,204.06,2026-01-09T14:45:00
TXN_011856,ACC_00146,ACC_00152,299.32,2026-01-23T02:56:00
TXN_011857,ACC_00146,ACC_00147,445.91,2026-01-26T15:01:00
TXN_011858,ACC_00152,ACC_00145,434.26,2026-01-27T02:16:00
TXN_011859,ACC_00151,ACC_00145,2780.6,2026-01-28T17:40:00
TXN_011860,ACC_00149,ACC_00147,1444.78,2026-01-22T23:51:00
TXN_011861,ACC_00152,ACC_00148,979.3,2026-01-01T07:05:00
TXN_011862,ACC_00147,ACC_00145,777.69,2026-01-15T18:24:00
TXN_011863,ACC_00150,ACC_00145,3126.31,2026-01-29T16:59:00
TXN_011864,ACC_00151,ACC_00145,1095.43,2026-01-01T03:09:00
TXN_011865,ACC_00152,ACC_00145,2629.46,2026-01-26T13:17:00
TXN_011866,ACC_00149,ACC_00150,1993.13,2026-01-16T21:32:00
TXN_011867,ACC_00152,ACC_00150,2143.41,2026-01-25T20:05:00
TXN_011868,ACC_00146,ACC_00150,90.82,2026-01-07T00:29:00
TXN_011869,ACC_00149,ACC_00145,3665.58,2026-01-13T11:30:00
TXN_011870,ACC_00146,ACC_00148,1190.81,2026-01-07T22:56:00
TXN_011871,ACC_00149,ACC_00151,1329.99,2026-01-11T17:12:00
TXN_011872,ACC_00148,ACC_00147,1334.82,2026-01-26T01:41:00
TXN_011873,ACC_00150,ACC_00149,1201.84,2026-01-13T08:50:00
TXN_011874,ACC_00149,ACC_00151,907.96,2026-01-19T17:40:00
TXN_011875,ACC_00152,ACC_00150,220.15,2026-01-25T01:19:00
TXN_011876,ACC_00152,ACC_00150,329.03,2026-01-25T19:34:00
TXN_011877,ACC_00146,ACC_00150,13600.37,2026-01-04T11:35:00
TXN_011878,ACC_00152,ACC_00147,599.5,2026-01-16T06:19:00
TXN_011879,ACC_00147,ACC_00149,1304.36,2026-01-17T01:47:00
TXN_011880,ACC_00147,ACC_00148,7438.79,2026-01-14T20:46:00
TXN_011881,ACC_00152,ACC_00150,4012.87,2026-01-17T03:18:00
TXN_011882,ACC_00146,ACC_00151,754.24,2026-01-17T17:47:00
TXN_011883,ACC_00149,ACC_00147,13127.34,2026-01-19T13:43:00
TXN_011884,ACC_00148,ACC_00147,638.97,2026-01-03T09:41:00
TXN_011885,ACC_00149,ACC_00148,3624.46,2026-01-09T22:25:00
TXN_011886,ACC_00145,ACC_00149,1999.7,2026-01-13T16:43:00
TXN_011887,ACC_00150,ACC_00147,1692.25,2026-01-13T13:27:00
TXN_011888,ACC_00145,ACC_00148,1313.83,2026-01-17T05:46:00
TXN_011889,ACC_00152,ACC_00147,2260.99,2026-01-12T13:44:00
TXN_011890,ACC_00147,ACC_00152,1181.17,2026-01-21T22:18:00
TXN_011891,ACC_00152,ACC_00149,2706.61,2026-01-27T14:00:00
TXN_011892,ACC_00150,ACC_00148,956.6,2026-01-25T10:07:00
TXN_011893,ACC_00150,ACC_00147,3373.98,2026-01-30T07:36:00
TXN_011894,ACC_00150,ACC_00146,599.77,2026-01-06T15:22:00
TXN_011895,ACC_00145,ACC_00149,2054.17,2026-01-26T11:04:00
TXN_011896,ACC_00149,ACC_00145,692.74,2026-01-05T22:39:00
TXN_011897,ACC_00149,ACC_00145,263.01,2026-01-07T23:48:00
TXN_011898,ACC_00151,ACC_00152,2523.78,2026-01-19T03:29:00
TXN_011899,ACC_00152,ACC_00148,647.69,2026-01-21T21:50:00
TXN_011900,ACC_00152,ACC_00149,3822.37,2026-01-01T17:59:00
TXN_011901,ACC_00155,ACC_00156,8346.54,2026-01-01T06:54:00
TXN_011902,ACC_00160,ACC_00158,302.71,2026-01-02T04:48:00
TXN_011903,ACC_00156,ACC_00154,634.59,2026-01-14T06:41:00
TXN_011904,ACC_00158,ACC_00160,1469.15,2026-01-29T02:58:00
TXN_011905,ACC_00155,ACC_00160,2125.4,2026-01-28T23:42:00
TXN_011906,ACC_00155,ACC_00157,312.01,2026-01-25T15:01:00
TXN_011907,ACC_00155,ACC_00153,174.34,2026-01-15T00:53:00
TXN_011908,ACC_00160,ACC_00156,727.32,2026-01-03T21:39:00
TXN_011909,ACC_00155,ACC_00153,3658.93,2026-01-02T10:15:00
TXN_011910,ACC_00159,ACC_00155,626.91,2026-01-07T03:26:00
TXN_011911,ACC_00153,ACC_00157,1044.91,2026-01-30T13:21:00
TXN_011912,ACC_00156,ACC_00157,1293.08,2026-01-10T06:38:00
TXN_011913,ACC_00158,ACC_00160,6578.29,2026-01-23T21:39:00
TXN_011914,ACC_00156,ACC_00157,208.22,2026-01-10T12:49:00
TXN_011915,ACC_00159,ACC_00154,84.29,2026-01-19T02:27:00
TXN_011916,ACC_00154,ACC_00155,1162.18,2026-01-21T15:57:00
TXN_011917,ACC_00155,ACC_00157,1300.87,2026-01-09T06:57:00
TXN_011918,ACC_00153,ACC_00157,509.19,2026-01-07T22:32:00
TXN_011919,ACC_00157,ACC_00153,3762.3,2026-01-07T10:56:00
TXN_011920,ACC_00155,ACC_00154,1287.38,2026-01-20T07:59:00
TXN_011921,ACC_00155,ACC_00154,982.68,2026-01-27T08:08:00
TXN_011922,ACC_00155,ACC_00159,12846.32,2026-01-03T15:29:00
TXN_011923,ACC_00159,ACC_00160,542.45,2026-01-23T04:22:00
TXN_011924,ACC_00154,ACC_00155,3515.99,2026-01-02T19:26:00
TXN_011925,ACC_00153,ACC_00156,13781.54,2026-01-15T15:34:00
TXN_011926,ACC_00159,ACC_00160,2479.23,2026-01-22T09:42:00
TXN_011927,ACC_00158,ACC_00154,456.14,2026-01-25T12:24:00
TXN_011928,ACC_00157,ACC_00154,2585.68,2026-01-27T06:00:00
TXN_011929,ACC_00160,ACC_00154,893.92,2026-01-06T03:47:00
TXN_011930,ACC_00154,ACC_00160,1053.05,2026-01-21T09:29:00
TXN_011931,ACC_00153,ACC_00159,200.94,2026-01-18T05:20:00
TXN_011932,ACC_00156,ACC_00155,591.89,2026-01-21T19:01:00
TXN_011933,ACC_00154,ACC_00159,1163.57,2026-01-05T01:06:00
TXN_011934,ACC_00156,ACC_00154,3305.33,2026-01-09T15:41:00
TXN_011935,ACC_00159,ACC_00157,92.54,2026-01-13T16:16:00
TXN_011936,ACC_00154,ACC_00156,567.1,2026-01-28T02:49:00
TXN_011937,ACC_00159,ACC_00155,745.24,2026-01-15T17:58:00
TXN_011938,ACC_00159,ACC_00153,2586.85,2026-01-14T12:14:00
TXN_011939,ACC_00159,ACC_00157,929.85,2026-01-26T17:17:00
TXN_011940,ACC_00156,ACC_00154,279.35,2026-01-28T01:59:00
TXN_011941,ACC_00153,ACC_00156,216.67,2026-01-29T00:30:00
TXN_011942,ACC_00157,ACC_00159,8266.71,2026-01-28T06:02:00
TXN_011943,ACC_00160,ACC_00157,3214.13,2026-01-08T09:01:00
TXN_011944,ACC_00160,ACC_00156,277.92,2026-01-12T03:19:00
TXN_011945,ACC_00155,ACC_00153,160.51,2026-01-10T06:29:00
TXN_011946,ACC_00154,ACC_00159,1391.01,2026-01-17T18:04:00
TXN_011947,ACC_00153,ACC_00155,2317.56,2026-01-22T13:35:00
TXN_011948,ACC_00156,ACC_00153,10632.66,2026-01-25T23:25:00
TXN_011949,ACC_00154,ACC_00160,4812.8,2026-01-26T16:16:00
TXN_011950,ACC_00154,ACC_00160,970.71,2026-01-28T05:00:00
TXN_011951,ACC_00156,ACC_00158,59.27,2026-01-05T15:57:00
TXN_011952,ACC_00154,ACC_00158,400.17,2026-01-10T10:33:00
TXN_011953,ACC_00153,ACC_00154,339.77,2026-01-24T01:34:00
TXN_011954,ACC_00158,ACC_00153,5907.79,2026-01-11T20:34:00
TXN_011955,ACC_00153,ACC_00155,3794.75,2026-01-07T04:58:00
TXN_011956,ACC_00155,ACC_00157,4764.74,2026-01-30T00:41:00
TXN_011957,ACC_00159,ACC_00157,3946.87,2026-01-10T03:38:00
TXN_011958,ACC_00159,ACC_00156,371.01,2026-01-12T13:47:00
TXN_011959,ACC_00159,ACC_00154,1999.82,2026-01-29T19:46:00
TXN_011960,ACC_00155,ACC_00154,560.93,2026-01-23T17:17:00
TXN_011961,ACC_00153,ACC_00157,1928.25,2026-01-12T20:28:00
TXN_011962,ACC_00158,ACC_00160,558.93,2026-01-17T12:09:00
TXN_011963,ACC_00159,ACC_00153,1063.83,2026-01-13T23:29:00
TXN_011964,ACC_00154,ACC_00156,485.8,2026-01-11T12:03:00
TXN_011965,ACC_00154,ACC_00158,14984.31,2026-01-25T20:50:00
TXN_011966,ACC_00158,ACC_00159,208.84,2026-01-04T19:38:00
TXN_011967,ACC_00153,ACC_00156,2699.25,2026-01-27T15:20:00
TXN_011968,ACC_00153,ACC_00157,1195.89,2026-01-20T08:37:00
TXN_011969,ACC_00154,ACC_00158,1029.24,2026-01-04T06:04:00
TXN_011970,ACC_00154,ACC_00158,13369.74,2026-01-18T07:19:00
TXN_011971,ACC_00156,ACC_00158,1388.22,2026-01-27T11:41:00
TXN_011972,ACC_00156,ACC_00154,9216.79,2026-01-29T22:32:00
TXN_011973,ACC_00160,ACC_00159,6726.75,2026-01-21T13:07:00
TXN_011974,ACC_00157,ACC_00155,306.75,2026-01-06T08:31:00
TXN_011975,ACC_00153,ACC_00154,70.03,2026-01-23T19:39:00
TXN_011976,ACC_00153,ACC_00154,1395.16,2026-01-03T07:00:00
TXN_011977,ACC_00154,ACC_00155,3031.0,2026-01-01T00:40:00
TXN_011978,ACC_00155,ACC_00160,3019.46,2026-01-19T17:40:00
TXN_011979,ACC_00155,ACC_00154,2575.93,2026-01-20T07:21:00
TXN_011980,ACC_00156,ACC_00154,856.33,2026-01-18T20:33:00
TXN_011981,ACC_00158,ACC_00154,1257.0,2026-01-16T04:25:00
TXN_011982,ACC_00157,ACC_00159,111.44,2026-01-29T08:25:00
TXN_011983,ACC_00154,ACC_00153,1159.64,2026-01-06T16:43:00
TXN_011984,ACC_00153,ACC_00159,977.83,2026-01-26T17:18:00
TXN_011985,ACC_00158,ACC_00159,512.07,2026-01-21T12:29:00
TXN_011986,ACC_00160,ACC_00154,74.16,2026-01-18T22:46:00
TXN_011987,ACC_00157,ACC_00158,542.1,2026-01-18T10:42:00
TXN_011988,ACC_00156,ACC_00153,1363.63,2026-01-10T22:19:00
TXN_011989,ACC_00159,ACC_00154,1388.4,2026-01-08T17:48:00
TXN_011990,ACC_00158,ACC_00156,590.24,2026-01-09T05:26:00
TXN_011991,ACC_00155,ACC_00158,283.84,2026-01-23T01:55:00
TXN_011992,ACC_00159,ACC_00157,1345.46,2026-01-07T19:15:00
TXN_011993,ACC_00158,ACC_00157,770.8,2026-01-18T13:46:00
TXN_011994,ACC_00154,ACC_00158,68.3,2026-01-10T02:08:00
TXN_011995,ACC_00158,ACC_00155,229.77,2026-01-05T20:56:00
TXN_011996,ACC_00155,ACC_00154,879.33,2026-01-27T17:24:00
TXN_011997,ACC_00153,ACC_00156,824.07,2026-01-15T11:42:00
TXN_011998,ACC_00154,ACC_00158,13535.58,2026-01-09T01:32:00
TXN_011999,ACC_00157,ACC_00156,753.74,2026-01-22T11:47:00
TXN_012000,ACC_00160,ACC_00155,1432.58,2026-01-14T22:54:00
